node,ip,ssh_ok,sudo_n,hostname,machine_id,device_tree,model,arch,cpu_count,cpu_raw,os_raw,memory_raw,storage_raw,network_raw,link_raw,load_raw,thermal_raw,tools_raw,models_raw,log_evidence,kernel,uptime,raw_file,error
node01,192.168.50.42,True,0,labrador,11b02da9cc614528b947d24bad602e6d,"Caninos Labrador 7 (Base 2.1) 
caninos,k7

cat: /proc/device-tree/serial-number: No such file or directory

",Caninos Labrador 7 (Base 2.1),aarch64,4,"Linux labrador 6.1.76 #1 SMP Fri Feb 28 17:06:14 UTC 2025 aarch64 GNU/Linux
Architecture:                       aarch64
CPU op-mode(s):                     32-bit, 64-bit
Byte Order:                         Little Endian
CPU(s):                             4
On-line CPU(s) list:                0-3
Vendor ID:                          ARM
Model name:                         Cortex-A53
Model:                              4
Thread(s) per core:                 1
Core(s) per cluster:                4
Socket(s):                          -
Cluster(s):                         1
Stepping:                           r0p4
BogoMIPS:                           48.00
Flags:                              fp asimd evtstrm crc32 cpuid
Vulnerability Gather data sampling: Not affected
Vulnerability Itlb multihit:        Not affected
Vulnerability L1tf:                 Not affected
Vulnerability Mds:                  Not affected
Vulnerability Meltdown:             Not affected
Vulnerability Mmio stale data:      Not affected
Vulnerability Retbleed:             Not affected
Vulnerability Spec rstack overflow: Not affected
Vulnerability Spec store bypass:    Not affected
Vulnerability Spectre v1:           Mitigation; __user pointer sanitization
Vulnerability Spectre v2:           Not affected
Vulnerability Srbds:                Not affected
Vulnerability Tsx async abort:      Not affected
processor	: 0
BogoMIPS	: 48.00
Features	: fp asimd evtstrm crc32 cpuid
processor	: 1
BogoMIPS	: 48.00
Features	: fp asimd evtstrm crc32 cpuid
processor	: 2
BogoMIPS	: 48.00
Features	: fp asimd evtstrm crc32 cpuid
processor	: 3
BogoMIPS	: 48.00
Features	: fp asimd evtstrm crc32 cpuid
","PRETTY_NAME=""Debian GNU/Linux 12 (bookworm)""
NAME=""Debian GNU/Linux""
VERSION_ID=""12""
VERSION=""12 (bookworm)""
VERSION_CODENAME=bookworm
ID=debian
HOME_URL=""https://www.debian.org/""
SUPPORT_URL=""https://www.debian.org/support""
BUG_REPORT_URL=""https://bugs.debian.org/""
6.1.76
2026-10-01 11:22:08
 12:17:00 up 54 min,  1 user,  load average: 0.16, 0.20, 0.18
2026-10-01T15:17:00Z
","               total        used        free      shared  buff/cache   available
Mem:      2034073600   237989888  1641897984     3010560   235130880  1796083712
Swap:              0           0           0
bash: line 9: swapon: command not found
MemTotal:        1986400 kB
MemFree:         1602912 kB
MemAvailable:    1753484 kB
Buffers:           16116 kB
Cached:           185188 kB
SwapCached:            0 kB
Active:            64928 kB
Inactive:         193724 kB
Active(anon):       2832 kB
Inactive(anon):    57456 kB
Active(file):      62096 kB
Inactive(file):   136268 kB
Unevictable:           0 kB
Mlocked:               0 kB
SwapTotal:             0 kB
SwapFree:              0 kB
Zswap:                 0 kB
Zswapped:              0 kB
Dirty:                20 kB
Writeback:             0 kB
AnonPages:         53244 kB
Mapped:            49840 kB
Shmem:              2940 kB
KReclaimable:      28316 kB
Slab:              55200 kB
SReclaimable:      28316 kB
SUnreclaim:        26884 kB
KernelStack:        2272 kB
PageTables:         1724 kB
SecPageTables:         0 kB
","ALIGNMENT DISC-ALN DAX DISC-GRAN DISC-MAX DISC-ZERO FSAVAIL FSROOTS FSSIZE FSTYPE FSUSED FSUSE% FSVER GROUP HCTL HOTPLUG KNAME     LABEL LOG-SEC MAJ:MIN MIN-IO MODE       MODEL NAME        OPT-IO OWNER PARTFLAGS PARTLABEL PARTTYPE PARTTYPENAME PARTUUID                             PATH           PHY-SEC PKNAME  PTTYPE PTUUID                                RA RAND  REV RM RO ROTA RQ-SIZE SCHED       SERIAL      SIZE START STATE SUBSYSTEMS                  MOUNTPOINT MOUNTPOINTS TRAN TYPE UUID                                 VENDOR WSAME WWN ZONED ZONE-SZ ZONE-WGRAN ZONE-APP ZONE-NR ZONE-OMAX ZONE-AMAX
        0        0   0        0B       0B         0                                                   disk             0 nbd0                512  43:0      512 brw-rw----       nbd0             0 root                                                                                 /dev/nbd0          512                                                     128    0       0  0    0     256 mq-deadline               0B             block                                                   disk                                                0B     none       0B         0B       0B       0         0         0
        0        0   0        0B       0B         0                                                   disk             0 nbd1                512  43:32     512 brw-rw----       nbd1             0 root                                                                                 /dev/nbd1          512                                                     128    0       0  0    0     256 mq-deadline               0B             block                                                   disk                                                0B     none       0B         0B       0B       0         0         0
        0        0   0        0B       0B         0                                                   disk             0 nbd2                512  43:64     512 brw-rw----       nbd2             0 root                                                                                 /dev/nbd2          512                                                     128    0       0  0    0     256 mq-deadline               0B             block                                                   disk                                                0B     none       0B         0B       0B       0         0         0
        0        0   0        0B       0B         0                                                   disk             0 nbd3                512  43:96     512 brw-rw----       nbd3             0 root                                                                                 /dev/nbd3          512                                                     128    0       0  0    0     256 mq-deadline               0B             block                                                   disk                                                0B     none       0B         0B       0B       0         0         0
        0        0   0        0B       0B         0                                                   disk             0 nbd4                512  43:128    512 brw-rw----       nbd4             0 root                                                                                 /dev/nbd4          512                                                     128    0       0  0    0     256 mq-deadline               0B             block                                                   disk                                                0B     none       0B         0B       0B       0         0         0
        0        0   0        0B       0B         0                                                   disk             0 nbd5                512  43:160    512 brw-rw----       nbd5             0 root                                                                                 /dev/nbd5          512                                                     128    0       0  0    0     256 mq-deadline               0B             block                                                   disk                                                0B     none       0B         0B       0B       0         0         0
        0        0   0        0B       0B         0                                                   disk             0 nbd6                512  43:192    512 brw-rw----       nbd6             0 root                                                                                 /dev/nbd6          512                                                     128    0       0  0    0     256 mq-deadline               0B             block                                                   disk                                                0B     none       0B         0B       0B       0         0         0
        0        0   0        0B       0B         0                                                   disk             0 nbd7                512  43:224    512 brw-rw----       nbd7             0 root                                                                                 /dev/nbd7          512                                                     128    0       0  0    0     256 mq-deadline               0B             block                                                   disk                                                0B     none       0B         0B       0B       0         0         0
        0        0   0        4M    49.5M         0                                                   disk             1 mmcblk2             512 179:0      512 brw-rw----       mmcblk2          0 root                                                                                 /dev/mmcblk2       512         dos    b942f104                             128    0  0x8  0  0    0     128 mq-deadline 0xca6f0173 14.6G             block:mmc:mmc_host:platform                             disk                                                0B     none       0B         0B       0B       0         0         0
        0  3145728   0        4M    49.5M         0   11.8G /        14.2G ext4     1.7G    12% 1.0   disk             1 mmcblk2p1           512 179:1      512 brw-rw----       └─mmcblk2p1      0 root  0x80                0x83     Linux        b942f104-01                          /dev/mmcblk2p1     512 mmcblk2 dos    b942f104                             128    0       0  0    0     128 mq-deadline            14.6G  2048       block:mmc:mmc_host:platform /          /                part fea3459c-3dd0-445f-bddd-142fa7336701           0B     none       0B         0B       0B       0         0         0
        0        0   0        0B       0B         0                                                   disk             0 nullb0              512 253:0      512 brw-rw----       nullb0           0 root                                                                                 /dev/nullb0        512                                                     128    0       0  0    0      64 none                    250G             block                                                   disk                                                0B     none       0B         0B       0B       0         0         0
        0        0   0        0B       0B         0                                                   disk             0 nbd8                512  43:256    512 brw-rw----       nbd8             0 root                                                                                 /dev/nbd8          512                                                     128    0       0  0    0     256 mq-deadline               0B             block                                                   disk                                                0B     none       0B         0B       0B       0         0         0
        0        0   0        0B       0B         0                                                   disk             0 nbd9                512  43:288    512 brw-rw----       nbd9             0 root                                                                                 /dev/nbd9          512                                                     128    0       0  0    0     256 mq-deadline               0B             block                                                   disk                                                0B     none       0B         0B       0B       0         0         0
        0        0   0        0B       0B         0                                                   disk             0 nbd10               512  43:320    512 brw-rw----       nbd10            0 root                                                                                 /dev/nbd10         512                                                     128    0       0  0    0     256 mq-deadline               0B             block                                                   disk                                                0B     none       0B         0B       0B       0         0         0
        0        0   0        0B       0B         0                                                   disk             0 nbd11               512  43:352    512 brw-rw----       nbd11            0 root                                                                                 /dev/nbd11         512                                                     128    0       0  0    0     256 mq-deadline               0B             block                                                   disk                                                0B     none       0B         0B       0B       0         0         0
        0        0   0        0B       0B         0                                                   disk             0 nbd12               512  43:384    512 brw-rw----       nbd12            0 root                                                                                 /dev/nbd12         512                                                     128    0       0  0    0     256 mq-deadline               0B             block                                                   disk                                                0B     none       0B         0B       0B       0         0         0
        0        0   0        0B       0B         0                                                   disk             0 nbd13               512  43:416    512 brw-rw----       nbd13            0 root                                                                                 /dev/nbd13         512                                                     128    0       0  0    0     256 mq-deadline               0B             block                                                   disk                                                0B     none       0B         0B       0B       0         0         0
        0        0   0        0B       0B         0                                                   disk             0 nbd14               512  43:448    512 brw-rw----       nbd14            0 root                                                                                 /dev/nbd14         512                                                     128    0       0  0    0     256 mq-deadline               0B             block                                                   disk                                                0B     none       0B         0B       0B       0         0         0
        0        0   0        0B       0B         0                                                   disk             0 nbd15               512  43:480    512 brw-rw----       nbd15            0 root                                                                                 /dev/nbd15         512                                                     128    0       0  0    0     256 mq-deadline               0B             block                                                   disk                                                0B     none       0B         0B       0B       0         0         0
Filesystem     Type      Size  Used Avail Use% Mounted on
/dev/root      ext4       15G  1.8G   12G  13% /
devtmpfs       devtmpfs  712M     0  712M   0% /dev
tmpfs          tmpfs     970M     0  970M   0% /dev/shm
tmpfs          tmpfs     388M  2.9M  386M   1% /run
tmpfs          tmpfs     5.0M     0  5.0M   0% /run/lock
tmpfs          tmpfs     194M     0  194M   0% /run/user/1000
","[{""ifindex"":1,""ifname"":""lo"",""flags"":[""LOOPBACK"",""UP"",""LOWER_UP""],""mtu"":65536,""qdisc"":""noqueue"",""operstate"":""UNKNOWN"",""group"":""default"",""txqlen"":1000,""link_type"":""loopback"",""address"":""00:00:00:00:00:00"",""broadcast"":""00:00:00:00:00:00"",""addr_info"":[{""family"":""inet"",""local"":""127.0.0.1"",""prefixlen"":8,""scope"":""host"",""label"":""lo"",""valid_life_time"":4294967295,""preferred_life_time"":4294967295},{""family"":""inet6"",""local"":""::1"",""prefixlen"":128,""scope"":""host"",""noprefixroute"":true,""valid_life_time"":4294967295,""preferred_life_time"":4294967295}]},{""ifindex"":2,""link"":null,""ifname"":""tunl0"",""flags"":[""NOARP""],""mtu"":1480,""qdisc"":""noop"",""operstate"":""DOWN"",""group"":""default"",""txqlen"":1000,""link_type"":""ipip"",""address"":""0.0.0.0"",""broadcast"":""0.0.0.0"",""addr_info"":[]},{""ifindex"":3,""link"":null,""ifname"":""ip6tnl0"",""flags"":[""NOARP""],""mtu"":1452,""qdisc"":""noop"",""operstate"":""DOWN"",""group"":""default"",""txqlen"":1000,""link_type"":""tunnel6"",""address"":""::"",""broadcast"":""::"",""permaddr"":""7ab4:bd1a:b671::"",""addr_info"":[]},{""ifindex"":4,""ifname"":""wlan0"",""flags"":[""NO-CARRIER"",""BROADCAST"",""MULTICAST"",""UP""],""mtu"":1500,""qdisc"":""mq"",""operstate"":""DOWN"",""group"":""default"",""txqlen"":1000,""link_type"":""ether"",""address"":""14:6b:9c:7d:55:3a"",""broadcast"":""ff:ff:ff:ff:ff:ff"",""addr_info"":[]},{""ifindex"":5,""ifname"":""end0"",""flags"":[""BROADCAST"",""MULTICAST"",""UP"",""LOWER_UP""],""mtu"":1500,""qdisc"":""mq"",""operstate"":""UP"",""group"":""default"",""txqlen"":1000,""link_type"":""ether"",""address"":""ce:2f:4c:ca:69:87"",""broadcast"":""ff:ff:ff:ff:ff:ff"",""addr_info"":[{""family"":""inet"",""local"":""192.168.50.42"",""prefixlen"":24,""broadcast"":""192.168.50.255"",""scope"":""global"",""dynamic"":true,""noprefixroute"":true,""label"":""end0"",""valid_life_time"":4092,""preferred_life_time"":4092},{""family"":""inet6"",""local"":""fe80::40a3:581e:b18d:d419"",""prefixlen"":64,""scope"":""link"",""noprefixroute"":true,""valid_life_time"":4294967295,""preferred_life_time"":4294967295}]}]
[{""ifindex"":1,""ifname"":""lo"",""flags"":[""LOOPBACK"",""UP"",""LOWER_UP""],""mtu"":65536,""qdisc"":""noqueue"",""operstate"":""UNKNOWN"",""linkmode"":""DEFAULT"",""group"":""default"",""txqlen"":1000,""link_type"":""loopback"",""address"":""00:00:00:00:00:00"",""broadcast"":""00:00:00:00:00:00""},{""ifindex"":2,""link"":null,""ifname"":""tunl0"",""flags"":[""NOARP""],""mtu"":1480,""qdisc"":""noop"",""operstate"":""DOWN"",""linkmode"":""DEFAULT"",""group"":""default"",""txqlen"":1000,""link_type"":""ipip"",""address"":""0.0.0.0"",""broadcast"":""0.0.0.0""},{""ifindex"":3,""link"":null,""ifname"":""ip6tnl0"",""flags"":[""NOARP""],""mtu"":1452,""qdisc"":""noop"",""operstate"":""DOWN"",""linkmode"":""DEFAULT"",""group"":""default"",""txqlen"":1000,""link_type"":""tunnel6"",""address"":""::"",""broadcast"":""::"",""permaddr"":""7ab4:bd1a:b671::""},{""ifindex"":4,""ifname"":""wlan0"",""flags"":[""NO-CARRIER"",""BROADCAST"",""MULTICAST"",""UP""],""mtu"":1500,""qdisc"":""mq"",""operstate"":""DOWN"",""linkmode"":""DORMANT"",""group"":""default"",""txqlen"":1000,""link_type"":""ether"",""address"":""14:6b:9c:7d:55:3a"",""broadcast"":""ff:ff:ff:ff:ff:ff""},{""ifindex"":5,""ifname"":""end0"",""flags"":[""BROADCAST"",""MULTICAST"",""UP"",""LOWER_UP""],""mtu"":1500,""qdisc"":""mq"",""operstate"":""UP"",""linkmode"":""DEFAULT"",""group"":""default"",""txqlen"":1000,""link_type"":""ether"",""address"":""ce:2f:4c:ca:69:87"",""broadcast"":""ff:ff:ff:ff:ff:ff""}]
[{""dst"":""default"",""gateway"":""192.168.50.1"",""dev"":""end0"",""protocol"":""dhcp"",""prefsrc"":""192.168.50.42"",""metric"":100,""flags"":[]},{""dst"":""192.168.50.0/24"",""dev"":""end0"",""protocol"":""kernel"",""scope"":""link"",""prefsrc"":""192.168.50.42"",""metric"":100,""flags"":[]}]
/sys/class/net/end0/address=ce:2f:4c:ca:69:87
/sys/class/net/ip6tnl0/address=00:00:00:00:00:00:00:00:00:00:00:00:00:00:00:00
/sys/class/net/lo/address=00:00:00:00:00:00
/sys/class/net/tunl0/address=00:00:00:00
/sys/class/net/wlan0/address=14:6b:9c:7d:55:3a
","IF=end0
bash: line 13: ethtool: command not found
5: end0: <BROADCAST,MULTICAST,UP,LOWER_UP> mtu 1500 qdisc mq state UP mode DEFAULT group default qlen 1000
    link/ether ce:2f:4c:ca:69:87 brd ff:ff:ff:ff:ff:ff
    RX:  bytes packets errors dropped  missed   mcast           
        343569    3769      0       0       0       0 
    TX:  bytes packets errors dropped carrier collsns           
        290916    1992      0       0       0       0 
IF=ip6tnl0
bash: line 13: ethtool: command not found
3: ip6tnl0@NONE: <NOARP> mtu 1452 qdisc noop state DOWN mode DEFAULT group default qlen 1000
    link/tunnel6 :: brd :: permaddr 7ab4:bd1a:b671::
    RX:  bytes packets errors dropped  missed   mcast           
             0       0      0       0       0       0 
    TX:  bytes packets errors dropped carrier collsns           
             0       0      0       0       0       0 
IF=lo
bash: line 13: ethtool: command not found
1: lo: <LOOPBACK,UP,LOWER_UP> mtu 65536 qdisc noqueue state UNKNOWN mode DEFAULT group default qlen 1000
    link/loopback 00:00:00:00:00:00 brd 00:00:00:00:00:00
    RX:  bytes packets errors dropped  missed   mcast           
         38880     480      0       0       0       0 
    TX:  bytes packets errors dropped carrier collsns           
         38880     480      0       0       0       0 
IF=tunl0
bash: line 13: ethtool: command not found
2: tunl0@NONE: <NOARP> mtu 1480 qdisc noop state DOWN mode DEFAULT group default qlen 1000
    link/ipip 0.0.0.0 brd 0.0.0.0
    RX:  bytes packets errors dropped  missed   mcast           
             0       0      0       0       0       0 
    TX:  bytes packets errors dropped carrier collsns           
             0       0      0       0       0       0 
IF=wlan0
bash: line 13: ethtool: command not found
4: wlan0: <NO-CARRIER,BROADCAST,MULTICAST,UP> mtu 1500 qdisc mq state DOWN mode DORMANT group default qlen 1000
    link/ether 14:6b:9c:7d:55:3a brd ff:ff:ff:ff:ff:ff
    RX:  bytes packets errors dropped  missed   mcast           
          9314      50      0      57       0       0 
    TX:  bytes packets errors dropped carrier collsns           
          4378      26      0       0       0       0 
","0.16 0.20 0.18 1/138 7520
    PID COMMAND         %CPU %MEM     ELAPSED COMMAND
   7521 ps               300  0.1       00:00 ps -eo pid,comm,pcpu,pmem,etime,args --sort=-pcpu
   7475 systemd-hostnam 29.4  0.2       00:00 /lib/systemd/systemd-hostnamed
   7461 sshd             6.8  0.4       00:01 sshd: caninos [priv]
   7468 bash             6.5  0.1       00:01 bash -s
   7467 sshd             2.6  0.3       00:01 sshd: caninos@notty
     43 kworker/2:1-eve  0.9  0.0       54:53 [kworker/2:1-events]
      1 systemd          0.5  0.7       54:53 /sbin/init
    419 RTW_CMD_THREAD   0.2  0.0       54:39 [RTW_CMD_THREAD]
    360 NetworkManager   0.1  1.1       54:43 /usr/sbin/NetworkManager --no-daemon
    320 dbus-daemon      0.1  0.1       54:44 /usr/bin/dbus-daemon --system --address=systemd: --nofork --nopidfile --systemd-activation --syslog-only
   1439 verifica_rede_l  0.1  0.1       50:06 /bin/bash /usr/local/bin/verifica_rede_led.sh
     26 kworker/2:0-eve  0.0  0.0       54:53 [kworker/2:0-events]
    424 wpa_supplicant   0.0  0.5       54:39 /sbin/wpa_supplicant -u -s -O DIR=/run/wpa_supplicant GROUP=netdev
    472 systemd          0.0  0.5       54:31 /lib/systemd/systemd --user
    233 systemd-journal  0.0  0.7       54:46 /lib/systemd/systemd-journald
    370 ModemManager     0.0  0.6       54:42 /usr/sbin/ModemManager
    488 bash             0.0  0.2       54:29 -bash
     16 kworker/0:1-eve  0.0  0.0       54:53 [kworker/0:1-events]
    324 systemd-logind   0.0  0.3       54:44 /lib/systemd/systemd-logind
    338 ksdioirqd/mmc1   0.0  0.0       54:43 [ksdioirqd/mmc1]
    249 systemd-udevd    0.0  0.3       54:46 /lib/systemd/systemd-udevd
   5418 kworker/1:2-mm_  0.0  0.0       16:14 [kworker/1:2-mm_percpu_wq]
    262 systemd-timesyn  0.0  0.4       54:45 /lib/systemd/systemd-timesyncd
   7295 kworker/1:0-mm_  0.0  0.0       01:24 [kworker/1:0-mm_percpu_wq]
  UNIT                       LOAD   ACTIVE SUB     DESCRIPTION
  cron.service               loaded active running Regular background program processing daemon
  dbus.service               loaded active running D-Bus System Message Bus
  getty@tty1.service         loaded active running Getty on tty1
  led-udp.service            loaded active running LED UDP Control Service
  ModemManager.service       loaded active running Modem Manager
  NetworkManager.service     loaded active running Network Manager
  polkit.service             loaded active running Authorization Manager
  rsyslog.service            loaded active running System Logging Service
  serial-getty@ttyS3.service loaded active running Serial Getty on ttyS3
  ssh.service                loaded active running OpenBSD Secure Shell server
  systemd-hostnamed.service  loaded active running Hostname Service
  systemd-journald.service   loaded active running Journal Service
  systemd-logind.service     loaded active running User Login Management
  systemd-timesyncd.service  loaded active running Network Time Synchronization
  systemd-udevd.service      loaded active running Rule-based Manager for Device Events and Files
  user@1000.service          loaded active running User Manager for UID 1000
  verifica-rede-led.service  loaded active running Verifica rede end0 e controla LEDs da Labrador
  wifi_bt_start.service      loaded active running LSB: Bluetooth Start
  wpa_supplicant.service     loaded active running WPA supplicant

LOAD   = Reflects whether the unit definition was properly loaded.
ACTIVE = The high-level unit activation state, i.e. generalization of SUB.
SUB    = The low-level unit activation state, values depend on unit type.
19 loaded units listed.
","/sys/class/thermal/thermal_zone0/type=cpu-temp
/sys/class/thermal/thermal_zone1/type=gpu-temp
/sys/class/thermal/thermal_zone2/type=corelogic-temp
/sys/class/thermal/thermal_zone0/temp=65384
/sys/class/thermal/thermal_zone1/temp=89073
/sys/class/thermal/thermal_zone2/temp=65520
/sys/class/hwmon/hwmon0/name=cpu_temp
/sys/class/hwmon/hwmon1/name=gpu_temp
/sys/class/hwmon/hwmon2/name=corelogic_temp
/sys/class/hwmon/hwmon0/temp1_input=65384
/sys/class/hwmon/hwmon1/temp1_input=89073
/sys/class/hwmon/hwmon2/temp1_input=65520
","CMD=gcc PATH=bash: line 14: gcc: command not found
CMD=g++ PATH=bash: line 14: g++: command not found
CMD=clang PATH=bash: line 14: clang: command not found
CMD=make PATH=/usr/bin/make
GNU Make 4.3
Built for aarch64-unknown-linux-gnu
CMD=cmake PATH=bash: line 14: cmake: command not found
CMD=python3 PATH=/usr/bin/python3
Python 3.11.2
CMD=python PATH=bash: line 14: python: command not found
CMD=git PATH=bash: line 14: git: command not found
CMD=pip3 PATH=bash: line 14: pip3: command not found
CMD=llama-cli PATH=bash: line 14: llama-cli: command not found
CMD=llama-server PATH=bash: line 14: llama-server: command not found
CMD=ollama PATH=bash: line 14: ollama: command not found
CMD=vllm PATH=bash: line 14: vllm: command not found
CMD=torchrun PATH=bash: line 14: torchrun: command not found
CMD=mpirun PATH=bash: line 14: mpirun: command not found
CMD=iperf3 PATH=bash: line 14: iperf3: command not found
",,"[Thu Oct  1 11:22:08 2026] caninos-tmu e01b00f0.thermal: probe finished
[Thu Oct  1 11:22:08 2026] caninos-mmc e0210000.mmc: probe finished
[Thu Oct  1 11:22:08 2026] caninos-mmc e0214000.mmc: probe finished
[Thu Oct  1 11:22:08 2026] mmc1: new high speed SDIO card at address 0001
[Thu Oct  1 11:22:08 2026] caninos-mmc e0218000.mmc: probe finished
[Thu Oct  1 11:22:08 2026] mmc2: new high speed MMC card at address 0001
[Thu Oct  1 11:22:08 2026] mmcblk2: mmc2:0001 QE63MB 14.6 GiB 
[Thu Oct  1 11:22:08 2026]  mmcblk2: p1
[Thu Oct  1 11:22:10 2026] EXT4-fs (mmcblk2p1): recovery complete
[Thu Oct  1 11:22:10 2026] EXT4-fs (mmcblk2p1): mounted filesystem with ordered data mode. Quota mode: none.
[Thu Oct  1 11:22:10 2026] VFS: Mounted root (ext4 filesystem) on device 179:1.
[Thu Oct  1 11:22:18 2026] rtl8723bs mmc1:0001:1: firmware: direct-loading firmware rtlwifi/rtl8723bs_nic.bin
[Thu Oct  1 11:22:20 2026] caninos-dwmac e0220000.ethernet end0: Link is Up - 100Mbps/Full - flow control off
[Thu Oct  1 11:22:20 2026] caninos-dwmac e0220000.ethernet end0: Link is Down
[Thu Oct  1 11:22:24 2026] caninos-dwmac e0220000.ethernet end0: Link is Up - 100Mbps/Full - flow control off
[Thu Oct  1 11:23:02 2026] caninos-dwmac e0220000.ethernet end0: Link is Down
[Thu Oct  1 11:23:05 2026] caninos-dwmac e0220000.ethernet end0: Link is Up - 100Mbps/Full - flow control off
[Thu Oct  1 11:24:30 2026] caninos-dwmac e0220000.ethernet end0: Link is Down
[Thu Oct  1 11:24:33 2026] caninos-dwmac e0220000.ethernet end0: Link is Up - 100Mbps/Full - flow control off
[Thu Oct  1 11:24:40 2026] caninos-dwmac e0220000.ethernet end0: Link is Down
[Thu Oct  1 11:24:43 2026] caninos-dwmac e0220000.ethernet end0: Link is Up - 100Mbps/Full - flow control off
",,,data/runs/20261001T151649Z/hosts/192.168.50.42/raw.txt,
node02,192.168.50.118,True,0,labrador,11b02da9cc614528b947d24bad602e6d,"Caninos Labrador 7 (Base 2.1) 
caninos,k7

cat: /proc/device-tree/serial-number: No such file or directory

",Caninos Labrador 7 (Base 2.1),aarch64,4,"Linux labrador 6.1.76 #1 SMP Fri Feb 28 17:06:14 UTC 2025 aarch64 GNU/Linux
Architecture:                       aarch64
CPU op-mode(s):                     32-bit, 64-bit
Byte Order:                         Little Endian
CPU(s):                             4
On-line CPU(s) list:                0-3
Vendor ID:                          ARM
Model name:                         Cortex-A53
Model:                              4
Thread(s) per core:                 1
Core(s) per cluster:                4
Socket(s):                          -
Cluster(s):                         1
Stepping:                           r0p4
BogoMIPS:                           48.00
Flags:                              fp asimd evtstrm crc32 cpuid
Vulnerability Gather data sampling: Not affected
Vulnerability Itlb multihit:        Not affected
Vulnerability L1tf:                 Not affected
Vulnerability Mds:                  Not affected
Vulnerability Meltdown:             Not affected
Vulnerability Mmio stale data:      Not affected
Vulnerability Retbleed:             Not affected
Vulnerability Spec rstack overflow: Not affected
Vulnerability Spec store bypass:    Not affected
Vulnerability Spectre v1:           Mitigation; __user pointer sanitization
Vulnerability Spectre v2:           Not affected
Vulnerability Srbds:                Not affected
Vulnerability Tsx async abort:      Not affected
processor	: 0
BogoMIPS	: 48.00
Features	: fp asimd evtstrm crc32 cpuid
processor	: 1
BogoMIPS	: 48.00
Features	: fp asimd evtstrm crc32 cpuid
processor	: 2
BogoMIPS	: 48.00
Features	: fp asimd evtstrm crc32 cpuid
processor	: 3
BogoMIPS	: 48.00
Features	: fp asimd evtstrm crc32 cpuid
","PRETTY_NAME=""Debian GNU/Linux 12 (bookworm)""
NAME=""Debian GNU/Linux""
VERSION_ID=""12""
VERSION=""12 (bookworm)""
VERSION_CODENAME=bookworm
ID=debian
HOME_URL=""https://www.debian.org/""
SUPPORT_URL=""https://www.debian.org/support""
BUG_REPORT_URL=""https://bugs.debian.org/""
6.1.76
2026-09-26 12:09:55
 12:17:00 up 5 days, 7 min,  1 user,  load average: 0.21, 0.20, 0.18
2026-10-01T15:17:00Z
","               total        used        free      shared  buff/cache   available
Mem:      2034073600   234516480  1540395008     3014656   341188608  1799557120
Swap:              0           0           0
bash: line 9: swapon: command not found
MemTotal:        1986400 kB
MemFree:         1504040 kB
MemAvailable:    1757128 kB
Buffers:           65348 kB
Cached:           237424 kB
SwapCached:            0 kB
Active:           165228 kB
Inactive:         188112 kB
Active(anon):       2824 kB
Inactive(anon):    50688 kB
Active(file):     162404 kB
Inactive(file):   137424 kB
Unevictable:           0 kB
Mlocked:               0 kB
SwapTotal:             0 kB
SwapFree:              0 kB
Zswap:                 0 kB
Zswapped:              0 kB
Dirty:               320 kB
Writeback:             0 kB
AnonPages:         50616 kB
Mapped:            52892 kB
Shmem:              2944 kB
KReclaimable:      30420 kB
Slab:              58680 kB
SReclaimable:      30420 kB
SUnreclaim:        28260 kB
KernelStack:        2288 kB
PageTables:         1776 kB
SecPageTables:         0 kB
","ALIGNMENT DISC-ALN DAX DISC-GRAN DISC-MAX DISC-ZERO FSAVAIL FSROOTS FSSIZE FSTYPE FSUSED FSUSE% FSVER GROUP HCTL HOTPLUG KNAME     LABEL LOG-SEC MAJ:MIN MIN-IO MODE       MODEL NAME        OPT-IO OWNER PARTFLAGS PARTLABEL PARTTYPE PARTTYPENAME PARTUUID                             PATH           PHY-SEC PKNAME  PTTYPE PTUUID                                RA RAND  REV RM RO ROTA RQ-SIZE SCHED       SERIAL      SIZE START STATE SUBSYSTEMS                  MOUNTPOINT MOUNTPOINTS TRAN TYPE UUID                                 VENDOR WSAME WWN ZONED ZONE-SZ ZONE-WGRAN ZONE-APP ZONE-NR ZONE-OMAX ZONE-AMAX
        0        0   0        0B       0B         0                                                   disk             0 nbd0                512  43:0      512 brw-rw----       nbd0             0 root                                                                                 /dev/nbd0          512                                                     128    0       0  0    0     256 mq-deadline               0B             block                                                   disk                                                0B     none       0B         0B       0B       0         0         0
        0        0   0        0B       0B         0                                                   disk             0 nbd1                512  43:32     512 brw-rw----       nbd1             0 root                                                                                 /dev/nbd1          512                                                     128    0       0  0    0     256 mq-deadline               0B             block                                                   disk                                                0B     none       0B         0B       0B       0         0         0
        0        0   0        0B       0B         0                                                   disk             0 nbd2                512  43:64     512 brw-rw----       nbd2             0 root                                                                                 /dev/nbd2          512                                                     128    0       0  0    0     256 mq-deadline               0B             block                                                   disk                                                0B     none       0B         0B       0B       0         0         0
        0        0   0        0B       0B         0                                                   disk             0 nbd3                512  43:96     512 brw-rw----       nbd3             0 root                                                                                 /dev/nbd3          512                                                     128    0       0  0    0     256 mq-deadline               0B             block                                                   disk                                                0B     none       0B         0B       0B       0         0         0
        0        0   0        0B       0B         0                                                   disk             0 nbd4                512  43:128    512 brw-rw----       nbd4             0 root                                                                                 /dev/nbd4          512                                                     128    0       0  0    0     256 mq-deadline               0B             block                                                   disk                                                0B     none       0B         0B       0B       0         0         0
        0        0   0        0B       0B         0                                                   disk             0 nbd5                512  43:160    512 brw-rw----       nbd5             0 root                                                                                 /dev/nbd5          512                                                     128    0       0  0    0     256 mq-deadline               0B             block                                                   disk                                                0B     none       0B         0B       0B       0         0         0
        0        0   0        0B       0B         0                                                   disk             0 nbd6                512  43:192    512 brw-rw----       nbd6             0 root                                                                                 /dev/nbd6          512                                                     128    0       0  0    0     256 mq-deadline               0B             block                                                   disk                                                0B     none       0B         0B       0B       0         0         0
        0        0   0        0B       0B         0                                                   disk             0 nbd7                512  43:224    512 brw-rw----       nbd7             0 root                                                                                 /dev/nbd7          512                                                     128    0       0  0    0     256 mq-deadline               0B             block                                                   disk                                                0B     none       0B         0B       0B       0         0         0
        0        0   0        4M    49.5M         0                                                   disk             1 mmcblk2             512 179:0      512 brw-rw----       mmcblk2          0 root                                                                                 /dev/mmcblk2       512         dos    a6a5d047                             128    0  0x8  0  0    0     128 mq-deadline 0xcb200023 14.6G             block:mmc:mmc_host:platform                             disk                                                0B     none       0B         0B       0B       0         0         0
        0  3145728   0        4M    49.5M         0   11.8G /        14.2G ext4     1.7G    12% 1.0   disk             1 mmcblk2p1           512 179:1      512 brw-rw----       └─mmcblk2p1      0 root  0x80                0x83     Linux        a6a5d047-01                          /dev/mmcblk2p1     512 mmcblk2 dos    a6a5d047                             128    0       0  0    0     128 mq-deadline            14.6G  2048       block:mmc:mmc_host:platform /          /                part 29852e46-346f-4e7b-b1b8-83587b74afa3           0B     none       0B         0B       0B       0         0         0
        0        0   0        0B       0B         0                                                   disk             0 nullb0              512 253:0      512 brw-rw----       nullb0           0 root                                                                                 /dev/nullb0        512                                                     128    0       0  0    0      64 none                    250G             block                                                   disk                                                0B     none       0B         0B       0B       0         0         0
        0        0   0        0B       0B         0                                                   disk             0 nbd8                512  43:256    512 brw-rw----       nbd8             0 root                                                                                 /dev/nbd8          512                                                     128    0       0  0    0     256 mq-deadline               0B             block                                                   disk                                                0B     none       0B         0B       0B       0         0         0
        0        0   0        0B       0B         0                                                   disk             0 nbd9                512  43:288    512 brw-rw----       nbd9             0 root                                                                                 /dev/nbd9          512                                                     128    0       0  0    0     256 mq-deadline               0B             block                                                   disk                                                0B     none       0B         0B       0B       0         0         0
        0        0   0        0B       0B         0                                                   disk             0 nbd10               512  43:320    512 brw-rw----       nbd10            0 root                                                                                 /dev/nbd10         512                                                     128    0       0  0    0     256 mq-deadline               0B             block                                                   disk                                                0B     none       0B         0B       0B       0         0         0
        0        0   0        0B       0B         0                                                   disk             0 nbd11               512  43:352    512 brw-rw----       nbd11            0 root                                                                                 /dev/nbd11         512                                                     128    0       0  0    0     256 mq-deadline               0B             block                                                   disk                                                0B     none       0B         0B       0B       0         0         0
        0        0   0        0B       0B         0                                                   disk             0 nbd12               512  43:384    512 brw-rw----       nbd12            0 root                                                                                 /dev/nbd12         512                                                     128    0       0  0    0     256 mq-deadline               0B             block                                                   disk                                                0B     none       0B         0B       0B       0         0         0
        0        0   0        0B       0B         0                                                   disk             0 nbd13               512  43:416    512 brw-rw----       nbd13            0 root                                                                                 /dev/nbd13         512                                                     128    0       0  0    0     256 mq-deadline               0B             block                                                   disk                                                0B     none       0B         0B       0B       0         0         0
        0        0   0        0B       0B         0                                                   disk             0 nbd14               512  43:448    512 brw-rw----       nbd14            0 root                                                                                 /dev/nbd14         512                                                     128    0       0  0    0     256 mq-deadline               0B             block                                                   disk                                                0B     none       0B         0B       0B       0         0         0
        0        0   0        0B       0B         0                                                   disk             0 nbd15               512  43:480    512 brw-rw----       nbd15            0 root                                                                                 /dev/nbd15         512                                                     128    0       0  0    0     256 mq-deadline               0B             block                                                   disk                                                0B     none       0B         0B       0B       0         0         0
Filesystem     Type      Size  Used Avail Use% Mounted on
/dev/root      ext4       15G  1.7G   12G  13% /
devtmpfs       devtmpfs  712M     0  712M   0% /dev
tmpfs          tmpfs     970M     0  970M   0% /dev/shm
tmpfs          tmpfs     388M  2.9M  386M   1% /run
tmpfs          tmpfs     5.0M     0  5.0M   0% /run/lock
tmpfs          tmpfs     194M     0  194M   0% /run/user/1000
","[{""ifindex"":1,""ifname"":""lo"",""flags"":[""LOOPBACK"",""UP"",""LOWER_UP""],""mtu"":65536,""qdisc"":""noqueue"",""operstate"":""UNKNOWN"",""group"":""default"",""txqlen"":1000,""link_type"":""loopback"",""address"":""00:00:00:00:00:00"",""broadcast"":""00:00:00:00:00:00"",""addr_info"":[{""family"":""inet"",""local"":""127.0.0.1"",""prefixlen"":8,""scope"":""host"",""label"":""lo"",""valid_life_time"":4294967295,""preferred_life_time"":4294967295},{""family"":""inet6"",""local"":""::1"",""prefixlen"":128,""scope"":""host"",""noprefixroute"":true,""valid_life_time"":4294967295,""preferred_life_time"":4294967295}]},{""ifindex"":2,""link"":null,""ifname"":""tunl0"",""flags"":[""NOARP""],""mtu"":1480,""qdisc"":""noop"",""operstate"":""DOWN"",""group"":""default"",""txqlen"":1000,""link_type"":""ipip"",""address"":""0.0.0.0"",""broadcast"":""0.0.0.0"",""addr_info"":[]},{""ifindex"":3,""link"":null,""ifname"":""ip6tnl0"",""flags"":[""NOARP""],""mtu"":1452,""qdisc"":""noop"",""operstate"":""DOWN"",""group"":""default"",""txqlen"":1000,""link_type"":""tunnel6"",""address"":""::"",""broadcast"":""::"",""permaddr"":""2277:ffac:1ddf::"",""addr_info"":[]},{""ifindex"":4,""ifname"":""wlan0"",""flags"":[""NO-CARRIER"",""BROADCAST"",""MULTICAST"",""UP""],""mtu"":1500,""qdisc"":""mq"",""operstate"":""DOWN"",""group"":""default"",""txqlen"":1000,""link_type"":""ether"",""address"":""54:e4:bd:50:e3:ff"",""broadcast"":""ff:ff:ff:ff:ff:ff"",""addr_info"":[]},{""ifindex"":5,""ifname"":""end0"",""flags"":[""BROADCAST"",""MULTICAST"",""UP"",""LOWER_UP""],""mtu"":1500,""qdisc"":""mq"",""operstate"":""UP"",""group"":""default"",""txqlen"":1000,""link_type"":""ether"",""address"":""06:d2:46:63:4b:0b"",""broadcast"":""ff:ff:ff:ff:ff:ff"",""addr_info"":[{""family"":""inet"",""local"":""192.168.50.118"",""prefixlen"":24,""broadcast"":""192.168.50.255"",""scope"":""global"",""dynamic"":true,""noprefixroute"":true,""label"":""end0"",""valid_life_time"":7174,""preferred_life_time"":7174},{""family"":""inet6"",""local"":""fe80::4f5e:7336:5619:c732"",""prefixlen"":64,""scope"":""link"",""noprefixroute"":true,""valid_life_time"":4294967295,""preferred_life_time"":4294967295}]}]
[{""ifindex"":1,""ifname"":""lo"",""flags"":[""LOOPBACK"",""UP"",""LOWER_UP""],""mtu"":65536,""qdisc"":""noqueue"",""operstate"":""UNKNOWN"",""linkmode"":""DEFAULT"",""group"":""default"",""txqlen"":1000,""link_type"":""loopback"",""address"":""00:00:00:00:00:00"",""broadcast"":""00:00:00:00:00:00""},{""ifindex"":2,""link"":null,""ifname"":""tunl0"",""flags"":[""NOARP""],""mtu"":1480,""qdisc"":""noop"",""operstate"":""DOWN"",""linkmode"":""DEFAULT"",""group"":""default"",""txqlen"":1000,""link_type"":""ipip"",""address"":""0.0.0.0"",""broadcast"":""0.0.0.0""},{""ifindex"":3,""link"":null,""ifname"":""ip6tnl0"",""flags"":[""NOARP""],""mtu"":1452,""qdisc"":""noop"",""operstate"":""DOWN"",""linkmode"":""DEFAULT"",""group"":""default"",""txqlen"":1000,""link_type"":""tunnel6"",""address"":""::"",""broadcast"":""::"",""permaddr"":""2277:ffac:1ddf::""},{""ifindex"":4,""ifname"":""wlan0"",""flags"":[""NO-CARRIER"",""BROADCAST"",""MULTICAST"",""UP""],""mtu"":1500,""qdisc"":""mq"",""operstate"":""DOWN"",""linkmode"":""DORMANT"",""group"":""default"",""txqlen"":1000,""link_type"":""ether"",""address"":""54:e4:bd:50:e3:ff"",""broadcast"":""ff:ff:ff:ff:ff:ff""},{""ifindex"":5,""ifname"":""end0"",""flags"":[""BROADCAST"",""MULTICAST"",""UP"",""LOWER_UP""],""mtu"":1500,""qdisc"":""mq"",""operstate"":""UP"",""linkmode"":""DEFAULT"",""group"":""default"",""txqlen"":1000,""link_type"":""ether"",""address"":""06:d2:46:63:4b:0b"",""broadcast"":""ff:ff:ff:ff:ff:ff""}]
[{""dst"":""default"",""gateway"":""192.168.50.1"",""dev"":""end0"",""protocol"":""dhcp"",""prefsrc"":""192.168.50.118"",""metric"":100,""flags"":[]},{""dst"":""192.168.50.0/24"",""dev"":""end0"",""protocol"":""kernel"",""scope"":""link"",""prefsrc"":""192.168.50.118"",""metric"":100,""flags"":[]}]
/sys/class/net/end0/address=06:d2:46:63:4b:0b
/sys/class/net/ip6tnl0/address=00:00:00:00:00:00:00:00:00:00:00:00:00:00:00:00
/sys/class/net/lo/address=00:00:00:00:00:00
/sys/class/net/tunl0/address=00:00:00:00
/sys/class/net/wlan0/address=54:e4:bd:50:e3:ff
","IF=end0
bash: line 13: ethtool: command not found
5: end0: <BROADCAST,MULTICAST,UP,LOWER_UP> mtu 1500 qdisc mq state UP mode DEFAULT group default qlen 1000
    link/ether 06:d2:46:63:4b:0b brd ff:ff:ff:ff:ff:ff
    RX:  bytes packets errors dropped  missed   mcast           
      24847865  105087      0       0       0       0 
    TX:  bytes packets errors dropped carrier collsns           
        378170    2908      0       0       0       0 
IF=ip6tnl0
bash: line 13: ethtool: command not found
3: ip6tnl0@NONE: <NOARP> mtu 1452 qdisc noop state DOWN mode DEFAULT group default qlen 1000
    link/tunnel6 :: brd :: permaddr 2277:ffac:1ddf::
    RX:  bytes packets errors dropped  missed   mcast           
             0       0      0       0       0       0 
    TX:  bytes packets errors dropped carrier collsns           
             0       0      0       0       0       0 
IF=lo
bash: line 13: ethtool: command not found
1: lo: <LOOPBACK,UP,LOWER_UP> mtu 65536 qdisc noqueue state UNKNOWN mode DEFAULT group default qlen 1000
    link/loopback 00:00:00:00:00:00 brd 00:00:00:00:00:00
    RX:  bytes packets errors dropped  missed   mcast           
             0       0      0       0       0       0 
    TX:  bytes packets errors dropped carrier collsns           
             0       0      0       0       0       0 
IF=tunl0
bash: line 13: ethtool: command not found
2: tunl0@NONE: <NOARP> mtu 1480 qdisc noop state DOWN mode DEFAULT group default qlen 1000
    link/ipip 0.0.0.0 brd 0.0.0.0
    RX:  bytes packets errors dropped  missed   mcast           
             0       0      0       0       0       0 
    TX:  bytes packets errors dropped carrier collsns           
             0       0      0       0       0       0 
IF=wlan0
bash: line 13: ethtool: command not found
4: wlan0: <NO-CARRIER,BROADCAST,MULTICAST,UP> mtu 1500 qdisc mq state DOWN mode DORMANT group default qlen 1000
    link/ether 54:e4:bd:50:e3:ff brd ff:ff:ff:ff:ff:ff
    RX:  bytes packets errors dropped  missed   mcast           
             0       0      0       0       0       0 
    TX:  bytes packets errors dropped carrier collsns           
             0       0      0       0       0       0 
","0.21 0.20 0.18 1/138 20113
    PID COMMAND         %CPU %MEM     ELAPSED COMMAND
  20114 ps               100  0.1       00:00 ps -eo pid,comm,pcpu,pmem,etime,args --sort=-pcpu
  20069 systemd-hostnam 32.2  0.2       00:00 /lib/systemd/systemd-hostnamed
  20055 sshd             7.9  0.4       00:01 sshd: caninos [priv]
  20062 bash             6.8  0.1       00:01 bash -s
  20061 sshd             1.8  0.3       00:01 sshd: caninos@notty
  19797 kworker/0:2-eve  0.3  0.0       02:11 [kworker/0:2-events]
    239 kworker/0:6-eve  0.3  0.0  5-00:06:59 [kworker/0:6-events]
    240 kworker/0:7-mm_  0.3  0.0  5-00:06:59 [kworker/0:7-mm_percpu_wq]
  17247 kworker/0:1-eve  0.2  0.0       22:59 [kworker/0:1-events_power_efficient]
    416 RTW_CMD_THREAD   0.1  0.0  5-00:06:52 [RTW_CMD_THREAD]
  13141 verifica_rede_l  0.1  0.1       57:54 /bin/bash /usr/local/bin/verifica_rede_led.sh
    353 NetworkManager   0.0  1.1  5-00:06:55 /usr/sbin/NetworkManager --no-daemon
    421 wpa_supplicant   0.0  0.5  5-00:06:52 /sbin/wpa_supplicant -u -s -O DIR=/run/wpa_supplicant GROUP=netdev
  12248 systemd          0.0  0.5    01:02:28 /lib/systemd/systemd --user
    337 dbus-daemon      0.0  0.2  5-00:06:56 /usr/bin/dbus-daemon --system --address=systemd: --nofork --nopidfile --systemd-activation --syslog-only
    321 ksdioirqd/mmc1   0.0  0.0  5-00:06:57 [ksdioirqd/mmc1]
    264 systemd-timesyn  0.0  0.3  5-00:06:58 /lib/systemd/systemd-timesyncd
  12264 bash             0.0  0.2    01:02:26 -bash
      1 systemd          0.0  0.6  5-00:07:05 /sbin/init
  19496 kworker/3:0-eve  0.0  0.0       04:47 [kworker/3:0-events]
  18791 kworker/3:1-mm_  0.0  0.0       09:49 [kworker/3:1-mm_percpu_wq]
  16834 kworker/2:1-eve  0.0  0.0       26:36 [kworker/2:1-events_freezable]
  19241 kworker/u8:2-fl  0.0  0.0       06:54 [kworker/u8:2-flush-179:0]
     20 ksoftirqd/1      0.0  0.0  5-00:07:05 [ksoftirqd/1]
  UNIT                       LOAD   ACTIVE SUB     DESCRIPTION
  cron.service               loaded active running Regular background program processing daemon
  dbus.service               loaded active running D-Bus System Message Bus
  getty@tty1.service         loaded active running Getty on tty1
  led-udp.service            loaded active running LED UDP Control Service
  ModemManager.service       loaded active running Modem Manager
  NetworkManager.service     loaded active running Network Manager
  polkit.service             loaded active running Authorization Manager
  rsyslog.service            loaded active running System Logging Service
  serial-getty@ttyS3.service loaded active running Serial Getty on ttyS3
  ssh.service                loaded active running OpenBSD Secure Shell server
  systemd-hostnamed.service  loaded active running Hostname Service
  systemd-journald.service   loaded active running Journal Service
  systemd-logind.service     loaded active running User Login Management
  systemd-timesyncd.service  loaded active running Network Time Synchronization
  systemd-udevd.service      loaded active running Rule-based Manager for Device Events and Files
  user@1000.service          loaded active running User Manager for UID 1000
  verifica-rede-led.service  loaded active running Verifica rede end0 e controla LEDs da Labrador
  wifi_bt_start.service      loaded active running LSB: Bluetooth Start
  wpa_supplicant.service     loaded active running WPA supplicant

LOAD   = Reflects whether the unit definition was properly loaded.
ACTIVE = The high-level unit activation state, i.e. generalization of SUB.
SUB    = The low-level unit activation state, values depend on unit type.
19 loaded units listed.
","/sys/class/thermal/thermal_zone0/type=cpu-temp
/sys/class/thermal/thermal_zone1/type=gpu-temp
/sys/class/thermal/thermal_zone2/type=corelogic-temp
/sys/class/thermal/thermal_zone0/temp=14364
/sys/class/thermal/thermal_zone1/temp=100340
/sys/class/thermal/thermal_zone2/temp=103430
/sys/class/hwmon/hwmon0/name=cpu_temp
/sys/class/hwmon/hwmon1/name=gpu_temp
/sys/class/hwmon/hwmon2/name=corelogic_temp
/sys/class/hwmon/hwmon0/temp1_input=14364
/sys/class/hwmon/hwmon1/temp1_input=100340
/sys/class/hwmon/hwmon2/temp1_input=103430
","CMD=gcc PATH=bash: line 14: gcc: command not found
CMD=g++ PATH=bash: line 14: g++: command not found
CMD=clang PATH=bash: line 14: clang: command not found
CMD=make PATH=/usr/bin/make
GNU Make 4.3
Built for aarch64-unknown-linux-gnu
CMD=cmake PATH=bash: line 14: cmake: command not found
CMD=python3 PATH=/usr/bin/python3
Python 3.11.2
CMD=python PATH=bash: line 14: python: command not found
CMD=git PATH=bash: line 14: git: command not found
CMD=pip3 PATH=bash: line 14: pip3: command not found
CMD=llama-cli PATH=bash: line 14: llama-cli: command not found
CMD=llama-server PATH=bash: line 14: llama-server: command not found
CMD=ollama PATH=bash: line 14: ollama: command not found
CMD=vllm PATH=bash: line 14: vllm: command not found
CMD=torchrun PATH=bash: line 14: torchrun: command not found
CMD=mpirun PATH=bash: line 14: mpirun: command not found
CMD=iperf3 PATH=bash: line 14: iperf3: command not found
",,"[Sat Sep 26 12:14:12 2026] caninos-dwmac e0220000.ethernet end0: Link is Down
[Sat Sep 26 12:14:21 2026] caninos-dwmac e0220000.ethernet end0: Link is Up - 100Mbps/Full - flow control off
[Sat Sep 26 13:53:06 2026] caninos-dwmac e0220000.ethernet end0: Link is Down
[Sat Sep 26 13:53:11 2026] caninos-dwmac e0220000.ethernet end0: Link is Up - 100Mbps/Full - flow control rx/tx
[Sat Sep 26 13:53:12 2026] caninos-dwmac e0220000.ethernet end0: Link is Down
[Sat Sep 26 13:53:21 2026] caninos-dwmac e0220000.ethernet end0: Link is Up - 100Mbps/Full - flow control off
[Sat Sep 26 15:06:43 2026] caninos-dwmac e0220000.ethernet end0: Link is Down
[Sat Sep 26 15:06:58 2026] caninos-dwmac e0220000.ethernet end0: Link is Up - 100Mbps/Full - flow control off
[Sat Sep 26 23:29:16 2026] caninos-dwmac e0220000.ethernet end0: Link is Down
[Sat Sep 26 23:29:31 2026] caninos-dwmac e0220000.ethernet end0: Link is Up - 100Mbps/Full - flow control off
[Sun Sep 27 03:13:55 2026] caninos-dwmac e0220000.ethernet end0: Link is Down
[Sun Sep 27 03:13:58 2026] caninos-dwmac e0220000.ethernet end0: Link is Up - 100Mbps/Full - flow control off
[Sun Sep 27 03:13:59 2026] caninos-dwmac e0220000.ethernet end0: Link is Down
[Sun Sep 27 03:14:00 2026] caninos-dwmac e0220000.ethernet end0: Link is Up - 100Mbps/Full - flow control rx/tx
[Sun Sep 27 03:14:01 2026] caninos-dwmac e0220000.ethernet end0: Link is Down
[Sun Sep 27 03:14:10 2026] caninos-dwmac e0220000.ethernet end0: Link is Up - 100Mbps/Full - flow control off
[Sun Sep 27 17:48:59 2026] caninos-dwmac e0220000.ethernet end0: Link is Down
[Sun Sep 27 17:49:16 2026] caninos-dwmac e0220000.ethernet end0: Link is Up - 100Mbps/Full - flow control off
[Sun Sep 27 21:52:52 2026] caninos-dwmac e0220000.ethernet end0: Link is Down
[Sun Sep 27 21:52:55 2026] caninos-dwmac e0220000.ethernet end0: Link is Up - 100Mbps/Full - flow control off
[Sun Sep 27 21:52:56 2026] caninos-dwmac e0220000.ethernet end0: Link is Down
[Sun Sep 27 21:52:57 2026] caninos-dwmac e0220000.ethernet end0: Link is Up - 100Mbps/Full - flow control rx/tx
[Sun Sep 27 21:52:58 2026] caninos-dwmac e0220000.ethernet end0: Link is Down
[Sun Sep 27 21:53:07 2026] caninos-dwmac e0220000.ethernet end0: Link is Up - 100Mbps/Full - flow control off
[Mon Sep 28 03:16:09 2026] caninos-dwmac e0220000.ethernet end0: Link is Down
[Mon Sep 28 03:16:12 2026] caninos-dwmac e0220000.ethernet end0: Link is Up - 100Mbps/Full - flow control off
[Mon Sep 28 03:16:13 2026] caninos-dwmac e0220000.ethernet end0: Link is Down
[Mon Sep 28 03:16:14 2026] caninos-dwmac e0220000.ethernet end0: Link is Up - 100Mbps/Full - flow control rx/tx
[Mon Sep 28 03:16:15 2026] caninos-dwmac e0220000.ethernet end0: Link is Down
[Mon Sep 28 03:16:24 2026] caninos-dwmac e0220000.ethernet end0: Link is Up - 100Mbps/Full - flow control off
[Mon Sep 28 10:00:19 2026] caninos-dwmac e0220000.ethernet end0: Link is Down
[Mon Sep 28 10:00:35 2026] caninos-dwmac e0220000.ethernet end0: Link is Up - 100Mbps/Full - flow control off
[Mon Sep 28 12:09:53 2026] caninos-dwmac e0220000.ethernet end0: Link is Down
[Mon Sep 28 12:09:56 2026] caninos-dwmac e0220000.ethernet end0: Link is Up - 100Mbps/Full - flow control off
[Mon Sep 28 12:09:57 2026] caninos-dwmac e0220000.ethernet end0: Link is Down
[Mon Sep 28 12:09:58 2026] caninos-dwmac e0220000.ethernet end0: Link is Up - 100Mbps/Full - flow control rx/tx
[Mon Sep 28 12:09:59 2026] caninos-dwmac e0220000.ethernet end0: Link is Down
[Mon Sep 28 12:10:07 2026] caninos-dwmac e0220000.ethernet end0: Link is Up - 100Mbps/Full - flow control off
[Mon Sep 28 23:08:26 2026] caninos-dwmac e0220000.ethernet end0: Link is Down
[Mon Sep 28 23:08:29 2026] caninos-dwmac e0220000.ethernet end0: Link is Up - 100Mbps/Full - flow control off
[Mon Sep 28 23:08:30 2026] caninos-dwmac e0220000.ethernet end0: Link is Down
[Mon Sep 28 23:08:31 2026] caninos-dwmac e0220000.ethernet end0: Link is Up - 100Mbps/Full - flow control rx/tx
[Mon Sep 28 23:08:32 2026] caninos-dwmac e0220000.ethernet end0: Link is Down
[Mon Sep 28 23:08:40 2026] caninos-dwmac e0220000.ethernet end0: Link is Up - 100Mbps/Full - flow control off
[Tue Sep 29 01:27:21 2026] caninos-dwmac e0220000.ethernet end0: Link is Down
[Tue Sep 29 01:27:37 2026] caninos-dwmac e0220000.ethernet end0: Link is Up - 100Mbps/Full - flow control off
[Tue Sep 29 03:25:42 2026] caninos-dwmac e0220000.ethernet end0: Link is Down
[Tue Sep 29 03:25:48 2026] caninos-dwmac e0220000.ethernet end0: Link is Up - 100Mbps/Full - flow control rx/tx
[Tue Sep 29 03:25:49 2026] caninos-dwmac e0220000.ethernet end0: Link is Down
[Tue Sep 29 03:25:57 2026] caninos-dwmac e0220000.ethernet end0: Link is Up - 100Mbps/Full - flow control off
[Tue Sep 29 06:34:39 2026] caninos-dwmac e0220000.ethernet end0: Link is Down
[Tue Sep 29 06:34:55 2026] caninos-dwmac e0220000.ethernet end0: Link is Up - 100Mbps/Full - flow control off
[Tue Sep 29 12:59:33 2026] caninos-dwmac e0220000.ethernet end0: Link is Down
[Tue Sep 29 12:59:36 2026] caninos-dwmac e0220000.ethernet end0: Link is Up - 100Mbps/Full - flow control off
[Tue Sep 29 12:59:37 2026] caninos-dwmac e0220000.ethernet end0: Link is Down
[Tue Sep 29 12:59:38 2026] caninos-dwmac e0220000.ethernet end0: Link is Up - 100Mbps/Full - flow control rx/tx
[Tue Sep 29 12:59:39 2026] caninos-dwmac e0220000.ethernet end0: Link is Down
[Tue Sep 29 12:59:47 2026] caninos-dwmac e0220000.ethernet end0: Link is Up - 100Mbps/Full - flow control off
[Tue Sep 29 13:38:07 2026] caninos-dwmac e0220000.ethernet end0: Link is Down
[Tue Sep 29 13:38:22 2026] caninos-dwmac e0220000.ethernet end0: Link is Up - 100Mbps/Full - flow control off
[Tue Sep 29 17:15:42 2026] caninos-dwmac e0220000.ethernet end0: Link is Down
[Tue Sep 29 17:15:57 2026] caninos-dwmac e0220000.ethernet end0: Link is Up - 100Mbps/Full - flow control off
[Tue Sep 29 21:28:46 2026] caninos-dwmac e0220000.ethernet end0: Link is Down
[Tue Sep 29 21:29:01 2026] caninos-dwmac e0220000.ethernet end0: Link is Up - 100Mbps/Full - flow control off
[Tue Sep 29 23:59:37 2026] caninos-dwmac e0220000.ethernet end0: Link is Down
[Tue Sep 29 23:59:52 2026] caninos-dwmac e0220000.ethernet end0: Link is Up - 100Mbps/Full - flow control off
[Wed Sep 30 00:20:31 2026] caninos-dwmac e0220000.ethernet end0: Link is Down
[Wed Sep 30 00:20:36 2026] caninos-dwmac e0220000.ethernet end0: Link is Up - 100Mbps/Full - flow control rx/tx
[Wed Sep 30 00:20:37 2026] caninos-dwmac e0220000.ethernet end0: Link is Down
[Wed Sep 30 00:20:46 2026] caninos-dwmac e0220000.ethernet end0: Link is Up - 100Mbps/Full - flow control off
[Wed Sep 30 07:05:55 2026] caninos-dwmac e0220000.ethernet end0: Link is Down
[Wed Sep 30 07:05:58 2026] caninos-dwmac e0220000.ethernet end0: Link is Up - 100Mbps/Full - flow control off
[Wed Sep 30 07:05:59 2026] caninos-dwmac e0220000.ethernet end0: Link is Down
[Wed Sep 30 07:06:00 2026] caninos-dwmac e0220000.ethernet end0: Link is Up - 100Mbps/Full - flow control rx/tx
[Wed Sep 30 07:06:01 2026] caninos-dwmac e0220000.ethernet end0: Link is Down
[Wed Sep 30 07:06:10 2026] caninos-dwmac e0220000.ethernet end0: Link is Up - 100Mbps/Full - flow control off
[Wed Sep 30 20:17:57 2026] caninos-dwmac e0220000.ethernet end0: Link is Down
[Wed Sep 30 20:18:03 2026] caninos-dwmac e0220000.ethernet end0: Link is Up - 100Mbps/Full - flow control rx/tx
[Wed Sep 30 20:18:04 2026] caninos-dwmac e0220000.ethernet end0: Link is Down
[Wed Sep 30 20:18:13 2026] caninos-dwmac e0220000.ethernet end0: Link is Up - 100Mbps/Full - flow control off
[Wed Sep 30 22:06:09 2026] caninos-dwmac e0220000.ethernet end0: Link is Down
[Wed Sep 30 22:06:14 2026] caninos-dwmac e0220000.ethernet end0: Link is Up - 100Mbps/Full - flow control rx/tx
[Wed Sep 30 22:06:15 2026] caninos-dwmac e0220000.ethernet end0: Link is Down
[Wed Sep 30 22:06:24 2026] caninos-dwmac e0220000.ethernet end0: Link is Up - 100Mbps/Full - flow control off
[Thu Oct  1 01:31:15 2026] caninos-dwmac e0220000.ethernet end0: Link is Down
[Thu Oct  1 01:31:32 2026] caninos-dwmac e0220000.ethernet end0: Link is Up - 100Mbps/Full - flow control off
[Thu Oct  1 04:20:16 2026] caninos-dwmac e0220000.ethernet end0: Link is Down
[Thu Oct  1 04:20:20 2026] caninos-dwmac e0220000.ethernet end0: Link is Up - 100Mbps/Full - flow control off
[Thu Oct  1 04:20:21 2026] caninos-dwmac e0220000.ethernet end0: Link is Down
[Thu Oct  1 04:20:22 2026] caninos-dwmac e0220000.ethernet end0: Link is Up - 100Mbps/Full - flow control rx/tx
[Thu Oct  1 04:20:23 2026] caninos-dwmac e0220000.ethernet end0: Link is Down
[Thu Oct  1 04:20:31 2026] caninos-dwmac e0220000.ethernet end0: Link is Up - 100Mbps/Full - flow control off
[Thu Oct  1 08:43:26 2026] caninos-dwmac e0220000.ethernet end0: Link is Down
[Thu Oct  1 08:43:41 2026] caninos-dwmac e0220000.ethernet end0: Link is Up - 100Mbps/Full - flow control off
[Thu Oct  1 09:09:09 2026] caninos-dwmac e0220000.ethernet end0: Link is Down
[Thu Oct  1 09:09:25 2026] caninos-dwmac e0220000.ethernet end0: Link is Up - 100Mbps/Full - flow control off
[Thu Oct  1 11:15:49 2026] caninos-dwmac e0220000.ethernet end0: Link is Down
[Thu Oct  1 11:15:52 2026] caninos-dwmac e0220000.ethernet end0: Link is Up - 100Mbps/Full - flow control off
[Thu Oct  1 11:16:02 2026] caninos-dwmac e0220000.ethernet end0: Link is Down
[Thu Oct  1 11:16:05 2026] caninos-dwmac e0220000.ethernet end0: Link is Up - 100Mbps/Full - flow control off
",,,data/runs/20261001T151649Z/hosts/192.168.50.118/raw.txt,
node03,192.168.50.231,True,0,labrador,11b02da9cc614528b947d24bad602e6d,"Caninos Labrador 7 (Base 2.1) 
caninos,k7

cat: /proc/device-tree/serial-number: No such file or directory

",Caninos Labrador 7 (Base 2.1),aarch64,4,"Linux labrador 6.1.76 #1 SMP Fri Feb 28 17:06:14 UTC 2025 aarch64 GNU/Linux
Architecture:                       aarch64
CPU op-mode(s):                     32-bit, 64-bit
Byte Order:                         Little Endian
CPU(s):                             4
On-line CPU(s) list:                0-3
Vendor ID:                          ARM
Model name:                         Cortex-A53
Model:                              4
Thread(s) per core:                 1
Core(s) per cluster:                4
Socket(s):                          -
Cluster(s):                         1
Stepping:                           r0p4
BogoMIPS:                           48.00
Flags:                              fp asimd evtstrm crc32 cpuid
Vulnerability Gather data sampling: Not affected
Vulnerability Itlb multihit:        Not affected
Vulnerability L1tf:                 Not affected
Vulnerability Mds:                  Not affected
Vulnerability Meltdown:             Not affected
Vulnerability Mmio stale data:      Not affected
Vulnerability Retbleed:             Not affected
Vulnerability Spec rstack overflow: Not affected
Vulnerability Spec store bypass:    Not affected
Vulnerability Spectre v1:           Mitigation; __user pointer sanitization
Vulnerability Spectre v2:           Not affected
Vulnerability Srbds:                Not affected
Vulnerability Tsx async abort:      Not affected
processor	: 0
BogoMIPS	: 48.00
Features	: fp asimd evtstrm crc32 cpuid
processor	: 1
BogoMIPS	: 48.00
Features	: fp asimd evtstrm crc32 cpuid
processor	: 2
BogoMIPS	: 48.00
Features	: fp asimd evtstrm crc32 cpuid
processor	: 3
BogoMIPS	: 48.00
Features	: fp asimd evtstrm crc32 cpuid
","PRETTY_NAME=""Debian GNU/Linux 12 (bookworm)""
NAME=""Debian GNU/Linux""
VERSION_ID=""12""
VERSION=""12 (bookworm)""
VERSION_CODENAME=bookworm
ID=debian
HOME_URL=""https://www.debian.org/""
SUPPORT_URL=""https://www.debian.org/support""
BUG_REPORT_URL=""https://bugs.debian.org/""
6.1.76
2026-09-26 12:09:55
 12:17:00 up 5 days, 7 min,  1 user,  load average: 0.17, 0.19, 0.18
2026-10-01T15:17:00Z
","               total        used        free      shared  buff/cache   available
Mem:      2034073600   236142592  1538875392     3014656   341151744  1797931008
Swap:              0           0           0
bash: line 9: swapon: command not found
MemTotal:        1986400 kB
MemFree:         1502556 kB
MemAvailable:    1755540 kB
Buffers:           64964 kB
Cached:           237636 kB
SwapCached:            0 kB
Active:           164824 kB
Inactive:         189544 kB
Active(anon):       2836 kB
Inactive(anon):    51876 kB
Active(file):     161988 kB
Inactive(file):   137668 kB
Unevictable:           0 kB
Mlocked:               0 kB
SwapTotal:             0 kB
SwapFree:              0 kB
Zswap:                 0 kB
Zswapped:              0 kB
Dirty:               332 kB
Writeback:             0 kB
AnonPages:         51488 kB
Mapped:            52988 kB
Shmem:              2944 kB
KReclaimable:      30556 kB
Slab:              58808 kB
SReclaimable:      30556 kB
SUnreclaim:        28252 kB
KernelStack:        2304 kB
PageTables:         1788 kB
SecPageTables:         0 kB
","ALIGNMENT DISC-ALN DAX DISC-GRAN DISC-MAX DISC-ZERO FSAVAIL FSROOTS FSSIZE FSTYPE FSUSED FSUSE% FSVER GROUP HCTL HOTPLUG KNAME     LABEL LOG-SEC MAJ:MIN MIN-IO MODE       MODEL NAME        OPT-IO OWNER PARTFLAGS PARTLABEL PARTTYPE PARTTYPENAME PARTUUID                             PATH           PHY-SEC PKNAME  PTTYPE PTUUID                                RA RAND  REV RM RO ROTA RQ-SIZE SCHED       SERIAL      SIZE START STATE SUBSYSTEMS                  MOUNTPOINT MOUNTPOINTS TRAN TYPE UUID                                 VENDOR WSAME WWN ZONED ZONE-SZ ZONE-WGRAN ZONE-APP ZONE-NR ZONE-OMAX ZONE-AMAX
        0        0   0        0B       0B         0                                                   disk             0 nbd0                512  43:0      512 brw-rw----       nbd0             0 root                                                                                 /dev/nbd0          512                                                     128    0       0  0    0     256 mq-deadline               0B             block                                                   disk                                                0B     none       0B         0B       0B       0         0         0
        0        0   0        0B       0B         0                                                   disk             0 nbd1                512  43:32     512 brw-rw----       nbd1             0 root                                                                                 /dev/nbd1          512                                                     128    0       0  0    0     256 mq-deadline               0B             block                                                   disk                                                0B     none       0B         0B       0B       0         0         0
        0        0   0        0B       0B         0                                                   disk             0 nbd2                512  43:64     512 brw-rw----       nbd2             0 root                                                                                 /dev/nbd2          512                                                     128    0       0  0    0     256 mq-deadline               0B             block                                                   disk                                                0B     none       0B         0B       0B       0         0         0
        0        0   0        0B       0B         0                                                   disk             0 nbd3                512  43:96     512 brw-rw----       nbd3             0 root                                                                                 /dev/nbd3          512                                                     128    0       0  0    0     256 mq-deadline               0B             block                                                   disk                                                0B     none       0B         0B       0B       0         0         0
        0        0   0        0B       0B         0                                                   disk             0 nbd4                512  43:128    512 brw-rw----       nbd4             0 root                                                                                 /dev/nbd4          512                                                     128    0       0  0    0     256 mq-deadline               0B             block                                                   disk                                                0B     none       0B         0B       0B       0         0         0
        0        0   0        0B       0B         0                                                   disk             0 nbd5                512  43:160    512 brw-rw----       nbd5             0 root                                                                                 /dev/nbd5          512                                                     128    0       0  0    0     256 mq-deadline               0B             block                                                   disk                                                0B     none       0B         0B       0B       0         0         0
        0        0   0        0B       0B         0                                                   disk             0 nbd6                512  43:192    512 brw-rw----       nbd6             0 root                                                                                 /dev/nbd6          512                                                     128    0       0  0    0     256 mq-deadline               0B             block                                                   disk                                                0B     none       0B         0B       0B       0         0         0
        0        0   0        0B       0B         0                                                   disk             0 nbd7                512  43:224    512 brw-rw----       nbd7             0 root                                                                                 /dev/nbd7          512                                                     128    0       0  0    0     256 mq-deadline               0B             block                                                   disk                                                0B     none       0B         0B       0B       0         0         0
        0        0   0        4M    49.5M         0                                                   disk             1 mmcblk2             512 179:0      512 brw-rw----       mmcblk2          0 root                                                                                 /dev/mmcblk2       512         dos    7d4e425c                             128    0  0x8  0  0    0     128 mq-deadline 0xcb1c0113 14.6G             block:mmc:mmc_host:platform                             disk                                                0B     none       0B         0B       0B       0         0         0
        0  3145728   0        4M    49.5M         0   11.8G /        14.2G ext4     1.7G    12% 1.0   disk             1 mmcblk2p1           512 179:1      512 brw-rw----       └─mmcblk2p1      0 root  0x80                0x83     Linux        7d4e425c-01                          /dev/mmcblk2p1     512 mmcblk2 dos    7d4e425c                             128    0       0  0    0     128 mq-deadline            14.6G  2048       block:mmc:mmc_host:platform /          /                part 95051417-4836-4f36-b809-4e44caf69a92           0B     none       0B         0B       0B       0         0         0
        0        0   0        0B       0B         0                                                   disk             0 nullb0              512 253:0      512 brw-rw----       nullb0           0 root                                                                                 /dev/nullb0        512                                                     128    0       0  0    0      64 none                    250G             block                                                   disk                                                0B     none       0B         0B       0B       0         0         0
        0        0   0        0B       0B         0                                                   disk             0 nbd8                512  43:256    512 brw-rw----       nbd8             0 root                                                                                 /dev/nbd8          512                                                     128    0       0  0    0     256 mq-deadline               0B             block                                                   disk                                                0B     none       0B         0B       0B       0         0         0
        0        0   0        0B       0B         0                                                   disk             0 nbd9                512  43:288    512 brw-rw----       nbd9             0 root                                                                                 /dev/nbd9          512                                                     128    0       0  0    0     256 mq-deadline               0B             block                                                   disk                                                0B     none       0B         0B       0B       0         0         0
        0        0   0        0B       0B         0                                                   disk             0 nbd10               512  43:320    512 brw-rw----       nbd10            0 root                                                                                 /dev/nbd10         512                                                     128    0       0  0    0     256 mq-deadline               0B             block                                                   disk                                                0B     none       0B         0B       0B       0         0         0
        0        0   0        0B       0B         0                                                   disk             0 nbd11               512  43:352    512 brw-rw----       nbd11            0 root                                                                                 /dev/nbd11         512                                                     128    0       0  0    0     256 mq-deadline               0B             block                                                   disk                                                0B     none       0B         0B       0B       0         0         0
        0        0   0        0B       0B         0                                                   disk             0 nbd12               512  43:384    512 brw-rw----       nbd12            0 root                                                                                 /dev/nbd12         512                                                     128    0       0  0    0     256 mq-deadline               0B             block                                                   disk                                                0B     none       0B         0B       0B       0         0         0
        0        0   0        0B       0B         0                                                   disk             0 nbd13               512  43:416    512 brw-rw----       nbd13            0 root                                                                                 /dev/nbd13         512                                                     128    0       0  0    0     256 mq-deadline               0B             block                                                   disk                                                0B     none       0B         0B       0B       0         0         0
        0        0   0        0B       0B         0                                                   disk             0 nbd14               512  43:448    512 brw-rw----       nbd14            0 root                                                                                 /dev/nbd14         512                                                     128    0       0  0    0     256 mq-deadline               0B             block                                                   disk                                                0B     none       0B         0B       0B       0         0         0
        0        0   0        0B       0B         0                                                   disk             0 nbd15               512  43:480    512 brw-rw----       nbd15            0 root                                                                                 /dev/nbd15         512                                                     128    0       0  0    0     256 mq-deadline               0B             block                                                   disk                                                0B     none       0B         0B       0B       0         0         0
Filesystem     Type      Size  Used Avail Use% Mounted on
/dev/root      ext4       15G  1.7G   12G  13% /
devtmpfs       devtmpfs  712M     0  712M   0% /dev
tmpfs          tmpfs     970M     0  970M   0% /dev/shm
tmpfs          tmpfs     388M  2.9M  386M   1% /run
tmpfs          tmpfs     5.0M     0  5.0M   0% /run/lock
tmpfs          tmpfs     194M     0  194M   0% /run/user/1000
","[{""ifindex"":1,""ifname"":""lo"",""flags"":[""LOOPBACK"",""UP"",""LOWER_UP""],""mtu"":65536,""qdisc"":""noqueue"",""operstate"":""UNKNOWN"",""group"":""default"",""txqlen"":1000,""link_type"":""loopback"",""address"":""00:00:00:00:00:00"",""broadcast"":""00:00:00:00:00:00"",""addr_info"":[{""family"":""inet"",""local"":""127.0.0.1"",""prefixlen"":8,""scope"":""host"",""label"":""lo"",""valid_life_time"":4294967295,""preferred_life_time"":4294967295},{""family"":""inet6"",""local"":""::1"",""prefixlen"":128,""scope"":""host"",""noprefixroute"":true,""valid_life_time"":4294967295,""preferred_life_time"":4294967295}]},{""ifindex"":2,""link"":null,""ifname"":""tunl0"",""flags"":[""NOARP""],""mtu"":1480,""qdisc"":""noop"",""operstate"":""DOWN"",""group"":""default"",""txqlen"":1000,""link_type"":""ipip"",""address"":""0.0.0.0"",""broadcast"":""0.0.0.0"",""addr_info"":[]},{""ifindex"":3,""link"":null,""ifname"":""ip6tnl0"",""flags"":[""NOARP""],""mtu"":1452,""qdisc"":""noop"",""operstate"":""DOWN"",""group"":""default"",""txqlen"":1000,""link_type"":""tunnel6"",""address"":""::"",""broadcast"":""::"",""permaddr"":""86b8:e0d8:afdf::"",""addr_info"":[]},{""ifindex"":4,""ifname"":""wlan0"",""flags"":[""NO-CARRIER"",""BROADCAST"",""MULTICAST"",""UP""],""mtu"":1500,""qdisc"":""mq"",""operstate"":""DOWN"",""group"":""default"",""txqlen"":1000,""link_type"":""ether"",""address"":""14:6b:9c:7b:0d:da"",""broadcast"":""ff:ff:ff:ff:ff:ff"",""addr_info"":[]},{""ifindex"":5,""ifname"":""end0"",""flags"":[""BROADCAST"",""MULTICAST"",""UP"",""LOWER_UP""],""mtu"":1500,""qdisc"":""mq"",""operstate"":""UP"",""group"":""default"",""txqlen"":1000,""link_type"":""ether"",""address"":""9e:68:25:5a:32:a9"",""broadcast"":""ff:ff:ff:ff:ff:ff"",""addr_info"":[{""family"":""inet"",""local"":""192.168.50.231"",""prefixlen"":24,""broadcast"":""192.168.50.255"",""scope"":""global"",""dynamic"":true,""noprefixroute"":true,""label"":""end0"",""valid_life_time"":6911,""preferred_life_time"":6911},{""family"":""inet6"",""local"":""fe80::66ff:17f:8b7f:afc9"",""prefixlen"":64,""scope"":""link"",""noprefixroute"":true,""valid_life_time"":4294967295,""preferred_life_time"":4294967295}]}]
[{""ifindex"":1,""ifname"":""lo"",""flags"":[""LOOPBACK"",""UP"",""LOWER_UP""],""mtu"":65536,""qdisc"":""noqueue"",""operstate"":""UNKNOWN"",""linkmode"":""DEFAULT"",""group"":""default"",""txqlen"":1000,""link_type"":""loopback"",""address"":""00:00:00:00:00:00"",""broadcast"":""00:00:00:00:00:00""},{""ifindex"":2,""link"":null,""ifname"":""tunl0"",""flags"":[""NOARP""],""mtu"":1480,""qdisc"":""noop"",""operstate"":""DOWN"",""linkmode"":""DEFAULT"",""group"":""default"",""txqlen"":1000,""link_type"":""ipip"",""address"":""0.0.0.0"",""broadcast"":""0.0.0.0""},{""ifindex"":3,""link"":null,""ifname"":""ip6tnl0"",""flags"":[""NOARP""],""mtu"":1452,""qdisc"":""noop"",""operstate"":""DOWN"",""linkmode"":""DEFAULT"",""group"":""default"",""txqlen"":1000,""link_type"":""tunnel6"",""address"":""::"",""broadcast"":""::"",""permaddr"":""86b8:e0d8:afdf::""},{""ifindex"":4,""ifname"":""wlan0"",""flags"":[""NO-CARRIER"",""BROADCAST"",""MULTICAST"",""UP""],""mtu"":1500,""qdisc"":""mq"",""operstate"":""DOWN"",""linkmode"":""DORMANT"",""group"":""default"",""txqlen"":1000,""link_type"":""ether"",""address"":""14:6b:9c:7b:0d:da"",""broadcast"":""ff:ff:ff:ff:ff:ff""},{""ifindex"":5,""ifname"":""end0"",""flags"":[""BROADCAST"",""MULTICAST"",""UP"",""LOWER_UP""],""mtu"":1500,""qdisc"":""mq"",""operstate"":""UP"",""linkmode"":""DEFAULT"",""group"":""default"",""txqlen"":1000,""link_type"":""ether"",""address"":""9e:68:25:5a:32:a9"",""broadcast"":""ff:ff:ff:ff:ff:ff""}]
[{""dst"":""default"",""gateway"":""192.168.50.1"",""dev"":""end0"",""protocol"":""dhcp"",""prefsrc"":""192.168.50.231"",""metric"":100,""flags"":[]},{""dst"":""192.168.50.0/24"",""dev"":""end0"",""protocol"":""kernel"",""scope"":""link"",""prefsrc"":""192.168.50.231"",""metric"":100,""flags"":[]}]
/sys/class/net/end0/address=9e:68:25:5a:32:a9
/sys/class/net/ip6tnl0/address=00:00:00:00:00:00:00:00:00:00:00:00:00:00:00:00
/sys/class/net/lo/address=00:00:00:00:00:00
/sys/class/net/tunl0/address=00:00:00:00
/sys/class/net/wlan0/address=14:6b:9c:7b:0d:da
","IF=end0
bash: line 13: ethtool: command not found
5: end0: <BROADCAST,MULTICAST,UP,LOWER_UP> mtu 1500 qdisc mq state UP mode DEFAULT group default qlen 1000
    link/ether 9e:68:25:5a:32:a9 brd ff:ff:ff:ff:ff:ff
    RX:  bytes packets errors dropped  missed   mcast           
      24861332  105185      0       0       0       0 
    TX:  bytes packets errors dropped carrier collsns           
        393208    3047      0       0       0       0 
IF=ip6tnl0
bash: line 13: ethtool: command not found
3: ip6tnl0@NONE: <NOARP> mtu 1452 qdisc noop state DOWN mode DEFAULT group default qlen 1000
    link/tunnel6 :: brd :: permaddr 86b8:e0d8:afdf::
    RX:  bytes packets errors dropped  missed   mcast           
             0       0      0       0       0       0 
    TX:  bytes packets errors dropped carrier collsns           
             0       0      0       0       0       0 
IF=lo
bash: line 13: ethtool: command not found
1: lo: <LOOPBACK,UP,LOWER_UP> mtu 65536 qdisc noqueue state UNKNOWN mode DEFAULT group default qlen 1000
    link/loopback 00:00:00:00:00:00 brd 00:00:00:00:00:00
    RX:  bytes packets errors dropped  missed   mcast           
             0       0      0       0       0       0 
    TX:  bytes packets errors dropped carrier collsns           
             0       0      0       0       0       0 
IF=tunl0
bash: line 13: ethtool: command not found
2: tunl0@NONE: <NOARP> mtu 1480 qdisc noop state DOWN mode DEFAULT group default qlen 1000
    link/ipip 0.0.0.0 brd 0.0.0.0
    RX:  bytes packets errors dropped  missed   mcast           
             0       0      0       0       0       0 
    TX:  bytes packets errors dropped carrier collsns           
             0       0      0       0       0       0 
IF=wlan0
bash: line 13: ethtool: command not found
4: wlan0: <NO-CARRIER,BROADCAST,MULTICAST,UP> mtu 1500 qdisc mq state DOWN mode DORMANT group default qlen 1000
    link/ether 14:6b:9c:7b:0d:da brd ff:ff:ff:ff:ff:ff
    RX:  bytes packets errors dropped  missed   mcast           
             0       0      0       0       0       0 
    TX:  bytes packets errors dropped carrier collsns           
             0       0      0       0       0       0 
","0.17 0.19 0.18 1/139 20579
    PID COMMAND         %CPU %MEM     ELAPSED COMMAND
  20580 ps               300  0.1       00:00 ps -eo pid,comm,pcpu,pmem,etime,args --sort=-pcpu
  20535 systemd-hostnam 30.4  0.2       00:00 /lib/systemd/systemd-hostnamed
  20521 sshd             7.7  0.4       00:01 sshd: caninos [priv]
  20528 bash             7.6  0.1       00:01 bash -s
  20527 sshd             2.7  0.3       00:01 sshd: caninos@notty
  12084 kworker/2:2-eve  0.4  0.0    01:14:27 [kworker/2:2-events]
  12064 kworker/2:4-mm_  0.4  0.0    01:30:02 [kworker/2:4-mm_percpu_wq]
  19060 kworker/2:0-eve  0.1  0.0       11:22 [kworker/2:0-events_power_efficient]
    420 RTW_CMD_THREAD   0.1  0.0  5-00:06:52 [RTW_CMD_THREAD]
  13035 verifica_rede_l  0.1  0.1    01:02:49 /bin/bash /usr/local/bin/verifica_rede_led.sh
    374 NetworkManager   0.0  1.1  5-00:06:55 /usr/sbin/NetworkManager --no-daemon
    425 wpa_supplicant   0.0  0.5  5-00:06:52 /sbin/wpa_supplicant -u -s -O DIR=/run/wpa_supplicant GROUP=netdev
  12110 systemd          0.0  0.5    01:07:23 /lib/systemd/systemd --user
    321 dbus-daemon      0.0  0.2  5-00:06:57 /usr/bin/dbus-daemon --system --address=systemd: --nofork --nopidfile --systemd-activation --syslog-only
  20368 kworker/0:1-eve  0.0  0.0       01:21 [kworker/0:1-events]
    332 ksdioirqd/mmc1   0.0  0.0  5-00:06:57 [ksdioirqd/mmc1]
  12126 bash             0.0  0.2    01:07:21 -bash
    265 systemd-timesyn  0.0  0.4  5-00:06:59 /lib/systemd/systemd-timesyncd
      1 systemd          0.0  0.6  5-00:07:05 /sbin/init
  20389 kworker/3:2-eve  0.0  0.0       01:10 [kworker/3:2-events_power_efficient]
  19757 kworker/0:0-mm_  0.0  0.0       06:31 [kworker/0:0-mm_percpu_wq]
  19761 kworker/3:1-eve  0.0  0.0       06:28 [kworker/3:1-events_power_efficient]
  12090 kworker/0:3-eve  0.0  0.0    01:08:05 [kworker/0:3-events]
  19028 kworker/3:0-eve  0.0  0.0       11:41 [kworker/3:0-events_power_efficient]
  UNIT                       LOAD   ACTIVE SUB     DESCRIPTION
  cron.service               loaded active running Regular background program processing daemon
  dbus.service               loaded active running D-Bus System Message Bus
  getty@tty1.service         loaded active running Getty on tty1
  getty@tty2.service         loaded active running Getty on tty2
  getty@tty4.service         loaded active running Getty on tty4
  led-udp.service            loaded active running LED UDP Control Service
  ModemManager.service       loaded active running Modem Manager
  NetworkManager.service     loaded active running Network Manager
  polkit.service             loaded active running Authorization Manager
  rsyslog.service            loaded active running System Logging Service
  serial-getty@ttyS3.service loaded active running Serial Getty on ttyS3
  ssh.service                loaded active running OpenBSD Secure Shell server
  systemd-hostnamed.service  loaded active running Hostname Service
  systemd-journald.service   loaded active running Journal Service
  systemd-logind.service     loaded active running User Login Management
  systemd-timesyncd.service  loaded active running Network Time Synchronization
  systemd-udevd.service      loaded active running Rule-based Manager for Device Events and Files
  user@1000.service          loaded active running User Manager for UID 1000
  verifica-rede-led.service  loaded active running Verifica rede end0 e controla LEDs da Labrador
  wifi_bt_start.service      loaded active running LSB: Bluetooth Start
  wpa_supplicant.service     loaded active running WPA supplicant

LOAD   = Reflects whether the unit definition was properly loaded.
ACTIVE = The high-level unit activation state, i.e. generalization of SUB.
SUB    = The low-level unit activation state, values depend on unit type.
21 loaded units listed.
","/sys/class/thermal/thermal_zone0/type=cpu-temp
/sys/class/thermal/thermal_zone1/type=gpu-temp
/sys/class/thermal/thermal_zone2/type=corelogic-temp
/sys/class/thermal/thermal_zone0/temp=49361
/sys/class/thermal/thermal_zone1/temp=72417
/sys/class/thermal/thermal_zone2/temp=74979
/sys/class/hwmon/hwmon0/name=cpu_temp
/sys/class/hwmon/hwmon1/name=gpu_temp
/sys/class/hwmon/hwmon2/name=corelogic_temp
/sys/class/hwmon/hwmon0/temp1_input=49361
/sys/class/hwmon/hwmon1/temp1_input=72417
/sys/class/hwmon/hwmon2/temp1_input=74979
","CMD=gcc PATH=bash: line 14: gcc: command not found
CMD=g++ PATH=bash: line 14: g++: command not found
CMD=clang PATH=bash: line 14: clang: command not found
CMD=make PATH=/usr/bin/make
GNU Make 4.3
Built for aarch64-unknown-linux-gnu
CMD=cmake PATH=bash: line 14: cmake: command not found
CMD=python3 PATH=/usr/bin/python3
Python 3.11.2
CMD=python PATH=bash: line 14: python: command not found
CMD=git PATH=bash: line 14: git: command not found
CMD=pip3 PATH=bash: line 14: pip3: command not found
CMD=llama-cli PATH=bash: line 14: llama-cli: command not found
CMD=llama-server PATH=bash: line 14: llama-server: command not found
CMD=ollama PATH=bash: line 14: ollama: command not found
CMD=vllm PATH=bash: line 14: vllm: command not found
CMD=torchrun PATH=bash: line 14: torchrun: command not found
CMD=mpirun PATH=bash: line 14: mpirun: command not found
CMD=iperf3 PATH=bash: line 14: iperf3: command not found
",,"[Sat Sep 26 12:14:08 2026] caninos-dwmac e0220000.ethernet end0: Link is Up - 100Mbps/Full - flow control off
[Sat Sep 26 12:14:09 2026] caninos-dwmac e0220000.ethernet end0: Link is Down
[Sat Sep 26 12:14:21 2026] caninos-dwmac e0220000.ethernet end0: Link is Up - 100Mbps/Full - flow control off
[Sat Sep 26 13:53:06 2026] caninos-dwmac e0220000.ethernet end0: Link is Down
[Sat Sep 26 13:53:22 2026] caninos-dwmac e0220000.ethernet end0: Link is Up - 100Mbps/Full - flow control off
[Sat Sep 26 15:06:44 2026] caninos-dwmac e0220000.ethernet end0: Link is Down
[Sat Sep 26 15:06:58 2026] caninos-dwmac e0220000.ethernet end0: Link is Up - 100Mbps/Full - flow control off
[Sat Sep 26 23:29:16 2026] caninos-dwmac e0220000.ethernet end0: Link is Down
[Sat Sep 26 23:29:31 2026] caninos-dwmac e0220000.ethernet end0: Link is Up - 100Mbps/Full - flow control off
[Sun Sep 27 03:13:55 2026] caninos-dwmac e0220000.ethernet end0: Link is Down
[Sun Sep 27 03:14:00 2026] caninos-dwmac e0220000.ethernet end0: Link is Up - 100Mbps/Full - flow control rx/tx
[Sun Sep 27 03:14:01 2026] caninos-dwmac e0220000.ethernet end0: Link is Down
[Sun Sep 27 03:14:10 2026] caninos-dwmac e0220000.ethernet end0: Link is Up - 100Mbps/Full - flow control off
[Sun Sep 27 17:49:00 2026] caninos-dwmac e0220000.ethernet end0: Link is Down
[Sun Sep 27 17:49:03 2026] caninos-dwmac e0220000.ethernet end0: Link is Up - 100Mbps/Full - flow control off
[Sun Sep 27 17:49:04 2026] caninos-dwmac e0220000.ethernet end0: Link is Down
[Sun Sep 27 17:49:05 2026] caninos-dwmac e0220000.ethernet end0: Link is Up - 100Mbps/Full - flow control rx/tx
[Sun Sep 27 17:49:06 2026] caninos-dwmac e0220000.ethernet end0: Link is Down
[Sun Sep 27 17:49:15 2026] caninos-dwmac e0220000.ethernet end0: Link is Up - 100Mbps/Full - flow control off
[Sun Sep 27 21:52:52 2026] caninos-dwmac e0220000.ethernet end0: Link is Down
[Sun Sep 27 21:53:08 2026] caninos-dwmac e0220000.ethernet end0: Link is Up - 100Mbps/Full - flow control off
[Mon Sep 28 03:16:09 2026] caninos-dwmac e0220000.ethernet end0: Link is Down
[Mon Sep 28 03:16:12 2026] caninos-dwmac e0220000.ethernet end0: Link is Up - 100Mbps/Full - flow control off
[Mon Sep 28 03:16:13 2026] caninos-dwmac e0220000.ethernet end0: Link is Down
[Mon Sep 28 03:16:14 2026] caninos-dwmac e0220000.ethernet end0: Link is Up - 100Mbps/Full - flow control rx/tx
[Mon Sep 28 03:16:15 2026] caninos-dwmac e0220000.ethernet end0: Link is Down
[Mon Sep 28 03:16:25 2026] caninos-dwmac e0220000.ethernet end0: Link is Up - 100Mbps/Full - flow control off
[Mon Sep 28 10:00:19 2026] caninos-dwmac e0220000.ethernet end0: Link is Down
[Mon Sep 28 10:00:34 2026] caninos-dwmac e0220000.ethernet end0: Link is Up - 100Mbps/Full - flow control off
[Mon Sep 28 12:09:53 2026] caninos-dwmac e0220000.ethernet end0: Link is Down
[Mon Sep 28 12:09:58 2026] caninos-dwmac e0220000.ethernet end0: Link is Up - 100Mbps/Full - flow control rx/tx
[Mon Sep 28 12:09:59 2026] caninos-dwmac e0220000.ethernet end0: Link is Down
[Mon Sep 28 12:10:08 2026] caninos-dwmac e0220000.ethernet end0: Link is Up - 100Mbps/Full - flow control off
[Mon Sep 28 23:08:25 2026] caninos-dwmac e0220000.ethernet end0: Link is Down
[Mon Sep 28 23:08:31 2026] caninos-dwmac e0220000.ethernet end0: Link is Up - 100Mbps/Full - flow control rx/tx
[Mon Sep 28 23:08:32 2026] caninos-dwmac e0220000.ethernet end0: Link is Down
[Mon Sep 28 23:08:41 2026] caninos-dwmac e0220000.ethernet end0: Link is Up - 100Mbps/Full - flow control off
[Tue Sep 29 01:27:22 2026] caninos-dwmac e0220000.ethernet end0: Link is Down
[Tue Sep 29 01:27:25 2026] caninos-dwmac e0220000.ethernet end0: Link is Up - 100Mbps/Full - flow control off
[Tue Sep 29 01:27:26 2026] caninos-dwmac e0220000.ethernet end0: Link is Down
[Tue Sep 29 01:27:27 2026] caninos-dwmac e0220000.ethernet end0: Link is Up - 100Mbps/Full - flow control rx/tx
[Tue Sep 29 01:27:28 2026] caninos-dwmac e0220000.ethernet end0: Link is Down
[Tue Sep 29 01:27:38 2026] caninos-dwmac e0220000.ethernet end0: Link is Up - 100Mbps/Full - flow control off
[Tue Sep 29 03:25:42 2026] caninos-dwmac e0220000.ethernet end0: Link is Down
[Tue Sep 29 03:25:58 2026] caninos-dwmac e0220000.ethernet end0: Link is Up - 100Mbps/Full - flow control off
[Tue Sep 29 06:34:39 2026] caninos-dwmac e0220000.ethernet end0: Link is Down
[Tue Sep 29 06:34:55 2026] caninos-dwmac e0220000.ethernet end0: Link is Up - 100Mbps/Full - flow control off
[Tue Sep 29 12:59:32 2026] caninos-dwmac e0220000.ethernet end0: Link is Down
[Tue Sep 29 12:59:48 2026] caninos-dwmac e0220000.ethernet end0: Link is Up - 100Mbps/Full - flow control off
[Tue Sep 29 13:38:07 2026] caninos-dwmac e0220000.ethernet end0: Link is Down
[Tue Sep 29 13:38:11 2026] caninos-dwmac e0220000.ethernet end0: Link is Up - 100Mbps/Full - flow control off
[Tue Sep 29 13:38:12 2026] caninos-dwmac e0220000.ethernet end0: Link is Down
[Tue Sep 29 13:38:13 2026] caninos-dwmac e0220000.ethernet end0: Link is Up - 100Mbps/Full - flow control rx/tx
[Tue Sep 29 13:38:14 2026] caninos-dwmac e0220000.ethernet end0: Link is Down
[Tue Sep 29 13:38:22 2026] caninos-dwmac e0220000.ethernet end0: Link is Up - 100Mbps/Full - flow control off
[Tue Sep 29 17:15:43 2026] caninos-dwmac e0220000.ethernet end0: Link is Down
[Tue Sep 29 17:15:46 2026] caninos-dwmac e0220000.ethernet end0: Link is Up - 100Mbps/Full - flow control off
[Tue Sep 29 17:15:47 2026] caninos-dwmac e0220000.ethernet end0: Link is Down
[Tue Sep 29 17:15:48 2026] caninos-dwmac e0220000.ethernet end0: Link is Up - 100Mbps/Full - flow control rx/tx
[Tue Sep 29 17:15:49 2026] caninos-dwmac e0220000.ethernet end0: Link is Down
[Tue Sep 29 17:15:57 2026] caninos-dwmac e0220000.ethernet end0: Link is Up - 100Mbps/Full - flow control off
[Tue Sep 29 21:28:47 2026] caninos-dwmac e0220000.ethernet end0: Link is Down
[Tue Sep 29 21:28:50 2026] caninos-dwmac e0220000.ethernet end0: Link is Up - 100Mbps/Full - flow control off
[Tue Sep 29 21:28:51 2026] caninos-dwmac e0220000.ethernet end0: Link is Down
[Tue Sep 29 21:28:52 2026] caninos-dwmac e0220000.ethernet end0: Link is Up - 100Mbps/Full - flow control rx/tx
[Tue Sep 29 21:28:53 2026] caninos-dwmac e0220000.ethernet end0: Link is Down
[Tue Sep 29 21:29:02 2026] caninos-dwmac e0220000.ethernet end0: Link is Up - 100Mbps/Full - flow control off
[Tue Sep 29 23:59:38 2026] caninos-dwmac e0220000.ethernet end0: Link is Down
[Tue Sep 29 23:59:41 2026] caninos-dwmac e0220000.ethernet end0: Link is Up - 100Mbps/Full - flow control off
[Tue Sep 29 23:59:42 2026] caninos-dwmac e0220000.ethernet end0: Link is Down
[Tue Sep 29 23:59:43 2026] caninos-dwmac e0220000.ethernet end0: Link is Up - 100Mbps/Full - flow control rx/tx
[Tue Sep 29 23:59:44 2026] caninos-dwmac e0220000.ethernet end0: Link is Down
[Tue Sep 29 23:59:53 2026] caninos-dwmac e0220000.ethernet end0: Link is Up - 100Mbps/Full - flow control off
[Wed Sep 30 00:20:31 2026] caninos-dwmac e0220000.ethernet end0: Link is Down
[Wed Sep 30 00:20:46 2026] caninos-dwmac e0220000.ethernet end0: Link is Up - 100Mbps/Full - flow control off
[Wed Sep 30 07:05:54 2026] caninos-dwmac e0220000.ethernet end0: Link is Down
[Wed Sep 30 07:06:10 2026] caninos-dwmac e0220000.ethernet end0: Link is Up - 100Mbps/Full - flow control off
[Wed Sep 30 20:17:57 2026] caninos-dwmac e0220000.ethernet end0: Link is Down
[Wed Sep 30 20:18:13 2026] caninos-dwmac e0220000.ethernet end0: Link is Up - 100Mbps/Full - flow control off
[Wed Sep 30 22:06:09 2026] caninos-dwmac e0220000.ethernet end0: Link is Down
[Wed Sep 30 22:06:24 2026] caninos-dwmac e0220000.ethernet end0: Link is Up - 100Mbps/Full - flow control off
[Thu Oct  1 01:31:15 2026] caninos-dwmac e0220000.ethernet end0: Link is Down
[Thu Oct  1 01:31:31 2026] caninos-dwmac e0220000.ethernet end0: Link is Up - 100Mbps/Full - flow control off
[Thu Oct  1 04:20:16 2026] caninos-dwmac e0220000.ethernet end0: Link is Down
[Thu Oct  1 04:20:32 2026] caninos-dwmac e0220000.ethernet end0: Link is Up - 100Mbps/Full - flow control off
[Thu Oct  1 08:43:27 2026] caninos-dwmac e0220000.ethernet end0: Link is Down
[Thu Oct  1 08:43:32 2026] caninos-dwmac e0220000.ethernet end0: Link is Up - 100Mbps/Full - flow control rx/tx
[Thu Oct  1 08:43:33 2026] caninos-dwmac e0220000.ethernet end0: Link is Down
[Thu Oct  1 08:43:41 2026] caninos-dwmac e0220000.ethernet end0: Link is Up - 100Mbps/Full - flow control off
[Thu Oct  1 09:09:10 2026] caninos-dwmac e0220000.ethernet end0: Link is Down
[Thu Oct  1 09:09:13 2026] caninos-dwmac e0220000.ethernet end0: Link is Up - 100Mbps/Full - flow control off
[Thu Oct  1 09:09:14 2026] caninos-dwmac e0220000.ethernet end0: Link is Down
[Thu Oct  1 09:09:15 2026] caninos-dwmac e0220000.ethernet end0: Link is Up - 100Mbps/Full - flow control rx/tx
[Thu Oct  1 09:09:16 2026] caninos-dwmac e0220000.ethernet end0: Link is Down
[Thu Oct  1 09:09:24 2026] caninos-dwmac e0220000.ethernet end0: Link is Up - 100Mbps/Full - flow control off
[Thu Oct  1 11:09:03 2026] usb 1-1: device descriptor read/64, error -110
[Thu Oct  1 11:11:20 2026] caninos-dwmac e0220000.ethernet end0: Link is Down
[Thu Oct  1 11:11:22 2026] caninos-dwmac e0220000.ethernet end0: Link is Up - 100Mbps/Full - flow control off
[Thu Oct  1 11:11:39 2026] caninos-dwmac e0220000.ethernet end0: Link is Down
[Thu Oct  1 11:11:42 2026] caninos-dwmac e0220000.ethernet end0: Link is Up - 100Mbps/Full - flow control off
",,,data/runs/20261001T151649Z/hosts/192.168.50.231/raw.txt,
node04,192.168.50.74,True,0,labrador,11b02da9cc614528b947d24bad602e6d,"Caninos Labrador 7 (Base 2.1) 
caninos,k7

cat: /proc/device-tree/serial-number: No such file or directory

",Caninos Labrador 7 (Base 2.1),aarch64,4,"Linux labrador 6.1.76 #1 SMP Fri Feb 28 17:06:14 UTC 2025 aarch64 GNU/Linux
Architecture:                       aarch64
CPU op-mode(s):                     32-bit, 64-bit
Byte Order:                         Little Endian
CPU(s):                             4
On-line CPU(s) list:                0-3
Vendor ID:                          ARM
Model name:                         Cortex-A53
Model:                              4
Thread(s) per core:                 1
Core(s) per cluster:                4
Socket(s):                          -
Cluster(s):                         1
Stepping:                           r0p4
BogoMIPS:                           48.00
Flags:                              fp asimd evtstrm crc32 cpuid
Vulnerability Gather data sampling: Not affected
Vulnerability Itlb multihit:        Not affected
Vulnerability L1tf:                 Not affected
Vulnerability Mds:                  Not affected
Vulnerability Meltdown:             Not affected
Vulnerability Mmio stale data:      Not affected
Vulnerability Retbleed:             Not affected
Vulnerability Spec rstack overflow: Not affected
Vulnerability Spec store bypass:    Not affected
Vulnerability Spectre v1:           Mitigation; __user pointer sanitization
Vulnerability Spectre v2:           Not affected
Vulnerability Srbds:                Not affected
Vulnerability Tsx async abort:      Not affected
processor	: 0
BogoMIPS	: 48.00
Features	: fp asimd evtstrm crc32 cpuid
processor	: 1
BogoMIPS	: 48.00
Features	: fp asimd evtstrm crc32 cpuid
processor	: 2
BogoMIPS	: 48.00
Features	: fp asimd evtstrm crc32 cpuid
processor	: 3
BogoMIPS	: 48.00
Features	: fp asimd evtstrm crc32 cpuid
","PRETTY_NAME=""Debian GNU/Linux 12 (bookworm)""
NAME=""Debian GNU/Linux""
VERSION_ID=""12""
VERSION=""12 (bookworm)""
VERSION_CODENAME=bookworm
ID=debian
HOME_URL=""https://www.debian.org/""
SUPPORT_URL=""https://www.debian.org/support""
BUG_REPORT_URL=""https://bugs.debian.org/""
6.1.76
2026-09-26 12:09:55
 12:17:00 up 5 days, 7 min,  1 user,  load average: 0.19, 0.18, 0.18
2026-10-01T15:17:00Z
","               total        used        free      shared  buff/cache   available
Mem:      2034073600   238014464  1533407232     3014656   344805376  1796059136
Swap:              0           0           0
bash: line 9: swapon: command not found
MemTotal:        1986400 kB
MemFree:         1497716 kB
MemAvailable:    1754212 kB
Buffers:           64904 kB
Cached:           241152 kB
SwapCached:            0 kB
Active:           171412 kB
Inactive:         184372 kB
Active(anon):       2816 kB
Inactive(anon):    49856 kB
Active(file):     168596 kB
Inactive(file):   134516 kB
Unevictable:           0 kB
Mlocked:               0 kB
SwapTotal:             0 kB
SwapFree:              0 kB
Zswap:                 0 kB
Zswapped:              0 kB
Dirty:               300 kB
Writeback:             0 kB
AnonPages:         49368 kB
Mapped:            53008 kB
Shmem:              2944 kB
KReclaimable:      30668 kB
Slab:              58856 kB
SReclaimable:      30668 kB
SUnreclaim:        28188 kB
KernelStack:        2224 kB
PageTables:         1716 kB
SecPageTables:         0 kB
","ALIGNMENT DISC-ALN DAX DISC-GRAN DISC-MAX DISC-ZERO FSAVAIL FSROOTS FSSIZE FSTYPE FSUSED FSUSE% FSVER GROUP HCTL HOTPLUG KNAME     LABEL LOG-SEC MAJ:MIN MIN-IO MODE       MODEL NAME        OPT-IO OWNER PARTFLAGS PARTLABEL PARTTYPE PARTTYPENAME PARTUUID                             PATH           PHY-SEC PKNAME  PTTYPE PTUUID                                RA RAND  REV RM RO ROTA RQ-SIZE SCHED       SERIAL      SIZE START STATE SUBSYSTEMS                  MOUNTPOINT MOUNTPOINTS TRAN TYPE UUID                                 VENDOR WSAME WWN ZONED ZONE-SZ ZONE-WGRAN ZONE-APP ZONE-NR ZONE-OMAX ZONE-AMAX
        0        0   0        0B       0B         0                                                   disk             0 nbd0                512  43:0      512 brw-rw----       nbd0             0 root                                                                                 /dev/nbd0          512                                                     128    0       0  0    0     256 mq-deadline               0B             block                                                   disk                                                0B     none       0B         0B       0B       0         0         0
        0        0   0        0B       0B         0                                                   disk             0 nbd1                512  43:32     512 brw-rw----       nbd1             0 root                                                                                 /dev/nbd1          512                                                     128    0       0  0    0     256 mq-deadline               0B             block                                                   disk                                                0B     none       0B         0B       0B       0         0         0
        0        0   0        0B       0B         0                                                   disk             0 nbd2                512  43:64     512 brw-rw----       nbd2             0 root                                                                                 /dev/nbd2          512                                                     128    0       0  0    0     256 mq-deadline               0B             block                                                   disk                                                0B     none       0B         0B       0B       0         0         0
        0        0   0        0B       0B         0                                                   disk             0 nbd3                512  43:96     512 brw-rw----       nbd3             0 root                                                                                 /dev/nbd3          512                                                     128    0       0  0    0     256 mq-deadline               0B             block                                                   disk                                                0B     none       0B         0B       0B       0         0         0
        0        0   0        0B       0B         0                                                   disk             0 nbd4                512  43:128    512 brw-rw----       nbd4             0 root                                                                                 /dev/nbd4          512                                                     128    0       0  0    0     256 mq-deadline               0B             block                                                   disk                                                0B     none       0B         0B       0B       0         0         0
        0        0   0        0B       0B         0                                                   disk             0 nbd5                512  43:160    512 brw-rw----       nbd5             0 root                                                                                 /dev/nbd5          512                                                     128    0       0  0    0     256 mq-deadline               0B             block                                                   disk                                                0B     none       0B         0B       0B       0         0         0
        0        0   0        0B       0B         0                                                   disk             0 nbd6                512  43:192    512 brw-rw----       nbd6             0 root                                                                                 /dev/nbd6          512                                                     128    0       0  0    0     256 mq-deadline               0B             block                                                   disk                                                0B     none       0B         0B       0B       0         0         0
        0        0   0        0B       0B         0                                                   disk             0 nbd7                512  43:224    512 brw-rw----       nbd7             0 root                                                                                 /dev/nbd7          512                                                     128    0       0  0    0     256 mq-deadline               0B             block                                                   disk                                                0B     none       0B         0B       0B       0         0         0
        0        0   0        4M    49.5M         0                                                   disk             1 mmcblk2             512 179:0      512 brw-rw----       mmcblk2          0 root                                                                                 /dev/mmcblk2       512         dos    7e944be7                             128    0  0x8  0  0    0     128 mq-deadline 0xca6b01df 14.6G             block:mmc:mmc_host:platform                             disk                                                0B     none       0B         0B       0B       0         0         0
        0  3145728   0        4M    49.5M         0   11.8G /        14.2G ext4     1.7G    12% 1.0   disk             1 mmcblk2p1           512 179:1      512 brw-rw----       └─mmcblk2p1      0 root  0x80                0x83     Linux        7e944be7-01                          /dev/mmcblk2p1     512 mmcblk2 dos    7e944be7                             128    0       0  0    0     128 mq-deadline            14.6G  2048       block:mmc:mmc_host:platform /          /                part aefecef3-b5d2-4112-bc1f-502cfb1e7e58           0B     none       0B         0B       0B       0         0         0
        0        0   0        0B       0B         0                                                   disk             0 nullb0              512 253:0      512 brw-rw----       nullb0           0 root                                                                                 /dev/nullb0        512                                                     128    0       0  0    0      64 none                    250G             block                                                   disk                                                0B     none       0B         0B       0B       0         0         0
        0        0   0        0B       0B         0                                                   disk             0 nbd8                512  43:256    512 brw-rw----       nbd8             0 root                                                                                 /dev/nbd8          512                                                     128    0       0  0    0     256 mq-deadline               0B             block                                                   disk                                                0B     none       0B         0B       0B       0         0         0
        0        0   0        0B       0B         0                                                   disk             0 nbd9                512  43:288    512 brw-rw----       nbd9             0 root                                                                                 /dev/nbd9          512                                                     128    0       0  0    0     256 mq-deadline               0B             block                                                   disk                                                0B     none       0B         0B       0B       0         0         0
        0        0   0        0B       0B         0                                                   disk             0 nbd10               512  43:320    512 brw-rw----       nbd10            0 root                                                                                 /dev/nbd10         512                                                     128    0       0  0    0     256 mq-deadline               0B             block                                                   disk                                                0B     none       0B         0B       0B       0         0         0
        0        0   0        0B       0B         0                                                   disk             0 nbd11               512  43:352    512 brw-rw----       nbd11            0 root                                                                                 /dev/nbd11         512                                                     128    0       0  0    0     256 mq-deadline               0B             block                                                   disk                                                0B     none       0B         0B       0B       0         0         0
        0        0   0        0B       0B         0                                                   disk             0 nbd12               512  43:384    512 brw-rw----       nbd12            0 root                                                                                 /dev/nbd12         512                                                     128    0       0  0    0     256 mq-deadline               0B             block                                                   disk                                                0B     none       0B         0B       0B       0         0         0
        0        0   0        0B       0B         0                                                   disk             0 nbd13               512  43:416    512 brw-rw----       nbd13            0 root                                                                                 /dev/nbd13         512                                                     128    0       0  0    0     256 mq-deadline               0B             block                                                   disk                                                0B     none       0B         0B       0B       0         0         0
        0        0   0        0B       0B         0                                                   disk             0 nbd14               512  43:448    512 brw-rw----       nbd14            0 root                                                                                 /dev/nbd14         512                                                     128    0       0  0    0     256 mq-deadline               0B             block                                                   disk                                                0B     none       0B         0B       0B       0         0         0
        0        0   0        0B       0B         0                                                   disk             0 nbd15               512  43:480    512 brw-rw----       nbd15            0 root                                                                                 /dev/nbd15         512                                                     128    0       0  0    0     256 mq-deadline               0B             block                                                   disk                                                0B     none       0B         0B       0B       0         0         0
Filesystem     Type      Size  Used Avail Use% Mounted on
/dev/root      ext4       15G  1.7G   12G  13% /
devtmpfs       devtmpfs  712M     0  712M   0% /dev
tmpfs          tmpfs     970M     0  970M   0% /dev/shm
tmpfs          tmpfs     388M  2.9M  386M   1% /run
tmpfs          tmpfs     5.0M     0  5.0M   0% /run/lock
tmpfs          tmpfs     194M     0  194M   0% /run/user/1000
","[{""ifindex"":1,""ifname"":""lo"",""flags"":[""LOOPBACK"",""UP"",""LOWER_UP""],""mtu"":65536,""qdisc"":""noqueue"",""operstate"":""UNKNOWN"",""group"":""default"",""txqlen"":1000,""link_type"":""loopback"",""address"":""00:00:00:00:00:00"",""broadcast"":""00:00:00:00:00:00"",""addr_info"":[{""family"":""inet"",""local"":""127.0.0.1"",""prefixlen"":8,""scope"":""host"",""label"":""lo"",""valid_life_time"":4294967295,""preferred_life_time"":4294967295},{""family"":""inet6"",""local"":""::1"",""prefixlen"":128,""scope"":""host"",""noprefixroute"":true,""valid_life_time"":4294967295,""preferred_life_time"":4294967295}]},{""ifindex"":2,""link"":null,""ifname"":""tunl0"",""flags"":[""NOARP""],""mtu"":1480,""qdisc"":""noop"",""operstate"":""DOWN"",""group"":""default"",""txqlen"":1000,""link_type"":""ipip"",""address"":""0.0.0.0"",""broadcast"":""0.0.0.0"",""addr_info"":[]},{""ifindex"":3,""link"":null,""ifname"":""ip6tnl0"",""flags"":[""NOARP""],""mtu"":1452,""qdisc"":""noop"",""operstate"":""DOWN"",""group"":""default"",""txqlen"":1000,""link_type"":""tunnel6"",""address"":""::"",""broadcast"":""::"",""permaddr"":""2211:5cfe:7d00::"",""addr_info"":[]},{""ifindex"":4,""ifname"":""wlan0"",""flags"":[""NO-CARRIER"",""BROADCAST"",""MULTICAST"",""UP""],""mtu"":1500,""qdisc"":""mq"",""operstate"":""DOWN"",""group"":""default"",""txqlen"":1000,""link_type"":""ether"",""address"":""14:6b:9c:7d:30:ca"",""broadcast"":""ff:ff:ff:ff:ff:ff"",""addr_info"":[]},{""ifindex"":5,""ifname"":""end0"",""flags"":[""BROADCAST"",""MULTICAST"",""UP"",""LOWER_UP""],""mtu"":1500,""qdisc"":""mq"",""operstate"":""UP"",""group"":""default"",""txqlen"":1000,""link_type"":""ether"",""address"":""5e:74:05:b1:f3:99"",""broadcast"":""ff:ff:ff:ff:ff:ff"",""addr_info"":[{""family"":""inet"",""local"":""192.168.50.74"",""prefixlen"":24,""broadcast"":""192.168.50.255"",""scope"":""global"",""dynamic"":true,""noprefixroute"":true,""label"":""end0"",""valid_life_time"":6570,""preferred_life_time"":6570},{""family"":""inet6"",""local"":""fe80::31ea:272e:9978:8ef"",""prefixlen"":64,""scope"":""link"",""noprefixroute"":true,""valid_life_time"":4294967295,""preferred_life_time"":4294967295}]}]
[{""ifindex"":1,""ifname"":""lo"",""flags"":[""LOOPBACK"",""UP"",""LOWER_UP""],""mtu"":65536,""qdisc"":""noqueue"",""operstate"":""UNKNOWN"",""linkmode"":""DEFAULT"",""group"":""default"",""txqlen"":1000,""link_type"":""loopback"",""address"":""00:00:00:00:00:00"",""broadcast"":""00:00:00:00:00:00""},{""ifindex"":2,""link"":null,""ifname"":""tunl0"",""flags"":[""NOARP""],""mtu"":1480,""qdisc"":""noop"",""operstate"":""DOWN"",""linkmode"":""DEFAULT"",""group"":""default"",""txqlen"":1000,""link_type"":""ipip"",""address"":""0.0.0.0"",""broadcast"":""0.0.0.0""},{""ifindex"":3,""link"":null,""ifname"":""ip6tnl0"",""flags"":[""NOARP""],""mtu"":1452,""qdisc"":""noop"",""operstate"":""DOWN"",""linkmode"":""DEFAULT"",""group"":""default"",""txqlen"":1000,""link_type"":""tunnel6"",""address"":""::"",""broadcast"":""::"",""permaddr"":""2211:5cfe:7d00::""},{""ifindex"":4,""ifname"":""wlan0"",""flags"":[""NO-CARRIER"",""BROADCAST"",""MULTICAST"",""UP""],""mtu"":1500,""qdisc"":""mq"",""operstate"":""DOWN"",""linkmode"":""DORMANT"",""group"":""default"",""txqlen"":1000,""link_type"":""ether"",""address"":""14:6b:9c:7d:30:ca"",""broadcast"":""ff:ff:ff:ff:ff:ff""},{""ifindex"":5,""ifname"":""end0"",""flags"":[""BROADCAST"",""MULTICAST"",""UP"",""LOWER_UP""],""mtu"":1500,""qdisc"":""mq"",""operstate"":""UP"",""linkmode"":""DEFAULT"",""group"":""default"",""txqlen"":1000,""link_type"":""ether"",""address"":""5e:74:05:b1:f3:99"",""broadcast"":""ff:ff:ff:ff:ff:ff""}]
[{""dst"":""default"",""gateway"":""192.168.50.1"",""dev"":""end0"",""protocol"":""dhcp"",""prefsrc"":""192.168.50.74"",""metric"":100,""flags"":[]},{""dst"":""192.168.50.0/24"",""dev"":""end0"",""protocol"":""kernel"",""scope"":""link"",""prefsrc"":""192.168.50.74"",""metric"":100,""flags"":[]}]
/sys/class/net/end0/address=5e:74:05:b1:f3:99
/sys/class/net/ip6tnl0/address=00:00:00:00:00:00:00:00:00:00:00:00:00:00:00:00
/sys/class/net/lo/address=00:00:00:00:00:00
/sys/class/net/tunl0/address=00:00:00:00
/sys/class/net/wlan0/address=14:6b:9c:7d:30:ca
","IF=end0
bash: line 13: ethtool: command not found
5: end0: <BROADCAST,MULTICAST,UP,LOWER_UP> mtu 1500 qdisc mq state UP mode DEFAULT group default qlen 1000
    link/ether 5e:74:05:b1:f3:99 brd ff:ff:ff:ff:ff:ff
    RX:  bytes packets errors dropped  missed   mcast           
      24868395  105297      0       0       0       0 
    TX:  bytes packets errors dropped carrier collsns           
        411724    3222      0       0       0       0 
IF=ip6tnl0
bash: line 13: ethtool: command not found
3: ip6tnl0@NONE: <NOARP> mtu 1452 qdisc noop state DOWN mode DEFAULT group default qlen 1000
    link/tunnel6 :: brd :: permaddr 2211:5cfe:7d00::
    RX:  bytes packets errors dropped  missed   mcast           
             0       0      0       0       0       0 
    TX:  bytes packets errors dropped carrier collsns           
             0       0      0       0       0       0 
IF=lo
bash: line 13: ethtool: command not found
1: lo: <LOOPBACK,UP,LOWER_UP> mtu 65536 qdisc noqueue state UNKNOWN mode DEFAULT group default qlen 1000
    link/loopback 00:00:00:00:00:00 brd 00:00:00:00:00:00
    RX:  bytes packets errors dropped  missed   mcast           
           336       3      0       0       0       0 
    TX:  bytes packets errors dropped carrier collsns           
           336       3      0       0       0       0 
IF=tunl0
bash: line 13: ethtool: command not found
2: tunl0@NONE: <NOARP> mtu 1480 qdisc noop state DOWN mode DEFAULT group default qlen 1000
    link/ipip 0.0.0.0 brd 0.0.0.0
    RX:  bytes packets errors dropped  missed   mcast           
             0       0      0       0       0       0 
    TX:  bytes packets errors dropped carrier collsns           
             0       0      0       0       0       0 
IF=wlan0
bash: line 13: ethtool: command not found
4: wlan0: <NO-CARRIER,BROADCAST,MULTICAST,UP> mtu 1500 qdisc mq state DOWN mode DORMANT group default qlen 1000
    link/ether 14:6b:9c:7d:30:ca brd ff:ff:ff:ff:ff:ff
    RX:  bytes packets errors dropped  missed   mcast           
             0       0      0       0       0       0 
    TX:  bytes packets errors dropped carrier collsns           
             0       0      0       0       0       0 
","0.19 0.18 0.18 1/134 21081
    PID COMMAND         %CPU %MEM     ELAPSED COMMAND
  21082 ps               100  0.1       00:00 ps -eo pid,comm,pcpu,pmem,etime,args --sort=-pcpu
  21037 systemd-hostnam 31.1  0.2       00:00 /lib/systemd/systemd-hostnamed
  21023 sshd             7.0  0.4       00:01 sshd: caninos [priv]
  21030 bash             6.8  0.1       00:01 bash -s
  21029 sshd             1.8  0.3       00:01 sshd: caninos@notty
      7 kworker/0:0-mm_  0.3  0.0  5-00:07:05 [kworker/0:0-mm_percpu_wq]
  10420 kworker/0:1-eve  0.2  0.0    16:39:29 [kworker/0:1-events]
  20427 kworker/0:4-eve  0.2  0.0       05:07 [kworker/0:4-events]
    419 RTW_CMD_THREAD   0.1  0.0  5-00:06:52 [RTW_CMD_THREAD]
  12935 verifica_rede_l  0.1  0.1    01:08:11 /bin/bash /usr/local/bin/verifica_rede_led.sh
  19694 kworker/0:2-eve  0.0  0.0       10:18 [kworker/0:2-events]
    368 NetworkManager   0.0  1.1  5-00:06:55 /usr/sbin/NetworkManager --no-daemon
    424 wpa_supplicant   0.0  0.5  5-00:06:52 /sbin/wpa_supplicant -u -s -O DIR=/run/wpa_supplicant GROUP=netdev
  12098 systemd          0.0  0.5    01:12:33 /lib/systemd/systemd --user
    319 dbus-daemon      0.0  0.2  5-00:06:57 /usr/bin/dbus-daemon --system --address=systemd: --nofork --nopidfile --systemd-activation --syslog-only
  20698 kworker/2:2-eve  0.0  0.0       02:45 [kworker/2:2-events_power_efficient]
    334 ksdioirqd/mmc1   0.0  0.0  5-00:06:56 [ksdioirqd/mmc1]
  19999 kworker/2:0-mm_  0.0  0.0       07:47 [kworker/2:0-mm_percpu_wq]
    262 systemd-timesyn  0.0  0.3  5-00:06:58 /lib/systemd/systemd-timesyncd
      1 systemd          0.0  0.6  5-00:07:05 /sbin/init
  12114 bash             0.0  0.2    01:12:31 -bash
     20 ksoftirqd/1      0.0  0.0  5-00:07:05 [ksoftirqd/1]
  15444 kworker/u8:2-wr  0.0  0.0       46:54 [kworker/u8:2-writeback]
  19086 kworker/u8:1-ev  0.0  0.0       15:25 [kworker/u8:1-events_unbound]
  UNIT                       LOAD   ACTIVE SUB     DESCRIPTION
  cron.service               loaded active running Regular background program processing daemon
  dbus.service               loaded active running D-Bus System Message Bus
  getty@tty1.service         loaded active running Getty on tty1
  led-udp.service            loaded active running LED UDP Control Service
  ModemManager.service       loaded active running Modem Manager
  NetworkManager.service     loaded active running Network Manager
  polkit.service             loaded active running Authorization Manager
  rsyslog.service            loaded active running System Logging Service
  serial-getty@ttyS3.service loaded active running Serial Getty on ttyS3
  ssh.service                loaded active running OpenBSD Secure Shell server
  systemd-hostnamed.service  loaded active running Hostname Service
  systemd-journald.service   loaded active running Journal Service
  systemd-logind.service     loaded active running User Login Management
  systemd-timesyncd.service  loaded active running Network Time Synchronization
  systemd-udevd.service      loaded active running Rule-based Manager for Device Events and Files
  user@1000.service          loaded active running User Manager for UID 1000
  verifica-rede-led.service  loaded active running Verifica rede end0 e controla LEDs da Labrador
  wifi_bt_start.service      loaded active running LSB: Bluetooth Start
  wpa_supplicant.service     loaded active running WPA supplicant

LOAD   = Reflects whether the unit definition was properly loaded.
ACTIVE = The high-level unit activation state, i.e. generalization of SUB.
SUB    = The low-level unit activation state, values depend on unit type.
19 loaded units listed.
","/sys/class/thermal/thermal_zone0/type=cpu-temp
/sys/class/thermal/thermal_zone1/type=gpu-temp
/sys/class/thermal/thermal_zone2/type=corelogic-temp
/sys/class/thermal/thermal_zone0/temp=74342
/sys/class/thermal/thermal_zone1/temp=83668
/sys/class/thermal/thermal_zone2/temp=104927
/sys/class/hwmon/hwmon0/name=cpu_temp
/sys/class/hwmon/hwmon1/name=gpu_temp
/sys/class/hwmon/hwmon2/name=corelogic_temp
/sys/class/hwmon/hwmon0/temp1_input=74342
/sys/class/hwmon/hwmon1/temp1_input=83668
/sys/class/hwmon/hwmon2/temp1_input=104927
","CMD=gcc PATH=bash: line 14: gcc: command not found
CMD=g++ PATH=bash: line 14: g++: command not found
CMD=clang PATH=bash: line 14: clang: command not found
CMD=make PATH=/usr/bin/make
GNU Make 4.3
Built for aarch64-unknown-linux-gnu
CMD=cmake PATH=bash: line 14: cmake: command not found
CMD=python3 PATH=/usr/bin/python3
Python 3.11.2
CMD=python PATH=bash: line 14: python: command not found
CMD=git PATH=bash: line 14: git: command not found
CMD=pip3 PATH=bash: line 14: pip3: command not found
CMD=llama-cli PATH=bash: line 14: llama-cli: command not found
CMD=llama-server PATH=bash: line 14: llama-server: command not found
CMD=ollama PATH=bash: line 14: ollama: command not found
CMD=vllm PATH=bash: line 14: vllm: command not found
CMD=torchrun PATH=bash: line 14: torchrun: command not found
CMD=mpirun PATH=bash: line 14: mpirun: command not found
CMD=iperf3 PATH=bash: line 14: iperf3: command not found
",,"[Sat Sep 26 15:06:43 2026] caninos-dwmac e0220000.ethernet end0: Link is Down
[Sat Sep 26 15:06:58 2026] caninos-dwmac e0220000.ethernet end0: Link is Up - 100Mbps/Full - flow control off
[Sat Sep 26 23:29:16 2026] caninos-dwmac e0220000.ethernet end0: Link is Down
[Sat Sep 26 23:29:31 2026] caninos-dwmac e0220000.ethernet end0: Link is Up - 100Mbps/Full - flow control off
[Sun Sep 27 03:13:55 2026] caninos-dwmac e0220000.ethernet end0: Link is Down
[Sun Sep 27 03:13:58 2026] caninos-dwmac e0220000.ethernet end0: Link is Up - 100Mbps/Full - flow control off
[Sun Sep 27 03:13:59 2026] caninos-dwmac e0220000.ethernet end0: Link is Down
[Sun Sep 27 03:14:00 2026] caninos-dwmac e0220000.ethernet end0: Link is Up - 100Mbps/Full - flow control rx/tx
[Sun Sep 27 03:14:01 2026] caninos-dwmac e0220000.ethernet end0: Link is Down
[Sun Sep 27 03:14:10 2026] caninos-dwmac e0220000.ethernet end0: Link is Up - 100Mbps/Full - flow control off
[Sun Sep 27 17:48:59 2026] caninos-dwmac e0220000.ethernet end0: Link is Down
[Sun Sep 27 17:49:15 2026] caninos-dwmac e0220000.ethernet end0: Link is Up - 100Mbps/Full - flow control off
[Sun Sep 27 21:52:52 2026] caninos-dwmac e0220000.ethernet end0: Link is Down
[Sun Sep 27 21:52:55 2026] caninos-dwmac e0220000.ethernet end0: Link is Up - 100Mbps/Full - flow control off
[Sun Sep 27 21:52:56 2026] caninos-dwmac e0220000.ethernet end0: Link is Down
[Sun Sep 27 21:52:57 2026] caninos-dwmac e0220000.ethernet end0: Link is Up - 100Mbps/Full - flow control rx/tx
[Sun Sep 27 21:52:58 2026] caninos-dwmac e0220000.ethernet end0: Link is Down
[Sun Sep 27 21:53:08 2026] caninos-dwmac e0220000.ethernet end0: Link is Up - 100Mbps/Full - flow control off
[Mon Sep 28 03:16:09 2026] caninos-dwmac e0220000.ethernet end0: Link is Down
[Mon Sep 28 03:16:12 2026] caninos-dwmac e0220000.ethernet end0: Link is Up - 100Mbps/Full - flow control off
[Mon Sep 28 03:16:13 2026] caninos-dwmac e0220000.ethernet end0: Link is Down
[Mon Sep 28 03:16:14 2026] caninos-dwmac e0220000.ethernet end0: Link is Up - 100Mbps/Full - flow control rx/tx
[Mon Sep 28 03:16:15 2026] caninos-dwmac e0220000.ethernet end0: Link is Down
[Mon Sep 28 03:16:24 2026] caninos-dwmac e0220000.ethernet end0: Link is Up - 100Mbps/Full - flow control off
[Mon Sep 28 10:00:19 2026] caninos-dwmac e0220000.ethernet end0: Link is Down
[Mon Sep 28 10:00:35 2026] caninos-dwmac e0220000.ethernet end0: Link is Up - 100Mbps/Full - flow control off
[Mon Sep 28 12:09:53 2026] caninos-dwmac e0220000.ethernet end0: Link is Down
[Mon Sep 28 12:09:56 2026] caninos-dwmac e0220000.ethernet end0: Link is Up - 100Mbps/Full - flow control off
[Mon Sep 28 12:09:57 2026] caninos-dwmac e0220000.ethernet end0: Link is Down
[Mon Sep 28 12:09:58 2026] caninos-dwmac e0220000.ethernet end0: Link is Up - 100Mbps/Full - flow control rx/tx
[Mon Sep 28 12:09:59 2026] caninos-dwmac e0220000.ethernet end0: Link is Down
[Mon Sep 28 12:10:07 2026] caninos-dwmac e0220000.ethernet end0: Link is Up - 100Mbps/Full - flow control off
[Mon Sep 28 23:08:26 2026] caninos-dwmac e0220000.ethernet end0: Link is Down
[Mon Sep 28 23:08:29 2026] caninos-dwmac e0220000.ethernet end0: Link is Up - 100Mbps/Full - flow control off
[Mon Sep 28 23:08:30 2026] caninos-dwmac e0220000.ethernet end0: Link is Down
[Mon Sep 28 23:08:31 2026] caninos-dwmac e0220000.ethernet end0: Link is Up - 100Mbps/Full - flow control rx/tx
[Mon Sep 28 23:08:32 2026] caninos-dwmac e0220000.ethernet end0: Link is Down
[Mon Sep 28 23:08:42 2026] caninos-dwmac e0220000.ethernet end0: Link is Up - 100Mbps/Full - flow control off
[Tue Sep 29 01:27:21 2026] caninos-dwmac e0220000.ethernet end0: Link is Down
[Tue Sep 29 01:27:37 2026] caninos-dwmac e0220000.ethernet end0: Link is Up - 100Mbps/Full - flow control off
[Tue Sep 29 03:25:42 2026] caninos-dwmac e0220000.ethernet end0: Link is Down
[Tue Sep 29 03:25:45 2026] caninos-dwmac e0220000.ethernet end0: Link is Up - 100Mbps/Full - flow control off
[Tue Sep 29 03:25:47 2026] caninos-dwmac e0220000.ethernet end0: Link is Down
[Tue Sep 29 03:25:48 2026] caninos-dwmac e0220000.ethernet end0: Link is Up - 100Mbps/Full - flow control rx/tx
[Tue Sep 29 03:25:49 2026] caninos-dwmac e0220000.ethernet end0: Link is Down
[Tue Sep 29 03:25:58 2026] caninos-dwmac e0220000.ethernet end0: Link is Up - 100Mbps/Full - flow control off
[Tue Sep 29 06:34:39 2026] caninos-dwmac e0220000.ethernet end0: Link is Down
[Tue Sep 29 06:34:55 2026] caninos-dwmac e0220000.ethernet end0: Link is Up - 100Mbps/Full - flow control off
[Tue Sep 29 12:59:33 2026] caninos-dwmac e0220000.ethernet end0: Link is Down
[Tue Sep 29 12:59:36 2026] caninos-dwmac e0220000.ethernet end0: Link is Up - 100Mbps/Full - flow control off
[Tue Sep 29 12:59:37 2026] caninos-dwmac e0220000.ethernet end0: Link is Down
[Tue Sep 29 12:59:38 2026] caninos-dwmac e0220000.ethernet end0: Link is Up - 100Mbps/Full - flow control rx/tx
[Tue Sep 29 12:59:39 2026] caninos-dwmac e0220000.ethernet end0: Link is Down
[Tue Sep 29 12:59:48 2026] caninos-dwmac e0220000.ethernet end0: Link is Up - 100Mbps/Full - flow control off
[Tue Sep 29 13:38:07 2026] caninos-dwmac e0220000.ethernet end0: Link is Down
[Tue Sep 29 13:38:22 2026] caninos-dwmac e0220000.ethernet end0: Link is Up - 100Mbps/Full - flow control off
[Tue Sep 29 17:15:42 2026] caninos-dwmac e0220000.ethernet end0: Link is Down
[Tue Sep 29 17:15:57 2026] caninos-dwmac e0220000.ethernet end0: Link is Up - 100Mbps/Full - flow control off
[Tue Sep 29 21:28:47 2026] caninos-dwmac e0220000.ethernet end0: Link is Down
[Tue Sep 29 21:29:01 2026] caninos-dwmac e0220000.ethernet end0: Link is Up - 100Mbps/Full - flow control off
[Tue Sep 29 23:59:37 2026] caninos-dwmac e0220000.ethernet end0: Link is Down
[Tue Sep 29 23:59:52 2026] caninos-dwmac e0220000.ethernet end0: Link is Up - 100Mbps/Full - flow control off
[Wed Sep 30 00:20:31 2026] caninos-dwmac e0220000.ethernet end0: Link is Down
[Wed Sep 30 00:20:34 2026] caninos-dwmac e0220000.ethernet end0: Link is Up - 100Mbps/Full - flow control off
[Wed Sep 30 00:20:35 2026] caninos-dwmac e0220000.ethernet end0: Link is Down
[Wed Sep 30 00:20:36 2026] caninos-dwmac e0220000.ethernet end0: Link is Up - 100Mbps/Full - flow control rx/tx
[Wed Sep 30 00:20:37 2026] caninos-dwmac e0220000.ethernet end0: Link is Down
[Wed Sep 30 00:20:47 2026] caninos-dwmac e0220000.ethernet end0: Link is Up - 100Mbps/Full - flow control off
[Wed Sep 30 07:05:55 2026] caninos-dwmac e0220000.ethernet end0: Link is Down
[Wed Sep 30 07:06:00 2026] caninos-dwmac e0220000.ethernet end0: Link is Up - 100Mbps/Full - flow control rx/tx
[Wed Sep 30 07:06:01 2026] caninos-dwmac e0220000.ethernet end0: Link is Down
[Wed Sep 30 07:06:10 2026] caninos-dwmac e0220000.ethernet end0: Link is Up - 100Mbps/Full - flow control off
[Wed Sep 30 16:51:06 2026] caninos-dwmac e0220000.ethernet end0: Link is Down
[Wed Sep 30 16:51:08 2026] caninos-dwmac e0220000.ethernet end0: Link is Up - 100Mbps/Full - flow control off
[Wed Sep 30 20:17:57 2026] caninos-dwmac e0220000.ethernet end0: Link is Down
[Wed Sep 30 20:18:13 2026] caninos-dwmac e0220000.ethernet end0: Link is Up - 100Mbps/Full - flow control off
[Wed Sep 30 22:06:09 2026] caninos-dwmac e0220000.ethernet end0: Link is Down
[Wed Sep 30 22:06:14 2026] caninos-dwmac e0220000.ethernet end0: Link is Up - 100Mbps/Full - flow control rx/tx
[Wed Sep 30 22:06:15 2026] caninos-dwmac e0220000.ethernet end0: Link is Down
[Wed Sep 30 22:06:25 2026] caninos-dwmac e0220000.ethernet end0: Link is Up - 100Mbps/Full - flow control off
[Thu Oct  1 01:31:15 2026] caninos-dwmac e0220000.ethernet end0: Link is Down
[Thu Oct  1 01:31:31 2026] caninos-dwmac e0220000.ethernet end0: Link is Up - 100Mbps/Full - flow control off
[Thu Oct  1 04:20:16 2026] caninos-dwmac e0220000.ethernet end0: Link is Down
[Thu Oct  1 04:20:20 2026] caninos-dwmac e0220000.ethernet end0: Link is Up - 100Mbps/Full - flow control off
[Thu Oct  1 04:20:21 2026] caninos-dwmac e0220000.ethernet end0: Link is Down
[Thu Oct  1 04:20:22 2026] caninos-dwmac e0220000.ethernet end0: Link is Up - 100Mbps/Full - flow control rx/tx
[Thu Oct  1 04:20:23 2026] caninos-dwmac e0220000.ethernet end0: Link is Down
[Thu Oct  1 04:20:31 2026] caninos-dwmac e0220000.ethernet end0: Link is Up - 100Mbps/Full - flow control off
[Thu Oct  1 08:43:26 2026] caninos-dwmac e0220000.ethernet end0: Link is Down
[Thu Oct  1 08:43:41 2026] caninos-dwmac e0220000.ethernet end0: Link is Up - 100Mbps/Full - flow control off
[Thu Oct  1 09:09:09 2026] caninos-dwmac e0220000.ethernet end0: Link is Down
[Thu Oct  1 09:09:25 2026] caninos-dwmac e0220000.ethernet end0: Link is Up - 100Mbps/Full - flow control off
[Thu Oct  1 10:10:08 2026] caninos-dwmac e0220000.ethernet end0: Link is Down
[Thu Oct  1 10:10:10 2026] caninos-dwmac e0220000.ethernet end0: Link is Up - 100Mbps/Full - flow control off
[Thu Oct  1 11:05:44 2026] caninos-dwmac e0220000.ethernet end0: Link is Down
[Thu Oct  1 11:05:47 2026] caninos-dwmac e0220000.ethernet end0: Link is Up - 100Mbps/Full - flow control off
[Thu Oct  1 11:05:56 2026] caninos-dwmac e0220000.ethernet end0: Link is Down
[Thu Oct  1 11:06:00 2026] caninos-dwmac e0220000.ethernet end0: Link is Up - 100Mbps/Full - flow control off
[Thu Oct  1 11:37:30 2026] caninos-dwmac e0220000.ethernet end0: Link is Down
[Thu Oct  1 11:37:33 2026] caninos-dwmac e0220000.ethernet end0: Link is Up - 100Mbps/Full - flow control off
",,,data/runs/20261001T151649Z/hosts/192.168.50.74/raw.txt,
node05,192.168.50.44,True,0,labrador,11b02da9cc614528b947d24bad602e6d,"Caninos Labrador 7 (Base 2.1) 
caninos,k7

cat: /proc/device-tree/serial-number: No such file or directory

",Caninos Labrador 7 (Base 2.1),aarch64,4,"Linux labrador 6.1.76 #1 SMP Fri Feb 28 17:06:14 UTC 2025 aarch64 GNU/Linux
Architecture:                       aarch64
CPU op-mode(s):                     32-bit, 64-bit
Byte Order:                         Little Endian
CPU(s):                             4
On-line CPU(s) list:                0-3
Vendor ID:                          ARM
Model name:                         Cortex-A53
Model:                              4
Thread(s) per core:                 1
Core(s) per cluster:                4
Socket(s):                          -
Cluster(s):                         1
Stepping:                           r0p4
BogoMIPS:                           48.00
Flags:                              fp asimd evtstrm crc32 cpuid
Vulnerability Gather data sampling: Not affected
Vulnerability Itlb multihit:        Not affected
Vulnerability L1tf:                 Not affected
Vulnerability Mds:                  Not affected
Vulnerability Meltdown:             Not affected
Vulnerability Mmio stale data:      Not affected
Vulnerability Retbleed:             Not affected
Vulnerability Spec rstack overflow: Not affected
Vulnerability Spec store bypass:    Not affected
Vulnerability Spectre v1:           Mitigation; __user pointer sanitization
Vulnerability Spectre v2:           Not affected
Vulnerability Srbds:                Not affected
Vulnerability Tsx async abort:      Not affected
processor	: 0
BogoMIPS	: 48.00
Features	: fp asimd evtstrm crc32 cpuid
processor	: 1
BogoMIPS	: 48.00
Features	: fp asimd evtstrm crc32 cpuid
processor	: 2
BogoMIPS	: 48.00
Features	: fp asimd evtstrm crc32 cpuid
processor	: 3
BogoMIPS	: 48.00
Features	: fp asimd evtstrm crc32 cpuid
","PRETTY_NAME=""Debian GNU/Linux 12 (bookworm)""
NAME=""Debian GNU/Linux""
VERSION_ID=""12""
VERSION=""12 (bookworm)""
VERSION_CODENAME=bookworm
ID=debian
HOME_URL=""https://www.debian.org/""
SUPPORT_URL=""https://www.debian.org/support""
BUG_REPORT_URL=""https://bugs.debian.org/""
6.1.76
2026-09-26 12:09:56
 12:17:02 up 5 days, 7 min,  1 user,  load average: 0.11, 0.16, 0.17
2026-10-01T15:17:02Z
","               total        used        free      shared  buff/cache   available
Mem:      2034073600   239063040  1534046208     3010560   343027712  1795010560
Swap:              0           0           0
bash: line 9: swapon: command not found
MemTotal:        1986400 kB
MemFree:         1498092 kB
MemAvailable:    1752940 kB
Buffers:           64996 kB
Cached:           239492 kB
SwapCached:            0 kB
Active:           165196 kB
Inactive:         190800 kB
Active(anon):       2816 kB
Inactive(anon):    51632 kB
Active(file):     162380 kB
Inactive(file):   139168 kB
Unevictable:           0 kB
Mlocked:               0 kB
SwapTotal:             0 kB
SwapFree:              0 kB
Zswap:                 0 kB
Zswapped:              0 kB
Dirty:               352 kB
Writeback:             0 kB
AnonPages:         51196 kB
Mapped:            53020 kB
Shmem:              2940 kB
KReclaimable:      30500 kB
Slab:              58840 kB
SReclaimable:      30500 kB
SUnreclaim:        28340 kB
KernelStack:        2272 kB
PageTables:         1712 kB
SecPageTables:         0 kB
","ALIGNMENT DISC-ALN DAX DISC-GRAN DISC-MAX DISC-ZERO FSAVAIL FSROOTS FSSIZE FSTYPE FSUSED FSUSE% FSVER GROUP HCTL HOTPLUG KNAME     LABEL LOG-SEC MAJ:MIN MIN-IO MODE       MODEL NAME        OPT-IO OWNER PARTFLAGS PARTLABEL PARTTYPE PARTTYPENAME PARTUUID                             PATH           PHY-SEC PKNAME  PTTYPE PTUUID                                RA RAND  REV RM RO ROTA RQ-SIZE SCHED       SERIAL      SIZE START STATE SUBSYSTEMS                  MOUNTPOINT MOUNTPOINTS TRAN TYPE UUID                                 VENDOR WSAME WWN ZONED ZONE-SZ ZONE-WGRAN ZONE-APP ZONE-NR ZONE-OMAX ZONE-AMAX
        0        0   0        0B       0B         0                                                   disk             0 nbd0                512  43:0      512 brw-rw----       nbd0             0 root                                                                                 /dev/nbd0          512                                                     128    0       0  0    0     256 mq-deadline               0B             block                                                   disk                                                0B     none       0B         0B       0B       0         0         0
        0        0   0        0B       0B         0                                                   disk             0 nbd1                512  43:32     512 brw-rw----       nbd1             0 root                                                                                 /dev/nbd1          512                                                     128    0       0  0    0     256 mq-deadline               0B             block                                                   disk                                                0B     none       0B         0B       0B       0         0         0
        0        0   0        0B       0B         0                                                   disk             0 nbd2                512  43:64     512 brw-rw----       nbd2             0 root                                                                                 /dev/nbd2          512                                                     128    0       0  0    0     256 mq-deadline               0B             block                                                   disk                                                0B     none       0B         0B       0B       0         0         0
        0        0   0        0B       0B         0                                                   disk             0 nbd3                512  43:96     512 brw-rw----       nbd3             0 root                                                                                 /dev/nbd3          512                                                     128    0       0  0    0     256 mq-deadline               0B             block                                                   disk                                                0B     none       0B         0B       0B       0         0         0
        0        0   0        0B       0B         0                                                   disk             0 nbd4                512  43:128    512 brw-rw----       nbd4             0 root                                                                                 /dev/nbd4          512                                                     128    0       0  0    0     256 mq-deadline               0B             block                                                   disk                                                0B     none       0B         0B       0B       0         0         0
        0        0   0        0B       0B         0                                                   disk             0 nbd5                512  43:160    512 brw-rw----       nbd5             0 root                                                                                 /dev/nbd5          512                                                     128    0       0  0    0     256 mq-deadline               0B             block                                                   disk                                                0B     none       0B         0B       0B       0         0         0
        0        0   0        0B       0B         0                                                   disk             0 nbd6                512  43:192    512 brw-rw----       nbd6             0 root                                                                                 /dev/nbd6          512                                                     128    0       0  0    0     256 mq-deadline               0B             block                                                   disk                                                0B     none       0B         0B       0B       0         0         0
        0        0   0        0B       0B         0                                                   disk             0 nbd7                512  43:224    512 brw-rw----       nbd7             0 root                                                                                 /dev/nbd7          512                                                     128    0       0  0    0     256 mq-deadline               0B             block                                                   disk                                                0B     none       0B         0B       0B       0         0         0
        0        0   0        4M    49.5M         0                                                   disk             1 mmcblk2             512 179:0      512 brw-rw----       mmcblk2          0 root                                                                                 /dev/mmcblk2       512         dos    dd3fb54b                             128    0  0x8  0  0    0     128 mq-deadline 0xcb1c00c7 14.6G             block:mmc:mmc_host:platform                             disk                                                0B     none       0B         0B       0B       0         0         0
        0  3145728   0        4M    49.5M         0   11.8G /        14.2G ext4     1.7G    12% 1.0   disk             1 mmcblk2p1           512 179:1      512 brw-rw----       └─mmcblk2p1      0 root  0x80                0x83     Linux        dd3fb54b-01                          /dev/mmcblk2p1     512 mmcblk2 dos    dd3fb54b                             128    0       0  0    0     128 mq-deadline            14.6G  2048       block:mmc:mmc_host:platform /          /                part 7eb3af26-20c7-46f3-8980-2b0faaa60332           0B     none       0B         0B       0B       0         0         0
        0        0   0        0B       0B         0                                                   disk             0 nullb0              512 253:0      512 brw-rw----       nullb0           0 root                                                                                 /dev/nullb0        512                                                     128    0       0  0    0      64 none                    250G             block                                                   disk                                                0B     none       0B         0B       0B       0         0         0
        0        0   0        0B       0B         0                                                   disk             0 nbd8                512  43:256    512 brw-rw----       nbd8             0 root                                                                                 /dev/nbd8          512                                                     128    0       0  0    0     256 mq-deadline               0B             block                                                   disk                                                0B     none       0B         0B       0B       0         0         0
        0        0   0        0B       0B         0                                                   disk             0 nbd9                512  43:288    512 brw-rw----       nbd9             0 root                                                                                 /dev/nbd9          512                                                     128    0       0  0    0     256 mq-deadline               0B             block                                                   disk                                                0B     none       0B         0B       0B       0         0         0
        0        0   0        0B       0B         0                                                   disk             0 nbd10               512  43:320    512 brw-rw----       nbd10            0 root                                                                                 /dev/nbd10         512                                                     128    0       0  0    0     256 mq-deadline               0B             block                                                   disk                                                0B     none       0B         0B       0B       0         0         0
        0        0   0        0B       0B         0                                                   disk             0 nbd11               512  43:352    512 brw-rw----       nbd11            0 root                                                                                 /dev/nbd11         512                                                     128    0       0  0    0     256 mq-deadline               0B             block                                                   disk                                                0B     none       0B         0B       0B       0         0         0
        0        0   0        0B       0B         0                                                   disk             0 nbd12               512  43:384    512 brw-rw----       nbd12            0 root                                                                                 /dev/nbd12         512                                                     128    0       0  0    0     256 mq-deadline               0B             block                                                   disk                                                0B     none       0B         0B       0B       0         0         0
        0        0   0        0B       0B         0                                                   disk             0 nbd13               512  43:416    512 brw-rw----       nbd13            0 root                                                                                 /dev/nbd13         512                                                     128    0       0  0    0     256 mq-deadline               0B             block                                                   disk                                                0B     none       0B         0B       0B       0         0         0
        0        0   0        0B       0B         0                                                   disk             0 nbd14               512  43:448    512 brw-rw----       nbd14            0 root                                                                                 /dev/nbd14         512                                                     128    0       0  0    0     256 mq-deadline               0B             block                                                   disk                                                0B     none       0B         0B       0B       0         0         0
        0        0   0        0B       0B         0                                                   disk             0 nbd15               512  43:480    512 brw-rw----       nbd15            0 root                                                                                 /dev/nbd15         512                                                     128    0       0  0    0     256 mq-deadline               0B             block                                                   disk                                                0B     none       0B         0B       0B       0         0         0
Filesystem     Type      Size  Used Avail Use% Mounted on
/dev/root      ext4       15G  1.7G   12G  13% /
devtmpfs       devtmpfs  712M     0  712M   0% /dev
tmpfs          tmpfs     970M     0  970M   0% /dev/shm
tmpfs          tmpfs     388M  2.9M  386M   1% /run
tmpfs          tmpfs     5.0M     0  5.0M   0% /run/lock
tmpfs          tmpfs     194M     0  194M   0% /run/user/1000
","[{""ifindex"":1,""ifname"":""lo"",""flags"":[""LOOPBACK"",""UP"",""LOWER_UP""],""mtu"":65536,""qdisc"":""noqueue"",""operstate"":""UNKNOWN"",""group"":""default"",""txqlen"":1000,""link_type"":""loopback"",""address"":""00:00:00:00:00:00"",""broadcast"":""00:00:00:00:00:00"",""addr_info"":[{""family"":""inet"",""local"":""127.0.0.1"",""prefixlen"":8,""scope"":""host"",""label"":""lo"",""valid_life_time"":4294967295,""preferred_life_time"":4294967295},{""family"":""inet6"",""local"":""::1"",""prefixlen"":128,""scope"":""host"",""noprefixroute"":true,""valid_life_time"":4294967295,""preferred_life_time"":4294967295}]},{""ifindex"":2,""link"":null,""ifname"":""tunl0"",""flags"":[""NOARP""],""mtu"":1480,""qdisc"":""noop"",""operstate"":""DOWN"",""group"":""default"",""txqlen"":1000,""link_type"":""ipip"",""address"":""0.0.0.0"",""broadcast"":""0.0.0.0"",""addr_info"":[]},{""ifindex"":3,""link"":null,""ifname"":""ip6tnl0"",""flags"":[""NOARP""],""mtu"":1452,""qdisc"":""noop"",""operstate"":""DOWN"",""group"":""default"",""txqlen"":1000,""link_type"":""tunnel6"",""address"":""::"",""broadcast"":""::"",""permaddr"":""f61b:bf8e:730f::"",""addr_info"":[]},{""ifindex"":4,""ifname"":""wlan0"",""flags"":[""NO-CARRIER"",""BROADCAST"",""MULTICAST"",""UP""],""mtu"":1500,""qdisc"":""mq"",""operstate"":""DOWN"",""group"":""default"",""txqlen"":1000,""link_type"":""ether"",""address"":""14:6b:9c:7d:94:16"",""broadcast"":""ff:ff:ff:ff:ff:ff"",""addr_info"":[]},{""ifindex"":5,""ifname"":""end0"",""flags"":[""BROADCAST"",""MULTICAST"",""UP"",""LOWER_UP""],""mtu"":1500,""qdisc"":""mq"",""operstate"":""UP"",""group"":""default"",""txqlen"":1000,""link_type"":""ether"",""address"":""82:7b:8b:d6:85:dc"",""broadcast"":""ff:ff:ff:ff:ff:ff"",""addr_info"":[{""family"":""inet"",""local"":""192.168.50.44"",""prefixlen"":24,""broadcast"":""192.168.50.255"",""scope"":""global"",""dynamic"":true,""noprefixroute"":true,""label"":""end0"",""valid_life_time"":4792,""preferred_life_time"":4792},{""family"":""inet6"",""local"":""fe80::e5b2:33ff:938f:d9ba"",""prefixlen"":64,""scope"":""link"",""noprefixroute"":true,""valid_life_time"":4294967295,""preferred_life_time"":4294967295}]}]
[{""ifindex"":1,""ifname"":""lo"",""flags"":[""LOOPBACK"",""UP"",""LOWER_UP""],""mtu"":65536,""qdisc"":""noqueue"",""operstate"":""UNKNOWN"",""linkmode"":""DEFAULT"",""group"":""default"",""txqlen"":1000,""link_type"":""loopback"",""address"":""00:00:00:00:00:00"",""broadcast"":""00:00:00:00:00:00""},{""ifindex"":2,""link"":null,""ifname"":""tunl0"",""flags"":[""NOARP""],""mtu"":1480,""qdisc"":""noop"",""operstate"":""DOWN"",""linkmode"":""DEFAULT"",""group"":""default"",""txqlen"":1000,""link_type"":""ipip"",""address"":""0.0.0.0"",""broadcast"":""0.0.0.0""},{""ifindex"":3,""link"":null,""ifname"":""ip6tnl0"",""flags"":[""NOARP""],""mtu"":1452,""qdisc"":""noop"",""operstate"":""DOWN"",""linkmode"":""DEFAULT"",""group"":""default"",""txqlen"":1000,""link_type"":""tunnel6"",""address"":""::"",""broadcast"":""::"",""permaddr"":""f61b:bf8e:730f::""},{""ifindex"":4,""ifname"":""wlan0"",""flags"":[""NO-CARRIER"",""BROADCAST"",""MULTICAST"",""UP""],""mtu"":1500,""qdisc"":""mq"",""operstate"":""DOWN"",""linkmode"":""DORMANT"",""group"":""default"",""txqlen"":1000,""link_type"":""ether"",""address"":""14:6b:9c:7d:94:16"",""broadcast"":""ff:ff:ff:ff:ff:ff""},{""ifindex"":5,""ifname"":""end0"",""flags"":[""BROADCAST"",""MULTICAST"",""UP"",""LOWER_UP""],""mtu"":1500,""qdisc"":""mq"",""operstate"":""UP"",""linkmode"":""DEFAULT"",""group"":""default"",""txqlen"":1000,""link_type"":""ether"",""address"":""82:7b:8b:d6:85:dc"",""broadcast"":""ff:ff:ff:ff:ff:ff""}]
[{""dst"":""default"",""gateway"":""192.168.50.1"",""dev"":""end0"",""protocol"":""dhcp"",""prefsrc"":""192.168.50.44"",""metric"":100,""flags"":[]},{""dst"":""192.168.50.0/24"",""dev"":""end0"",""protocol"":""kernel"",""scope"":""link"",""prefsrc"":""192.168.50.44"",""metric"":100,""flags"":[]}]
/sys/class/net/end0/address=82:7b:8b:d6:85:dc
/sys/class/net/ip6tnl0/address=00:00:00:00:00:00:00:00:00:00:00:00:00:00:00:00
/sys/class/net/lo/address=00:00:00:00:00:00
/sys/class/net/tunl0/address=00:00:00:00
/sys/class/net/wlan0/address=14:6b:9c:7d:94:16
","IF=end0
bash: line 13: ethtool: command not found
5: end0: <BROADCAST,MULTICAST,UP,LOWER_UP> mtu 1500 qdisc mq state UP mode DEFAULT group default qlen 1000
    link/ether 82:7b:8b:d6:85:dc brd ff:ff:ff:ff:ff:ff
    RX:  bytes packets errors dropped  missed   mcast           
      24959628  106288      0       0       0       0 
    TX:  bytes packets errors dropped carrier collsns           
        483098    4067      0       0       0       0 
IF=ip6tnl0
bash: line 13: ethtool: command not found
3: ip6tnl0@NONE: <NOARP> mtu 1452 qdisc noop state DOWN mode DEFAULT group default qlen 1000
    link/tunnel6 :: brd :: permaddr f61b:bf8e:730f::
    RX:  bytes packets errors dropped  missed   mcast           
             0       0      0       0       0       0 
    TX:  bytes packets errors dropped carrier collsns           
             0       0      0       0       0       0 
IF=lo
bash: line 13: ethtool: command not found
1: lo: <LOOPBACK,UP,LOWER_UP> mtu 65536 qdisc noqueue state UNKNOWN mode DEFAULT group default qlen 1000
    link/loopback 00:00:00:00:00:00 brd 00:00:00:00:00:00
    RX:  bytes packets errors dropped  missed   mcast           
             0       0      0       0       0       0 
    TX:  bytes packets errors dropped carrier collsns           
             0       0      0       0       0       0 
IF=tunl0
bash: line 13: ethtool: command not found
2: tunl0@NONE: <NOARP> mtu 1480 qdisc noop state DOWN mode DEFAULT group default qlen 1000
    link/ipip 0.0.0.0 brd 0.0.0.0
    RX:  bytes packets errors dropped  missed   mcast           
             0       0      0       0       0       0 
    TX:  bytes packets errors dropped carrier collsns           
             0       0      0       0       0       0 
IF=wlan0
bash: line 13: ethtool: command not found
4: wlan0: <NO-CARRIER,BROADCAST,MULTICAST,UP> mtu 1500 qdisc mq state DOWN mode DORMANT group default qlen 1000
    link/ether 14:6b:9c:7d:94:16 brd ff:ff:ff:ff:ff:ff
    RX:  bytes packets errors dropped  missed   mcast           
             0       0      0       0       0       0 
    TX:  bytes packets errors dropped carrier collsns           
             0       0      0       0       0       0 
","0.11 0.16 0.17 1/136 25820
    PID COMMAND         %CPU %MEM     ELAPSED COMMAND
  25821 ps               300  0.1       00:00 ps -eo pid,comm,pcpu,pmem,etime,args --sort=-pcpu
  25767 systemd-hostnam 32.5  0.2       00:00 /lib/systemd/systemd-hostnamed
  25750 sshd             7.9  0.4       00:01 sshd: caninos [priv]
  25760 bash             7.0  0.1       00:01 bash -s
  25758 sshd             1.9  0.3       00:01 sshd: caninos@notty
     16 kworker/0:1-eve  0.3  0.0  5-00:07:06 [kworker/0:1-events]
     61 kworker/0:2-mm_  0.3  0.0  5-00:07:04 [kworker/0:2-mm_percpu_wq]
    206 kworker/0:3-eve  0.3  0.0  5-00:07:02 [kworker/0:3-events]
    422 RTW_CMD_THREAD   0.1  0.0  5-00:06:53 [RTW_CMD_THREAD]
  14248 verifica_rede_l  0.1  0.1    01:37:31 /bin/bash /usr/local/bin/verifica_rede_led.sh
    362 NetworkManager   0.0  1.2  5-00:06:56 /usr/sbin/NetworkManager --no-daemon
    427 wpa_supplicant   0.0  0.5  5-00:06:52 /sbin/wpa_supplicant -u -s -O DIR=/run/wpa_supplicant GROUP=netdev
    343 dbus-daemon      0.0  0.2  5-00:06:57 /usr/bin/dbus-daemon --system --address=systemd: --nofork --nopidfile --systemd-activation --syslog-only
  13377 systemd          0.0  0.5    01:44:18 /lib/systemd/systemd --user
    327 ksdioirqd/mmc1   0.0  0.0  5-00:06:57 [ksdioirqd/mmc1]
  25373 kworker/1:0-eve  0.0  0.0       03:16 [kworker/1:0-events]
    271 systemd-timesyn  0.0  0.3  5-00:06:59 /lib/systemd/systemd-timesyncd
      1 systemd          0.0  0.6  5-00:07:06 /sbin/init
  13393 bash             0.0  0.2    01:44:16 -bash
  24659 kworker/1:1-eve  0.0  0.0       08:22 [kworker/1:1-events_power_efficient]
  25072 kworker/2:1-eve  0.0  0.0       05:51 [kworker/2:1-events_freezable]
  23124 kworker/u8:0-wr  0.0  0.0       21:28 [kworker/u8:0-writeback]
     13 ksoftirqd/0      0.0  0.0  5-00:07:06 [ksoftirqd/0]
    233 systemd-journal  0.0  1.1  5-00:07:00 /lib/systemd/systemd-journald
  UNIT                       LOAD   ACTIVE SUB     DESCRIPTION
  cron.service               loaded active running Regular background program processing daemon
  dbus.service               loaded active running D-Bus System Message Bus
  getty@tty1.service         loaded active running Getty on tty1
  led-udp.service            loaded active running LED UDP Control Service
  ModemManager.service       loaded active running Modem Manager
  NetworkManager.service     loaded active running Network Manager
  polkit.service             loaded active running Authorization Manager
  rsyslog.service            loaded active running System Logging Service
  serial-getty@ttyS3.service loaded active running Serial Getty on ttyS3
  ssh.service                loaded active running OpenBSD Secure Shell server
  systemd-hostnamed.service  loaded active running Hostname Service
  systemd-journald.service   loaded active running Journal Service
  systemd-logind.service     loaded active running User Login Management
  systemd-timesyncd.service  loaded active running Network Time Synchronization
  systemd-udevd.service      loaded active running Rule-based Manager for Device Events and Files
  user@1000.service          loaded active running User Manager for UID 1000
  verifica-rede-led.service  loaded active running Verifica rede end0 e controla LEDs da Labrador
  wifi_bt_start.service      loaded active running LSB: Bluetooth Start
  wpa_supplicant.service     loaded active running WPA supplicant

LOAD   = Reflects whether the unit definition was properly loaded.
ACTIVE = The high-level unit activation state, i.e. generalization of SUB.
SUB    = The low-level unit activation state, values depend on unit type.
19 loaded units listed.
","/sys/class/thermal/thermal_zone0/type=cpu-temp
/sys/class/thermal/thermal_zone1/type=gpu-temp
/sys/class/thermal/thermal_zone2/type=corelogic-temp
/sys/class/thermal/thermal_zone0/temp=69935
/sys/class/thermal/thermal_zone1/temp=82363
/sys/class/thermal/thermal_zone2/temp=52633
/sys/class/hwmon/hwmon0/name=cpu_temp
/sys/class/hwmon/hwmon1/name=gpu_temp
/sys/class/hwmon/hwmon2/name=corelogic_temp
/sys/class/hwmon/hwmon0/temp1_input=69935
/sys/class/hwmon/hwmon1/temp1_input=82363
/sys/class/hwmon/hwmon2/temp1_input=52633
","CMD=gcc PATH=bash: line 14: gcc: command not found
CMD=g++ PATH=bash: line 14: g++: command not found
CMD=clang PATH=bash: line 14: clang: command not found
CMD=make PATH=/usr/bin/make
GNU Make 4.3
Built for aarch64-unknown-linux-gnu
CMD=cmake PATH=bash: line 14: cmake: command not found
CMD=python3 PATH=/usr/bin/python3
Python 3.11.2
CMD=python PATH=bash: line 14: python: command not found
CMD=git PATH=bash: line 14: git: command not found
CMD=pip3 PATH=bash: line 14: pip3: command not found
CMD=llama-cli PATH=bash: line 14: llama-cli: command not found
CMD=llama-server PATH=bash: line 14: llama-server: command not found
CMD=ollama PATH=bash: line 14: ollama: command not found
CMD=vllm PATH=bash: line 14: vllm: command not found
CMD=torchrun PATH=bash: line 14: torchrun: command not found
CMD=mpirun PATH=bash: line 14: mpirun: command not found
CMD=iperf3 PATH=bash: line 14: iperf3: command not found
",,"[Sat Sep 26 12:09:57 2026] mmc2: new high speed MMC card at address 0001
[Sat Sep 26 12:09:57 2026] mmcblk2: mmc2:0001 QE63MB 14.6 GiB 
[Sat Sep 26 12:09:57 2026]  mmcblk2: p1
[Sat Sep 26 12:09:59 2026] EXT4-fs (mmcblk2p1): recovery complete
[Sat Sep 26 12:09:59 2026] EXT4-fs (mmcblk2p1): mounted filesystem with ordered data mode. Quota mode: none.
[Sat Sep 26 12:09:59 2026] VFS: Mounted root (ext4 filesystem) on device 179:1.
[Sat Sep 26 12:10:07 2026] rtl8723bs mmc1:0001:1: firmware: direct-loading firmware rtlwifi/rtl8723bs_nic.bin
[Sat Sep 26 12:14:10 2026] caninos-dwmac e0220000.ethernet end0: Link is Up - 100Mbps/Full - flow control off
[Sat Sep 26 12:14:11 2026] caninos-dwmac e0220000.ethernet end0: Link is Down
[Sat Sep 26 12:14:22 2026] caninos-dwmac e0220000.ethernet end0: Link is Up - 100Mbps/Full - flow control off
[Sat Sep 26 13:53:07 2026] caninos-dwmac e0220000.ethernet end0: Link is Down
[Sat Sep 26 13:53:22 2026] caninos-dwmac e0220000.ethernet end0: Link is Up - 100Mbps/Full - flow control off
[Sat Sep 26 15:06:44 2026] caninos-dwmac e0220000.ethernet end0: Link is Down
[Sat Sep 26 15:06:59 2026] caninos-dwmac e0220000.ethernet end0: Link is Up - 100Mbps/Full - flow control off
[Sat Sep 26 23:29:16 2026] caninos-dwmac e0220000.ethernet end0: Link is Down
[Sat Sep 26 23:29:32 2026] caninos-dwmac e0220000.ethernet end0: Link is Up - 100Mbps/Full - flow control off
[Sun Sep 27 03:13:56 2026] caninos-dwmac e0220000.ethernet end0: Link is Down
[Sun Sep 27 03:13:59 2026] caninos-dwmac e0220000.ethernet end0: Link is Up - 100Mbps/Full - flow control off
[Sun Sep 27 03:14:00 2026] caninos-dwmac e0220000.ethernet end0: Link is Down
[Sun Sep 27 03:14:01 2026] caninos-dwmac e0220000.ethernet end0: Link is Up - 100Mbps/Full - flow control rx/tx
[Sun Sep 27 03:14:02 2026] caninos-dwmac e0220000.ethernet end0: Link is Down
[Sun Sep 27 03:14:12 2026] caninos-dwmac e0220000.ethernet end0: Link is Up - 100Mbps/Full - flow control off
[Sun Sep 27 17:49:00 2026] caninos-dwmac e0220000.ethernet end0: Link is Down
[Sun Sep 27 17:49:16 2026] caninos-dwmac e0220000.ethernet end0: Link is Up - 100Mbps/Full - flow control off
[Sun Sep 27 21:52:53 2026] caninos-dwmac e0220000.ethernet end0: Link is Down
[Sun Sep 27 21:52:58 2026] caninos-dwmac e0220000.ethernet end0: Link is Up - 100Mbps/Full - flow control rx/tx
[Sun Sep 27 21:52:59 2026] caninos-dwmac e0220000.ethernet end0: Link is Down
[Sun Sep 27 21:53:10 2026] caninos-dwmac e0220000.ethernet end0: Link is Up - 100Mbps/Full - flow control off
[Mon Sep 28 03:16:09 2026] caninos-dwmac e0220000.ethernet end0: Link is Down
[Mon Sep 28 03:16:25 2026] caninos-dwmac e0220000.ethernet end0: Link is Up - 100Mbps/Full - flow control off
[Mon Sep 28 10:00:20 2026] caninos-dwmac e0220000.ethernet end0: Link is Down
[Mon Sep 28 10:00:25 2026] caninos-dwmac e0220000.ethernet end0: Link is Up - 100Mbps/Full - flow control rx/tx
[Mon Sep 28 10:00:26 2026] caninos-dwmac e0220000.ethernet end0: Link is Down
[Mon Sep 28 10:00:34 2026] caninos-dwmac e0220000.ethernet end0: Link is Up - 100Mbps/Full - flow control off
[Mon Sep 28 12:09:53 2026] caninos-dwmac e0220000.ethernet end0: Link is Down
[Mon Sep 28 12:10:08 2026] caninos-dwmac e0220000.ethernet end0: Link is Up - 100Mbps/Full - flow control off
[Mon Sep 28 23:08:26 2026] caninos-dwmac e0220000.ethernet end0: Link is Down
[Mon Sep 28 23:08:41 2026] caninos-dwmac e0220000.ethernet end0: Link is Up - 100Mbps/Full - flow control off
[Tue Sep 29 01:27:22 2026] caninos-dwmac e0220000.ethernet end0: Link is Down
[Tue Sep 29 01:27:27 2026] caninos-dwmac e0220000.ethernet end0: Link is Up - 100Mbps/Full - flow control rx/tx
[Tue Sep 29 01:27:28 2026] caninos-dwmac e0220000.ethernet end0: Link is Down
[Tue Sep 29 01:27:38 2026] caninos-dwmac e0220000.ethernet end0: Link is Up - 100Mbps/Full - flow control off
[Tue Sep 29 03:25:42 2026] caninos-dwmac e0220000.ethernet end0: Link is Down
[Tue Sep 29 03:25:58 2026] caninos-dwmac e0220000.ethernet end0: Link is Up - 100Mbps/Full - flow control off
[Tue Sep 29 06:34:40 2026] caninos-dwmac e0220000.ethernet end0: Link is Down
[Tue Sep 29 06:34:55 2026] caninos-dwmac e0220000.ethernet end0: Link is Up - 100Mbps/Full - flow control off
[Tue Sep 29 12:59:32 2026] caninos-dwmac e0220000.ethernet end0: Link is Down
[Tue Sep 29 12:59:48 2026] caninos-dwmac e0220000.ethernet end0: Link is Up - 100Mbps/Full - flow control off
[Tue Sep 29 13:38:08 2026] caninos-dwmac e0220000.ethernet end0: Link is Down
[Tue Sep 29 13:38:11 2026] caninos-dwmac e0220000.ethernet end0: Link is Up - 100Mbps/Full - flow control off
[Tue Sep 29 13:38:12 2026] caninos-dwmac e0220000.ethernet end0: Link is Down
[Tue Sep 29 13:38:13 2026] caninos-dwmac e0220000.ethernet end0: Link is Up - 100Mbps/Full - flow control rx/tx
[Tue Sep 29 13:38:14 2026] caninos-dwmac e0220000.ethernet end0: Link is Down
[Tue Sep 29 13:38:22 2026] caninos-dwmac e0220000.ethernet end0: Link is Up - 100Mbps/Full - flow control off
[Tue Sep 29 17:15:43 2026] caninos-dwmac e0220000.ethernet end0: Link is Down
[Tue Sep 29 17:15:46 2026] caninos-dwmac e0220000.ethernet end0: Link is Up - 100Mbps/Full - flow control off
[Tue Sep 29 17:15:47 2026] caninos-dwmac e0220000.ethernet end0: Link is Down
[Tue Sep 29 17:15:48 2026] caninos-dwmac e0220000.ethernet end0: Link is Up - 100Mbps/Full - flow control rx/tx
[Tue Sep 29 17:15:49 2026] caninos-dwmac e0220000.ethernet end0: Link is Down
[Tue Sep 29 17:15:57 2026] caninos-dwmac e0220000.ethernet end0: Link is Up - 100Mbps/Full - flow control off
[Tue Sep 29 21:28:47 2026] caninos-dwmac e0220000.ethernet end0: Link is Down
[Tue Sep 29 21:28:50 2026] caninos-dwmac e0220000.ethernet end0: Link is Up - 100Mbps/Full - flow control off
[Tue Sep 29 21:28:51 2026] caninos-dwmac e0220000.ethernet end0: Link is Down
[Tue Sep 29 21:28:52 2026] caninos-dwmac e0220000.ethernet end0: Link is Up - 100Mbps/Full - flow control rx/tx
[Tue Sep 29 21:28:53 2026] caninos-dwmac e0220000.ethernet end0: Link is Down
[Tue Sep 29 21:29:01 2026] caninos-dwmac e0220000.ethernet end0: Link is Up - 100Mbps/Full - flow control off
[Tue Sep 29 23:59:38 2026] caninos-dwmac e0220000.ethernet end0: Link is Down
[Tue Sep 29 23:59:41 2026] caninos-dwmac e0220000.ethernet end0: Link is Up - 100Mbps/Full - flow control off
[Tue Sep 29 23:59:42 2026] caninos-dwmac e0220000.ethernet end0: Link is Down
[Tue Sep 29 23:59:43 2026] caninos-dwmac e0220000.ethernet end0: Link is Up - 100Mbps/Full - flow control rx/tx
[Tue Sep 29 23:59:44 2026] caninos-dwmac e0220000.ethernet end0: Link is Down
[Tue Sep 29 23:59:52 2026] caninos-dwmac e0220000.ethernet end0: Link is Up - 100Mbps/Full - flow control off
[Wed Sep 30 00:20:31 2026] caninos-dwmac e0220000.ethernet end0: Link is Down
[Wed Sep 30 00:20:36 2026] caninos-dwmac e0220000.ethernet end0: Link is Up - 100Mbps/Full - flow control rx/tx
[Wed Sep 30 00:20:37 2026] caninos-dwmac e0220000.ethernet end0: Link is Down
[Wed Sep 30 00:20:47 2026] caninos-dwmac e0220000.ethernet end0: Link is Up - 100Mbps/Full - flow control off
[Wed Sep 30 07:05:54 2026] caninos-dwmac e0220000.ethernet end0: Link is Down
[Wed Sep 30 07:06:10 2026] caninos-dwmac e0220000.ethernet end0: Link is Up - 100Mbps/Full - flow control off
[Wed Sep 30 20:17:57 2026] caninos-dwmac e0220000.ethernet end0: Link is Down
[Wed Sep 30 20:18:13 2026] caninos-dwmac e0220000.ethernet end0: Link is Up - 100Mbps/Full - flow control off
[Wed Sep 30 22:06:09 2026] caninos-dwmac e0220000.ethernet end0: Link is Down
[Wed Sep 30 22:06:14 2026] caninos-dwmac e0220000.ethernet end0: Link is Up - 100Mbps/Full - flow control rx/tx
[Wed Sep 30 22:06:15 2026] caninos-dwmac e0220000.ethernet end0: Link is Down
[Wed Sep 30 22:06:25 2026] caninos-dwmac e0220000.ethernet end0: Link is Up - 100Mbps/Full - flow control off
[Thu Oct  1 01:31:15 2026] caninos-dwmac e0220000.ethernet end0: Link is Down
[Thu Oct  1 01:31:31 2026] caninos-dwmac e0220000.ethernet end0: Link is Up - 100Mbps/Full - flow control off
[Thu Oct  1 04:20:16 2026] caninos-dwmac e0220000.ethernet end0: Link is Down
[Thu Oct  1 04:20:19 2026] caninos-dwmac e0220000.ethernet end0: Link is Up - 100Mbps/Full - flow control off
[Thu Oct  1 04:20:20 2026] caninos-dwmac e0220000.ethernet end0: Link is Down
[Thu Oct  1 04:20:22 2026] caninos-dwmac e0220000.ethernet end0: Link is Up - 100Mbps/Full - flow control rx/tx
[Thu Oct  1 04:20:23 2026] caninos-dwmac e0220000.ethernet end0: Link is Down
[Thu Oct  1 04:20:32 2026] caninos-dwmac e0220000.ethernet end0: Link is Up - 100Mbps/Full - flow control off
[Thu Oct  1 08:43:26 2026] caninos-dwmac e0220000.ethernet end0: Link is Down
[Thu Oct  1 08:43:41 2026] caninos-dwmac e0220000.ethernet end0: Link is Up - 100Mbps/Full - flow control off
[Thu Oct  1 09:09:09 2026] caninos-dwmac e0220000.ethernet end0: Link is Down
[Thu Oct  1 09:09:25 2026] caninos-dwmac e0220000.ethernet end0: Link is Up - 100Mbps/Full - flow control off
[Thu Oct  1 10:36:12 2026] caninos-dwmac e0220000.ethernet end0: Link is Down
[Thu Oct  1 10:36:14 2026] caninos-dwmac e0220000.ethernet end0: Link is Up - 100Mbps/Full - flow control off
[Thu Oct  1 10:36:21 2026] caninos-dwmac e0220000.ethernet end0: Link is Down
[Thu Oct  1 10:36:24 2026] caninos-dwmac e0220000.ethernet end0: Link is Up - 100Mbps/Full - flow control off
",,,data/runs/20261001T151649Z/hosts/192.168.50.44/raw.txt,
node06,192.168.50.75,True,0,labrador,11b02da9cc614528b947d24bad602e6d,"Caninos Labrador 7 (Base 2.1) 
caninos,k7

cat: /proc/device-tree/serial-number: No such file or directory

",Caninos Labrador 7 (Base 2.1),aarch64,4,"Linux labrador 6.1.76 #1 SMP Fri Feb 28 17:06:14 UTC 2025 aarch64 GNU/Linux
Architecture:                       aarch64
CPU op-mode(s):                     32-bit, 64-bit
Byte Order:                         Little Endian
CPU(s):                             4
On-line CPU(s) list:                0-3
Vendor ID:                          ARM
Model name:                         Cortex-A53
Model:                              4
Thread(s) per core:                 1
Core(s) per cluster:                4
Socket(s):                          -
Cluster(s):                         1
Stepping:                           r0p4
BogoMIPS:                           48.00
Flags:                              fp asimd evtstrm crc32 cpuid
Vulnerability Gather data sampling: Not affected
Vulnerability Itlb multihit:        Not affected
Vulnerability L1tf:                 Not affected
Vulnerability Mds:                  Not affected
Vulnerability Meltdown:             Not affected
Vulnerability Mmio stale data:      Not affected
Vulnerability Retbleed:             Not affected
Vulnerability Spec rstack overflow: Not affected
Vulnerability Spec store bypass:    Not affected
Vulnerability Spectre v1:           Mitigation; __user pointer sanitization
Vulnerability Spectre v2:           Not affected
Vulnerability Srbds:                Not affected
Vulnerability Tsx async abort:      Not affected
processor	: 0
BogoMIPS	: 48.00
Features	: fp asimd evtstrm crc32 cpuid
processor	: 1
BogoMIPS	: 48.00
Features	: fp asimd evtstrm crc32 cpuid
processor	: 2
BogoMIPS	: 48.00
Features	: fp asimd evtstrm crc32 cpuid
processor	: 3
BogoMIPS	: 48.00
Features	: fp asimd evtstrm crc32 cpuid
","PRETTY_NAME=""Debian GNU/Linux 12 (bookworm)""
NAME=""Debian GNU/Linux""
VERSION_ID=""12""
VERSION=""12 (bookworm)""
VERSION_CODENAME=bookworm
ID=debian
HOME_URL=""https://www.debian.org/""
SUPPORT_URL=""https://www.debian.org/support""
BUG_REPORT_URL=""https://bugs.debian.org/""
6.1.76
2026-09-26 12:09:55
 12:17:02 up 5 days, 7 min,  1 user,  load average: 0.19, 0.17, 0.18
2026-10-01T15:17:02Z
","               total        used        free      shared  buff/cache   available
Mem:      2034073600   240951296  1535913984     3010560   339267584  1793122304
Swap:              0           0           0
bash: line 9: swapon: command not found
MemTotal:        1986400 kB
MemFree:         1499916 kB
MemAvailable:    1751096 kB
Buffers:           64896 kB
Cached:           235928 kB
SwapCached:            0 kB
Active:           165512 kB
Inactive:         190816 kB
Active(anon):       2812 kB
Inactive(anon):    55632 kB
Active(file):     162700 kB
Inactive(file):   135184 kB
Unevictable:           0 kB
Mlocked:               0 kB
SwapTotal:             0 kB
SwapFree:              0 kB
Zswap:                 0 kB
Zswapped:              0 kB
Dirty:               344 kB
Writeback:             0 kB
AnonPages:         55272 kB
Mapped:            53004 kB
Shmem:              2940 kB
KReclaimable:      30492 kB
Slab:              58788 kB
SReclaimable:      30492 kB
SUnreclaim:        28296 kB
KernelStack:        2272 kB
PageTables:         1768 kB
SecPageTables:         0 kB
","ALIGNMENT DISC-ALN DAX DISC-GRAN DISC-MAX DISC-ZERO FSAVAIL FSROOTS FSSIZE FSTYPE FSUSED FSUSE% FSVER GROUP HCTL HOTPLUG KNAME     LABEL LOG-SEC MAJ:MIN MIN-IO MODE       MODEL NAME        OPT-IO OWNER PARTFLAGS PARTLABEL PARTTYPE PARTTYPENAME PARTUUID                             PATH           PHY-SEC PKNAME  PTTYPE PTUUID                                RA RAND  REV RM RO ROTA RQ-SIZE SCHED       SERIAL      SIZE START STATE SUBSYSTEMS                  MOUNTPOINT MOUNTPOINTS TRAN TYPE UUID                                 VENDOR WSAME WWN ZONED ZONE-SZ ZONE-WGRAN ZONE-APP ZONE-NR ZONE-OMAX ZONE-AMAX
        0        0   0        0B       0B         0                                                   disk             0 nbd0                512  43:0      512 brw-rw----       nbd0             0 root                                                                                 /dev/nbd0          512                                                     128    0       0  0    0     256 mq-deadline               0B             block                                                   disk                                                0B     none       0B         0B       0B       0         0         0
        0        0   0        0B       0B         0                                                   disk             0 nbd1                512  43:32     512 brw-rw----       nbd1             0 root                                                                                 /dev/nbd1          512                                                     128    0       0  0    0     256 mq-deadline               0B             block                                                   disk                                                0B     none       0B         0B       0B       0         0         0
        0        0   0        0B       0B         0                                                   disk             0 nbd2                512  43:64     512 brw-rw----       nbd2             0 root                                                                                 /dev/nbd2          512                                                     128    0       0  0    0     256 mq-deadline               0B             block                                                   disk                                                0B     none       0B         0B       0B       0         0         0
        0        0   0        0B       0B         0                                                   disk             0 nbd3                512  43:96     512 brw-rw----       nbd3             0 root                                                                                 /dev/nbd3          512                                                     128    0       0  0    0     256 mq-deadline               0B             block                                                   disk                                                0B     none       0B         0B       0B       0         0         0
        0        0   0        0B       0B         0                                                   disk             0 nbd4                512  43:128    512 brw-rw----       nbd4             0 root                                                                                 /dev/nbd4          512                                                     128    0       0  0    0     256 mq-deadline               0B             block                                                   disk                                                0B     none       0B         0B       0B       0         0         0
        0        0   0        0B       0B         0                                                   disk             0 nbd5                512  43:160    512 brw-rw----       nbd5             0 root                                                                                 /dev/nbd5          512                                                     128    0       0  0    0     256 mq-deadline               0B             block                                                   disk                                                0B     none       0B         0B       0B       0         0         0
        0        0   0        0B       0B         0                                                   disk             0 nbd6                512  43:192    512 brw-rw----       nbd6             0 root                                                                                 /dev/nbd6          512                                                     128    0       0  0    0     256 mq-deadline               0B             block                                                   disk                                                0B     none       0B         0B       0B       0         0         0
        0        0   0        0B       0B         0                                                   disk             0 nbd7                512  43:224    512 brw-rw----       nbd7             0 root                                                                                 /dev/nbd7          512                                                     128    0       0  0    0     256 mq-deadline               0B             block                                                   disk                                                0B     none       0B         0B       0B       0         0         0
        0        0   0        4M    49.5M         0                                                   disk             1 mmcblk2             512 179:0      512 brw-rw----       mmcblk2          0 root                                                                                 /dev/mmcblk2       512         dos    e335b75a                             128    0  0x8  0  0    0     128 mq-deadline 0xcb1c0060 14.6G             block:mmc:mmc_host:platform                             disk                                                0B     none       0B         0B       0B       0         0         0
        0  3145728   0        4M    49.5M         0   11.8G /        14.2G ext4     1.6G    12% 1.0   disk             1 mmcblk2p1           512 179:1      512 brw-rw----       └─mmcblk2p1      0 root  0x80                0x83     Linux        e335b75a-01                          /dev/mmcblk2p1     512 mmcblk2 dos    e335b75a                             128    0       0  0    0     128 mq-deadline            14.6G  2048       block:mmc:mmc_host:platform /          /                part 4b2fea7a-26e4-4a59-bb88-7ddb323e1110           0B     none       0B         0B       0B       0         0         0
        0        0   0        0B       0B         0                                                   disk             0 nullb0              512 253:0      512 brw-rw----       nullb0           0 root                                                                                 /dev/nullb0        512                                                     128    0       0  0    0      64 none                    250G             block                                                   disk                                                0B     none       0B         0B       0B       0         0         0
        0        0   0        0B       0B         0                                                   disk             0 nbd8                512  43:256    512 brw-rw----       nbd8             0 root                                                                                 /dev/nbd8          512                                                     128    0       0  0    0     256 mq-deadline               0B             block                                                   disk                                                0B     none       0B         0B       0B       0         0         0
        0        0   0        0B       0B         0                                                   disk             0 nbd9                512  43:288    512 brw-rw----       nbd9             0 root                                                                                 /dev/nbd9          512                                                     128    0       0  0    0     256 mq-deadline               0B             block                                                   disk                                                0B     none       0B         0B       0B       0         0         0
        0        0   0        0B       0B         0                                                   disk             0 nbd10               512  43:320    512 brw-rw----       nbd10            0 root                                                                                 /dev/nbd10         512                                                     128    0       0  0    0     256 mq-deadline               0B             block                                                   disk                                                0B     none       0B         0B       0B       0         0         0
        0        0   0        0B       0B         0                                                   disk             0 nbd11               512  43:352    512 brw-rw----       nbd11            0 root                                                                                 /dev/nbd11         512                                                     128    0       0  0    0     256 mq-deadline               0B             block                                                   disk                                                0B     none       0B         0B       0B       0         0         0
        0        0   0        0B       0B         0                                                   disk             0 nbd12               512  43:384    512 brw-rw----       nbd12            0 root                                                                                 /dev/nbd12         512                                                     128    0       0  0    0     256 mq-deadline               0B             block                                                   disk                                                0B     none       0B         0B       0B       0         0         0
        0        0   0        0B       0B         0                                                   disk             0 nbd13               512  43:416    512 brw-rw----       nbd13            0 root                                                                                 /dev/nbd13         512                                                     128    0       0  0    0     256 mq-deadline               0B             block                                                   disk                                                0B     none       0B         0B       0B       0         0         0
        0        0   0        0B       0B         0                                                   disk             0 nbd14               512  43:448    512 brw-rw----       nbd14            0 root                                                                                 /dev/nbd14         512                                                     128    0       0  0    0     256 mq-deadline               0B             block                                                   disk                                                0B     none       0B         0B       0B       0         0         0
        0        0   0        0B       0B         0                                                   disk             0 nbd15               512  43:480    512 brw-rw----       nbd15            0 root                                                                                 /dev/nbd15         512                                                     128    0       0  0    0     256 mq-deadline               0B             block                                                   disk                                                0B     none       0B         0B       0B       0         0         0
Filesystem     Type      Size  Used Avail Use% Mounted on
/dev/root      ext4       15G  1.7G   12G  13% /
devtmpfs       devtmpfs  712M     0  712M   0% /dev
tmpfs          tmpfs     970M     0  970M   0% /dev/shm
tmpfs          tmpfs     388M  2.9M  386M   1% /run
tmpfs          tmpfs     5.0M     0  5.0M   0% /run/lock
tmpfs          tmpfs     194M     0  194M   0% /run/user/1000
","[{""ifindex"":1,""ifname"":""lo"",""flags"":[""LOOPBACK"",""UP"",""LOWER_UP""],""mtu"":65536,""qdisc"":""noqueue"",""operstate"":""UNKNOWN"",""group"":""default"",""txqlen"":1000,""link_type"":""loopback"",""address"":""00:00:00:00:00:00"",""broadcast"":""00:00:00:00:00:00"",""addr_info"":[{""family"":""inet"",""local"":""127.0.0.1"",""prefixlen"":8,""scope"":""host"",""label"":""lo"",""valid_life_time"":4294967295,""preferred_life_time"":4294967295},{""family"":""inet6"",""local"":""::1"",""prefixlen"":128,""scope"":""host"",""noprefixroute"":true,""valid_life_time"":4294967295,""preferred_life_time"":4294967295}]},{""ifindex"":2,""link"":null,""ifname"":""tunl0"",""flags"":[""NOARP""],""mtu"":1480,""qdisc"":""noop"",""operstate"":""DOWN"",""group"":""default"",""txqlen"":1000,""link_type"":""ipip"",""address"":""0.0.0.0"",""broadcast"":""0.0.0.0"",""addr_info"":[]},{""ifindex"":3,""link"":null,""ifname"":""ip6tnl0"",""flags"":[""NOARP""],""mtu"":1452,""qdisc"":""noop"",""operstate"":""DOWN"",""group"":""default"",""txqlen"":1000,""link_type"":""tunnel6"",""address"":""::"",""broadcast"":""::"",""permaddr"":""de91:e8a8:d644::"",""addr_info"":[]},{""ifindex"":4,""ifname"":""wlan0"",""flags"":[""NO-CARRIER"",""BROADCAST"",""MULTICAST"",""UP""],""mtu"":1500,""qdisc"":""mq"",""operstate"":""DOWN"",""group"":""default"",""txqlen"":1000,""link_type"":""ether"",""address"":""14:6b:9c:7a:df:3e"",""broadcast"":""ff:ff:ff:ff:ff:ff"",""addr_info"":[]},{""ifindex"":5,""ifname"":""end0"",""flags"":[""BROADCAST"",""MULTICAST"",""UP"",""LOWER_UP""],""mtu"":1500,""qdisc"":""mq"",""operstate"":""UP"",""group"":""default"",""txqlen"":1000,""link_type"":""ether"",""address"":""ba:3c:ad:0b:38:86"",""broadcast"":""ff:ff:ff:ff:ff:ff"",""addr_info"":[{""family"":""inet"",""local"":""192.168.50.75"",""prefixlen"":24,""broadcast"":""192.168.50.255"",""scope"":""global"",""dynamic"":true,""noprefixroute"":true,""label"":""end0"",""valid_life_time"":7179,""preferred_life_time"":7179},{""family"":""inet6"",""local"":""fe80::50d1:4b22:6fa8:938e"",""prefixlen"":64,""scope"":""link"",""noprefixroute"":true,""valid_life_time"":4294967295,""preferred_life_time"":4294967295}]}]
[{""ifindex"":1,""ifname"":""lo"",""flags"":[""LOOPBACK"",""UP"",""LOWER_UP""],""mtu"":65536,""qdisc"":""noqueue"",""operstate"":""UNKNOWN"",""linkmode"":""DEFAULT"",""group"":""default"",""txqlen"":1000,""link_type"":""loopback"",""address"":""00:00:00:00:00:00"",""broadcast"":""00:00:00:00:00:00""},{""ifindex"":2,""link"":null,""ifname"":""tunl0"",""flags"":[""NOARP""],""mtu"":1480,""qdisc"":""noop"",""operstate"":""DOWN"",""linkmode"":""DEFAULT"",""group"":""default"",""txqlen"":1000,""link_type"":""ipip"",""address"":""0.0.0.0"",""broadcast"":""0.0.0.0""},{""ifindex"":3,""link"":null,""ifname"":""ip6tnl0"",""flags"":[""NOARP""],""mtu"":1452,""qdisc"":""noop"",""operstate"":""DOWN"",""linkmode"":""DEFAULT"",""group"":""default"",""txqlen"":1000,""link_type"":""tunnel6"",""address"":""::"",""broadcast"":""::"",""permaddr"":""de91:e8a8:d644::""},{""ifindex"":4,""ifname"":""wlan0"",""flags"":[""NO-CARRIER"",""BROADCAST"",""MULTICAST"",""UP""],""mtu"":1500,""qdisc"":""mq"",""operstate"":""DOWN"",""linkmode"":""DORMANT"",""group"":""default"",""txqlen"":1000,""link_type"":""ether"",""address"":""14:6b:9c:7a:df:3e"",""broadcast"":""ff:ff:ff:ff:ff:ff""},{""ifindex"":5,""ifname"":""end0"",""flags"":[""BROADCAST"",""MULTICAST"",""UP"",""LOWER_UP""],""mtu"":1500,""qdisc"":""mq"",""operstate"":""UP"",""linkmode"":""DEFAULT"",""group"":""default"",""txqlen"":1000,""link_type"":""ether"",""address"":""ba:3c:ad:0b:38:86"",""broadcast"":""ff:ff:ff:ff:ff:ff""}]
[{""dst"":""default"",""gateway"":""192.168.50.1"",""dev"":""end0"",""protocol"":""dhcp"",""prefsrc"":""192.168.50.75"",""metric"":100,""flags"":[]},{""dst"":""192.168.50.0/24"",""dev"":""end0"",""protocol"":""kernel"",""scope"":""link"",""prefsrc"":""192.168.50.75"",""metric"":100,""flags"":[]}]
/sys/class/net/end0/address=ba:3c:ad:0b:38:86
/sys/class/net/ip6tnl0/address=00:00:00:00:00:00:00:00:00:00:00:00:00:00:00:00
/sys/class/net/lo/address=00:00:00:00:00:00
/sys/class/net/tunl0/address=00:00:00:00
/sys/class/net/wlan0/address=14:6b:9c:7a:df:3e
","IF=end0
bash: line 13: ethtool: command not found
5: end0: <BROADCAST,MULTICAST,UP,LOWER_UP> mtu 1500 qdisc mq state UP mode DEFAULT group default qlen 1000
    link/ether ba:3c:ad:0b:38:86 brd ff:ff:ff:ff:ff:ff
    RX:  bytes packets errors dropped  missed   mcast           
      25009035  106797      0       0       0       0 
    TX:  bytes packets errors dropped carrier collsns           
        547938    4645      0       0       0       0 
IF=ip6tnl0
bash: line 13: ethtool: command not found
3: ip6tnl0@NONE: <NOARP> mtu 1452 qdisc noop state DOWN mode DEFAULT group default qlen 1000
    link/tunnel6 :: brd :: permaddr de91:e8a8:d644::
    RX:  bytes packets errors dropped  missed   mcast           
             0       0      0       0       0       0 
    TX:  bytes packets errors dropped carrier collsns           
             0       0      0       0       0       0 
IF=lo
bash: line 13: ethtool: command not found
1: lo: <LOOPBACK,UP,LOWER_UP> mtu 65536 qdisc noqueue state UNKNOWN mode DEFAULT group default qlen 1000
    link/loopback 00:00:00:00:00:00 brd 00:00:00:00:00:00
    RX:  bytes packets errors dropped  missed   mcast           
             0       0      0       0       0       0 
    TX:  bytes packets errors dropped carrier collsns           
             0       0      0       0       0       0 
IF=tunl0
bash: line 13: ethtool: command not found
2: tunl0@NONE: <NOARP> mtu 1480 qdisc noop state DOWN mode DEFAULT group default qlen 1000
    link/ipip 0.0.0.0 brd 0.0.0.0
    RX:  bytes packets errors dropped  missed   mcast           
             0       0      0       0       0       0 
    TX:  bytes packets errors dropped carrier collsns           
             0       0      0       0       0       0 
IF=wlan0
bash: line 13: ethtool: command not found
4: wlan0: <NO-CARRIER,BROADCAST,MULTICAST,UP> mtu 1500 qdisc mq state DOWN mode DORMANT group default qlen 1000
    link/ether 14:6b:9c:7a:df:3e brd ff:ff:ff:ff:ff:ff
    RX:  bytes packets errors dropped  missed   mcast           
             0       0      0       0       0       0 
    TX:  bytes packets errors dropped carrier collsns           
             0       0      0       0       0       0 
","0.19 0.17 0.18 1/137 26767
    PID COMMAND         %CPU %MEM     ELAPSED COMMAND
  26768 ps               100  0.1       00:00 ps -eo pid,comm,pcpu,pmem,etime,args --sort=-pcpu
  26723 systemd-hostnam 32.9  0.2       00:00 /lib/systemd/systemd-hostnamed
  26706 sshd             7.0  0.4       00:01 sshd: caninos [priv]
  26716 bash             7.0  0.1       00:00 bash -s
  26715 sshd             1.9  0.3       00:01 sshd: caninos@notty
  14258 kworker/2:3-eve  0.3  0.0    01:50:32 [kworker/2:3-events_power_efficient]
  24136 kworker/2:1+eve  0.2  0.0       20:55 [kworker/2:1+events_freezable]
    414 RTW_CMD_THREAD   0.1  0.0  5-00:06:54 [RTW_CMD_THREAD]
  14405 verifica_rede_l  0.1  0.1    01:44:24 /bin/bash /usr/local/bin/verifica_rede_led.sh
  26085 kworker/2:0-mm_  0.0  0.0       05:19 [kworker/2:0-mm_percpu_wq]
    354 NetworkManager   0.0  1.1  5-00:06:57 /usr/sbin/NetworkManager --no-daemon
    419 wpa_supplicant   0.0  0.5  5-00:06:54 /sbin/wpa_supplicant -u -s -O DIR=/run/wpa_supplicant GROUP=netdev
    336 dbus-daemon      0.0  0.2  5-00:06:58 /usr/bin/dbus-daemon --system --address=systemd: --nofork --nopidfile --systemd-activation --syslog-only
  13558 systemd          0.0  0.5    01:55:42 /lib/systemd/systemd --user
    319 ksdioirqd/mmc1   0.0  0.0  5-00:06:59 [ksdioirqd/mmc1]
    263 systemd-timesyn  0.0  0.3  5-00:07:00 /lib/systemd/systemd-timesyncd
      1 systemd          0.0  0.8  5-00:07:07 /sbin/init
  25898 kworker/0:2-eve  0.0  0.0       06:53 [kworker/0:2-events]
  22795 kworker/3:1-eve  0.0  0.0       32:20 [kworker/3:1-events]
  24764 kworker/1:2-eve  0.0  0.0       15:28 [kworker/1:2-events]
  13578 bash             0.0  0.2    01:55:40 -bash
  26500 kworker/0:0-eve  0.0  0.0       01:48 [kworker/0:0-events]
  24996 kworker/u8:0-wr  0.0  0.0       13:27 [kworker/u8:0-writeback]
     20 ksoftirqd/1      0.0  0.0  5-00:07:07 [ksoftirqd/1]
  UNIT                       LOAD   ACTIVE SUB     DESCRIPTION
  cron.service               loaded active running Regular background program processing daemon
  dbus.service               loaded active running D-Bus System Message Bus
  getty@tty1.service         loaded active running Getty on tty1
  led-udp.service            loaded active running LED UDP Control Service
  ModemManager.service       loaded active running Modem Manager
  NetworkManager.service     loaded active running Network Manager
  polkit.service             loaded active running Authorization Manager
  rsyslog.service            loaded active running System Logging Service
  serial-getty@ttyS3.service loaded active running Serial Getty on ttyS3
  ssh.service                loaded active running OpenBSD Secure Shell server
  systemd-hostnamed.service  loaded active running Hostname Service
  systemd-journald.service   loaded active running Journal Service
  systemd-logind.service     loaded active running User Login Management
  systemd-timesyncd.service  loaded active running Network Time Synchronization
  systemd-udevd.service      loaded active running Rule-based Manager for Device Events and Files
  user@1000.service          loaded active running User Manager for UID 1000
  verifica-rede-led.service  loaded active running Verifica rede end0 e controla LEDs da Labrador
  wifi_bt_start.service      loaded active running LSB: Bluetooth Start
  wpa_supplicant.service     loaded active running WPA supplicant

LOAD   = Reflects whether the unit definition was properly loaded.
ACTIVE = The high-level unit activation state, i.e. generalization of SUB.
SUB    = The low-level unit activation state, values depend on unit type.
19 loaded units listed.
","/sys/class/thermal/thermal_zone0/type=cpu-temp
/sys/class/thermal/thermal_zone1/type=gpu-temp
/sys/class/thermal/thermal_zone2/type=corelogic-temp
/sys/class/thermal/thermal_zone0/temp=64702
/sys/class/thermal/thermal_zone1/temp=83077
/sys/class/thermal/thermal_zone2/temp=29949
/sys/class/hwmon/hwmon0/name=cpu_temp
/sys/class/hwmon/hwmon1/name=gpu_temp
/sys/class/hwmon/hwmon2/name=corelogic_temp
/sys/class/hwmon/hwmon0/temp1_input=64702
/sys/class/hwmon/hwmon1/temp1_input=83077
/sys/class/hwmon/hwmon2/temp1_input=29949
","CMD=gcc PATH=bash: line 14: gcc: command not found
CMD=g++ PATH=bash: line 14: g++: command not found
CMD=clang PATH=bash: line 14: clang: command not found
CMD=make PATH=/usr/bin/make
GNU Make 4.3
Built for aarch64-unknown-linux-gnu
CMD=cmake PATH=bash: line 14: cmake: command not found
CMD=python3 PATH=/usr/bin/python3
Python 3.11.2
CMD=python PATH=bash: line 14: python: command not found
CMD=git PATH=bash: line 14: git: command not found
CMD=pip3 PATH=bash: line 14: pip3: command not found
CMD=llama-cli PATH=bash: line 14: llama-cli: command not found
CMD=llama-server PATH=bash: line 14: llama-server: command not found
CMD=ollama PATH=bash: line 14: ollama: command not found
CMD=vllm PATH=bash: line 14: vllm: command not found
CMD=torchrun PATH=bash: line 14: torchrun: command not found
CMD=mpirun PATH=bash: line 14: mpirun: command not found
CMD=iperf3 PATH=bash: line 14: iperf3: command not found
",,"[Sat Sep 26 12:09:56 2026] caninos-tmu e01b00f0.thermal: probe finished
[Sat Sep 26 12:09:56 2026] caninos-mmc e0210000.mmc: probe finished
[Sat Sep 26 12:09:56 2026] caninos-mmc e0214000.mmc: probe finished
[Sat Sep 26 12:09:56 2026] mmc1: new high speed SDIO card at address 0001
[Sat Sep 26 12:09:56 2026] caninos-mmc e0218000.mmc: probe finished
[Sat Sep 26 12:09:56 2026] mmc2: new high speed MMC card at address 0001
[Sat Sep 26 12:09:56 2026] mmcblk2: mmc2:0001 QE63MB 14.6 GiB 
[Sat Sep 26 12:09:56 2026]  mmcblk2: p1
[Sat Sep 26 12:09:58 2026] EXT4-fs (mmcblk2p1): recovery complete
[Sat Sep 26 12:09:58 2026] EXT4-fs (mmcblk2p1): mounted filesystem with ordered data mode. Quota mode: none.
[Sat Sep 26 12:09:58 2026] VFS: Mounted root (ext4 filesystem) on device 179:1.
[Sat Sep 26 12:10:06 2026] rtl8723bs mmc1:0001:1: firmware: direct-loading firmware rtlwifi/rtl8723bs_nic.bin
[Sat Sep 26 12:14:22 2026] caninos-dwmac e0220000.ethernet end0: Link is Up - 100Mbps/Full - flow control off
[Sat Sep 26 13:53:06 2026] caninos-dwmac e0220000.ethernet end0: Link is Down
[Sat Sep 26 13:53:21 2026] caninos-dwmac e0220000.ethernet end0: Link is Up - 100Mbps/Full - flow control off
[Sat Sep 26 15:06:44 2026] caninos-dwmac e0220000.ethernet end0: Link is Down
[Sat Sep 26 15:06:58 2026] caninos-dwmac e0220000.ethernet end0: Link is Up - 100Mbps/Full - flow control off
[Sat Sep 26 23:29:16 2026] caninos-dwmac e0220000.ethernet end0: Link is Down
[Sat Sep 26 23:29:31 2026] caninos-dwmac e0220000.ethernet end0: Link is Up - 100Mbps/Full - flow control off
[Sun Sep 27 03:13:55 2026] caninos-dwmac e0220000.ethernet end0: Link is Down
[Sun Sep 27 03:14:09 2026] caninos-dwmac e0220000.ethernet end0: Link is Up - 100Mbps/Full - flow control off
[Sun Sep 27 17:49:00 2026] caninos-dwmac e0220000.ethernet end0: Link is Down
[Sun Sep 27 17:49:03 2026] caninos-dwmac e0220000.ethernet end0: Link is Up - 100Mbps/Full - flow control off
[Sun Sep 27 17:49:04 2026] caninos-dwmac e0220000.ethernet end0: Link is Down
[Sun Sep 27 17:49:05 2026] caninos-dwmac e0220000.ethernet end0: Link is Up - 100Mbps/Full - flow control rx/tx
[Sun Sep 27 17:49:06 2026] caninos-dwmac e0220000.ethernet end0: Link is Down
[Sun Sep 27 17:49:15 2026] caninos-dwmac e0220000.ethernet end0: Link is Up - 100Mbps/Full - flow control off
[Sun Sep 27 21:52:52 2026] caninos-dwmac e0220000.ethernet end0: Link is Down
[Sun Sep 27 21:52:57 2026] caninos-dwmac e0220000.ethernet end0: Link is Up - 100Mbps/Full - flow control rx/tx
[Sun Sep 27 21:52:58 2026] caninos-dwmac e0220000.ethernet end0: Link is Down
[Sun Sep 27 21:53:08 2026] caninos-dwmac e0220000.ethernet end0: Link is Up - 100Mbps/Full - flow control off
[Mon Sep 28 03:16:09 2026] caninos-dwmac e0220000.ethernet end0: Link is Down
[Mon Sep 28 03:16:12 2026] caninos-dwmac e0220000.ethernet end0: Link is Up - 100Mbps/Full - flow control off
[Mon Sep 28 03:16:13 2026] caninos-dwmac e0220000.ethernet end0: Link is Down
[Mon Sep 28 03:16:14 2026] caninos-dwmac e0220000.ethernet end0: Link is Up - 100Mbps/Full - flow control rx/tx
[Mon Sep 28 03:16:15 2026] caninos-dwmac e0220000.ethernet end0: Link is Down
[Mon Sep 28 03:16:24 2026] caninos-dwmac e0220000.ethernet end0: Link is Up - 100Mbps/Full - flow control off
[Mon Sep 28 10:00:19 2026] caninos-dwmac e0220000.ethernet end0: Link is Down
[Mon Sep 28 10:00:34 2026] caninos-dwmac e0220000.ethernet end0: Link is Up - 100Mbps/Full - flow control off
[Mon Sep 28 12:09:53 2026] caninos-dwmac e0220000.ethernet end0: Link is Down
[Mon Sep 28 12:09:56 2026] caninos-dwmac e0220000.ethernet end0: Link is Up - 100Mbps/Full - flow control off
[Mon Sep 28 12:09:57 2026] caninos-dwmac e0220000.ethernet end0: Link is Down
[Mon Sep 28 12:09:58 2026] caninos-dwmac e0220000.ethernet end0: Link is Up - 100Mbps/Full - flow control rx/tx
[Mon Sep 28 12:09:59 2026] caninos-dwmac e0220000.ethernet end0: Link is Down
[Mon Sep 28 12:10:07 2026] caninos-dwmac e0220000.ethernet end0: Link is Up - 100Mbps/Full - flow control off
[Mon Sep 28 23:08:25 2026] caninos-dwmac e0220000.ethernet end0: Link is Down
[Mon Sep 28 23:08:29 2026] caninos-dwmac e0220000.ethernet end0: Link is Up - 100Mbps/Full - flow control off
[Mon Sep 28 23:08:30 2026] caninos-dwmac e0220000.ethernet end0: Link is Down
[Mon Sep 28 23:08:31 2026] caninos-dwmac e0220000.ethernet end0: Link is Up - 100Mbps/Full - flow control rx/tx
[Mon Sep 28 23:08:32 2026] caninos-dwmac e0220000.ethernet end0: Link is Down
[Mon Sep 28 23:08:41 2026] caninos-dwmac e0220000.ethernet end0: Link is Up - 100Mbps/Full - flow control off
[Tue Sep 29 01:27:22 2026] caninos-dwmac e0220000.ethernet end0: Link is Down
[Tue Sep 29 01:27:37 2026] caninos-dwmac e0220000.ethernet end0: Link is Up - 100Mbps/Full - flow control off
[Tue Sep 29 03:25:42 2026] caninos-dwmac e0220000.ethernet end0: Link is Down
[Tue Sep 29 03:25:58 2026] caninos-dwmac e0220000.ethernet end0: Link is Up - 100Mbps/Full - flow control off
[Tue Sep 29 06:34:39 2026] caninos-dwmac e0220000.ethernet end0: Link is Down
[Tue Sep 29 06:34:55 2026] caninos-dwmac e0220000.ethernet end0: Link is Up - 100Mbps/Full - flow control off
[Tue Sep 29 12:59:32 2026] caninos-dwmac e0220000.ethernet end0: Link is Down
[Tue Sep 29 12:59:38 2026] caninos-dwmac e0220000.ethernet end0: Link is Up - 100Mbps/Full - flow control rx/tx
[Tue Sep 29 12:59:39 2026] caninos-dwmac e0220000.ethernet end0: Link is Down
[Tue Sep 29 12:59:48 2026] caninos-dwmac e0220000.ethernet end0: Link is Up - 100Mbps/Full - flow control off
[Tue Sep 29 13:38:06 2026] caninos-dwmac e0220000.ethernet end0: Link is Down
[Tue Sep 29 13:38:22 2026] caninos-dwmac e0220000.ethernet end0: Link is Up - 100Mbps/Full - flow control off
[Tue Sep 29 17:15:43 2026] caninos-dwmac e0220000.ethernet end0: Link is Down
[Tue Sep 29 17:15:57 2026] caninos-dwmac e0220000.ethernet end0: Link is Up - 100Mbps/Full - flow control off
[Tue Sep 29 21:28:47 2026] caninos-dwmac e0220000.ethernet end0: Link is Down
[Tue Sep 29 21:29:01 2026] caninos-dwmac e0220000.ethernet end0: Link is Up - 100Mbps/Full - flow control off
[Tue Sep 29 23:59:38 2026] caninos-dwmac e0220000.ethernet end0: Link is Down
[Tue Sep 29 23:59:52 2026] caninos-dwmac e0220000.ethernet end0: Link is Up - 100Mbps/Full - flow control off
[Wed Sep 30 00:20:31 2026] caninos-dwmac e0220000.ethernet end0: Link is Down
[Wed Sep 30 00:20:34 2026] caninos-dwmac e0220000.ethernet end0: Link is Up - 100Mbps/Full - flow control off
[Wed Sep 30 00:20:35 2026] caninos-dwmac e0220000.ethernet end0: Link is Down
[Wed Sep 30 00:20:36 2026] caninos-dwmac e0220000.ethernet end0: Link is Up - 100Mbps/Full - flow control rx/tx
[Wed Sep 30 00:20:37 2026] caninos-dwmac e0220000.ethernet end0: Link is Down
[Wed Sep 30 00:20:45 2026] caninos-dwmac e0220000.ethernet end0: Link is Up - 100Mbps/Full - flow control off
[Wed Sep 30 07:05:54 2026] caninos-dwmac e0220000.ethernet end0: Link is Down
[Wed Sep 30 07:06:10 2026] caninos-dwmac e0220000.ethernet end0: Link is Up - 100Mbps/Full - flow control off
[Wed Sep 30 20:17:57 2026] caninos-dwmac e0220000.ethernet end0: Link is Down
[Wed Sep 30 20:18:13 2026] caninos-dwmac e0220000.ethernet end0: Link is Up - 100Mbps/Full - flow control off
[Wed Sep 30 22:06:09 2026] caninos-dwmac e0220000.ethernet end0: Link is Down
[Wed Sep 30 22:06:24 2026] caninos-dwmac e0220000.ethernet end0: Link is Up - 100Mbps/Full - flow control off
[Thu Oct  1 01:31:15 2026] caninos-dwmac e0220000.ethernet end0: Link is Down
[Thu Oct  1 01:31:31 2026] caninos-dwmac e0220000.ethernet end0: Link is Up - 100Mbps/Full - flow control off
[Thu Oct  1 04:20:16 2026] caninos-dwmac e0220000.ethernet end0: Link is Down
[Thu Oct  1 04:20:19 2026] caninos-dwmac e0220000.ethernet end0: Link is Up - 100Mbps/Full - flow control off
[Thu Oct  1 04:20:20 2026] caninos-dwmac e0220000.ethernet end0: Link is Down
[Thu Oct  1 04:20:21 2026] caninos-dwmac e0220000.ethernet end0: Link is Up - 100Mbps/Full - flow control rx/tx
[Thu Oct  1 04:20:22 2026] caninos-dwmac e0220000.ethernet end0: Link is Down
[Thu Oct  1 04:20:33 2026] caninos-dwmac e0220000.ethernet end0: Link is Up - 100Mbps/Full - flow control off
[Thu Oct  1 08:43:25 2026] caninos-dwmac e0220000.ethernet end0: Link is Down
[Thu Oct  1 08:43:41 2026] caninos-dwmac e0220000.ethernet end0: Link is Up - 100Mbps/Full - flow control off
[Thu Oct  1 09:09:09 2026] caninos-dwmac e0220000.ethernet end0: Link is Down
[Thu Oct  1 09:09:24 2026] caninos-dwmac e0220000.ethernet end0: Link is Up - 100Mbps/Full - flow control off
[Thu Oct  1 10:22:44 2026] caninos-dwmac e0220000.ethernet end0: Link is Down
[Thu Oct  1 10:22:47 2026] caninos-dwmac e0220000.ethernet end0: Link is Up - 100Mbps/Full - flow control off
[Thu Oct  1 10:22:57 2026] caninos-dwmac e0220000.ethernet end0: Link is Down
[Thu Oct  1 10:23:00 2026] caninos-dwmac e0220000.ethernet end0: Link is Up - 100Mbps/Full - flow control off
",,,data/runs/20261001T151649Z/hosts/192.168.50.75/raw.txt,
node07,192.168.50.71,True,0,labrador,11b02da9cc614528b947d24bad602e6d,"Caninos Labrador 7 (Base 2.1) 
caninos,k7

cat: /proc/device-tree/serial-number: No such file or directory

",Caninos Labrador 7 (Base 2.1),aarch64,4,"Linux labrador 6.1.76 #1 SMP Fri Feb 28 17:06:14 UTC 2025 aarch64 GNU/Linux
Architecture:                       aarch64
CPU op-mode(s):                     32-bit, 64-bit
Byte Order:                         Little Endian
CPU(s):                             4
On-line CPU(s) list:                0-3
Vendor ID:                          ARM
Model name:                         Cortex-A53
Model:                              4
Thread(s) per core:                 1
Core(s) per cluster:                4
Socket(s):                          -
Cluster(s):                         1
Stepping:                           r0p4
BogoMIPS:                           48.00
Flags:                              fp asimd evtstrm crc32 cpuid
Vulnerability Gather data sampling: Not affected
Vulnerability Itlb multihit:        Not affected
Vulnerability L1tf:                 Not affected
Vulnerability Mds:                  Not affected
Vulnerability Meltdown:             Not affected
Vulnerability Mmio stale data:      Not affected
Vulnerability Retbleed:             Not affected
Vulnerability Spec rstack overflow: Not affected
Vulnerability Spec store bypass:    Not affected
Vulnerability Spectre v1:           Mitigation; __user pointer sanitization
Vulnerability Spectre v2:           Not affected
Vulnerability Srbds:                Not affected
Vulnerability Tsx async abort:      Not affected
processor	: 0
BogoMIPS	: 48.00
Features	: fp asimd evtstrm crc32 cpuid
processor	: 1
BogoMIPS	: 48.00
Features	: fp asimd evtstrm crc32 cpuid
processor	: 2
BogoMIPS	: 48.00
Features	: fp asimd evtstrm crc32 cpuid
processor	: 3
BogoMIPS	: 48.00
Features	: fp asimd evtstrm crc32 cpuid
","PRETTY_NAME=""Debian GNU/Linux 12 (bookworm)""
NAME=""Debian GNU/Linux""
VERSION_ID=""12""
VERSION=""12 (bookworm)""
VERSION_CODENAME=bookworm
ID=debian
HOME_URL=""https://www.debian.org/""
SUPPORT_URL=""https://www.debian.org/support""
BUG_REPORT_URL=""https://bugs.debian.org/""
6.1.76
2026-10-01 09:31:36
 12:17:02 up  2:45,  1 user,  load average: 0.14, 0.17, 0.18
2026-10-01T15:17:02Z
","               total        used        free      shared  buff/cache   available
Mem:      2034073600   226750464  1665642496     3014656   222670848  1807323136
Swap:              0           0           0
bash: line 9: swapon: command not found
MemTotal:        1986400 kB
MemFree:         1626352 kB
MemAvailable:    1764712 kB
Buffers:           21036 kB
Cached:           168020 kB
SwapCached:            0 kB
Active:            68148 kB
Inactive:         165736 kB
Active(anon):       2824 kB
Inactive(anon):    44948 kB
Active(file):      65324 kB
Inactive(file):   120788 kB
Unevictable:           0 kB
Mlocked:               0 kB
SwapTotal:             0 kB
SwapFree:              0 kB
Zswap:                 0 kB
Zswapped:              0 kB
Dirty:               484 kB
Writeback:             0 kB
AnonPages:         42560 kB
Mapped:            49572 kB
Shmem:              2944 kB
KReclaimable:      28396 kB
Slab:              55300 kB
SReclaimable:      28396 kB
SUnreclaim:        26904 kB
KernelStack:        2304 kB
PageTables:         1796 kB
SecPageTables:         0 kB
","ALIGNMENT DISC-ALN DAX DISC-GRAN DISC-MAX DISC-ZERO FSAVAIL FSROOTS FSSIZE FSTYPE FSUSED FSUSE% FSVER GROUP HCTL HOTPLUG KNAME     LABEL LOG-SEC MAJ:MIN MIN-IO MODE       MODEL NAME        OPT-IO OWNER PARTFLAGS PARTLABEL PARTTYPE PARTTYPENAME PARTUUID                             PATH           PHY-SEC PKNAME  PTTYPE PTUUID                                RA RAND  REV RM RO ROTA RQ-SIZE SCHED       SERIAL      SIZE START STATE SUBSYSTEMS                  MOUNTPOINT MOUNTPOINTS TRAN TYPE UUID                                 VENDOR WSAME WWN ZONED ZONE-SZ ZONE-WGRAN ZONE-APP ZONE-NR ZONE-OMAX ZONE-AMAX
        0        0   0        0B       0B         0                                                   disk             0 nbd0                512  43:0      512 brw-rw----       nbd0             0 root                                                                                 /dev/nbd0          512                                                     128    0       0  0    0     256 mq-deadline               0B             block                                                   disk                                                0B     none       0B         0B       0B       0         0         0
        0        0   0        0B       0B         0                                                   disk             0 nbd1                512  43:32     512 brw-rw----       nbd1             0 root                                                                                 /dev/nbd1          512                                                     128    0       0  0    0     256 mq-deadline               0B             block                                                   disk                                                0B     none       0B         0B       0B       0         0         0
        0        0   0        0B       0B         0                                                   disk             0 nbd2                512  43:64     512 brw-rw----       nbd2             0 root                                                                                 /dev/nbd2          512                                                     128    0       0  0    0     256 mq-deadline               0B             block                                                   disk                                                0B     none       0B         0B       0B       0         0         0
        0        0   0        0B       0B         0                                                   disk             0 nbd3                512  43:96     512 brw-rw----       nbd3             0 root                                                                                 /dev/nbd3          512                                                     128    0       0  0    0     256 mq-deadline               0B             block                                                   disk                                                0B     none       0B         0B       0B       0         0         0
        0        0   0        0B       0B         0                                                   disk             0 nbd4                512  43:128    512 brw-rw----       nbd4             0 root                                                                                 /dev/nbd4          512                                                     128    0       0  0    0     256 mq-deadline               0B             block                                                   disk                                                0B     none       0B         0B       0B       0         0         0
        0        0   0        0B       0B         0                                                   disk             0 nbd5                512  43:160    512 brw-rw----       nbd5             0 root                                                                                 /dev/nbd5          512                                                     128    0       0  0    0     256 mq-deadline               0B             block                                                   disk                                                0B     none       0B         0B       0B       0         0         0
        0        0   0        0B       0B         0                                                   disk             0 nbd6                512  43:192    512 brw-rw----       nbd6             0 root                                                                                 /dev/nbd6          512                                                     128    0       0  0    0     256 mq-deadline               0B             block                                                   disk                                                0B     none       0B         0B       0B       0         0         0
        0        0   0        0B       0B         0                                                   disk             0 nbd7                512  43:224    512 brw-rw----       nbd7             0 root                                                                                 /dev/nbd7          512                                                     128    0       0  0    0     256 mq-deadline               0B             block                                                   disk                                                0B     none       0B         0B       0B       0         0         0
        0        0   0        4M    49.5M         0                                                   disk             1 mmcblk2             512 179:0      512 brw-rw----       mmcblk2          0 root                                                                                 /dev/mmcblk2       512         dos    3c933daa                             128    0  0x8  0  0    0     128 mq-deadline 0xcb1c003e 14.6G             block:mmc:mmc_host:platform                             disk                                                0B     none       0B         0B       0B       0         0         0
        0  3145728   0        4M    49.5M         0   11.8G /        14.2G ext4     1.7G    12% 1.0   disk             1 mmcblk2p1           512 179:1      512 brw-rw----       └─mmcblk2p1      0 root  0x80                0x83     Linux        3c933daa-01                          /dev/mmcblk2p1     512 mmcblk2 dos    3c933daa                             128    0       0  0    0     128 mq-deadline            14.6G  2048       block:mmc:mmc_host:platform /          /                part a3ad95cc-ac7d-4d4b-aa84-92810d942496           0B     none       0B         0B       0B       0         0         0
        0        0   0        0B       0B         0                                                   disk             0 nullb0              512 253:0      512 brw-rw----       nullb0           0 root                                                                                 /dev/nullb0        512                                                     128    0       0  0    0      64 none                    250G             block                                                   disk                                                0B     none       0B         0B       0B       0         0         0
        0        0   0        0B       0B         0                                                   disk             0 nbd8                512  43:256    512 brw-rw----       nbd8             0 root                                                                                 /dev/nbd8          512                                                     128    0       0  0    0     256 mq-deadline               0B             block                                                   disk                                                0B     none       0B         0B       0B       0         0         0
        0        0   0        0B       0B         0                                                   disk             0 nbd9                512  43:288    512 brw-rw----       nbd9             0 root                                                                                 /dev/nbd9          512                                                     128    0       0  0    0     256 mq-deadline               0B             block                                                   disk                                                0B     none       0B         0B       0B       0         0         0
        0        0   0        0B       0B         0                                                   disk             0 nbd10               512  43:320    512 brw-rw----       nbd10            0 root                                                                                 /dev/nbd10         512                                                     128    0       0  0    0     256 mq-deadline               0B             block                                                   disk                                                0B     none       0B         0B       0B       0         0         0
        0        0   0        0B       0B         0                                                   disk             0 nbd11               512  43:352    512 brw-rw----       nbd11            0 root                                                                                 /dev/nbd11         512                                                     128    0       0  0    0     256 mq-deadline               0B             block                                                   disk                                                0B     none       0B         0B       0B       0         0         0
        0        0   0        0B       0B         0                                                   disk             0 nbd12               512  43:384    512 brw-rw----       nbd12            0 root                                                                                 /dev/nbd12         512                                                     128    0       0  0    0     256 mq-deadline               0B             block                                                   disk                                                0B     none       0B         0B       0B       0         0         0
        0        0   0        0B       0B         0                                                   disk             0 nbd13               512  43:416    512 brw-rw----       nbd13            0 root                                                                                 /dev/nbd13         512                                                     128    0       0  0    0     256 mq-deadline               0B             block                                                   disk                                                0B     none       0B         0B       0B       0         0         0
        0        0   0        0B       0B         0                                                   disk             0 nbd14               512  43:448    512 brw-rw----       nbd14            0 root                                                                                 /dev/nbd14         512                                                     128    0       0  0    0     256 mq-deadline               0B             block                                                   disk                                                0B     none       0B         0B       0B       0         0         0
        0        0   0        0B       0B         0                                                   disk             0 nbd15               512  43:480    512 brw-rw----       nbd15            0 root                                                                                 /dev/nbd15         512                                                     128    0       0  0    0     256 mq-deadline               0B             block                                                   disk                                                0B     none       0B         0B       0B       0         0         0
Filesystem     Type      Size  Used Avail Use% Mounted on
/dev/root      ext4       15G  1.7G   12G  13% /
devtmpfs       devtmpfs  712M     0  712M   0% /dev
tmpfs          tmpfs     970M     0  970M   0% /dev/shm
tmpfs          tmpfs     388M  2.9M  386M   1% /run
tmpfs          tmpfs     5.0M     0  5.0M   0% /run/lock
tmpfs          tmpfs     194M     0  194M   0% /run/user/1000
","[{""ifindex"":1,""ifname"":""lo"",""flags"":[""LOOPBACK"",""UP"",""LOWER_UP""],""mtu"":65536,""qdisc"":""noqueue"",""operstate"":""UNKNOWN"",""group"":""default"",""txqlen"":1000,""link_type"":""loopback"",""address"":""00:00:00:00:00:00"",""broadcast"":""00:00:00:00:00:00"",""addr_info"":[{""family"":""inet"",""local"":""127.0.0.1"",""prefixlen"":8,""scope"":""host"",""label"":""lo"",""valid_life_time"":4294967295,""preferred_life_time"":4294967295},{""family"":""inet6"",""local"":""::1"",""prefixlen"":128,""scope"":""host"",""noprefixroute"":true,""valid_life_time"":4294967295,""preferred_life_time"":4294967295}]},{""ifindex"":2,""link"":null,""ifname"":""tunl0"",""flags"":[""NOARP""],""mtu"":1480,""qdisc"":""noop"",""operstate"":""DOWN"",""group"":""default"",""txqlen"":1000,""link_type"":""ipip"",""address"":""0.0.0.0"",""broadcast"":""0.0.0.0"",""addr_info"":[]},{""ifindex"":3,""link"":null,""ifname"":""ip6tnl0"",""flags"":[""NOARP""],""mtu"":1452,""qdisc"":""noop"",""operstate"":""DOWN"",""group"":""default"",""txqlen"":1000,""link_type"":""tunnel6"",""address"":""::"",""broadcast"":""::"",""permaddr"":""c24d:c402:3d70::"",""addr_info"":[]},{""ifindex"":4,""ifname"":""wlan0"",""flags"":[""NO-CARRIER"",""BROADCAST"",""MULTICAST"",""UP""],""mtu"":1500,""qdisc"":""mq"",""operstate"":""DOWN"",""group"":""default"",""txqlen"":1000,""link_type"":""ether"",""address"":""14:6b:9c:7d:50:46"",""broadcast"":""ff:ff:ff:ff:ff:ff"",""addr_info"":[]},{""ifindex"":5,""ifname"":""end0"",""flags"":[""BROADCAST"",""MULTICAST"",""UP"",""LOWER_UP""],""mtu"":1500,""qdisc"":""mq"",""operstate"":""UP"",""group"":""default"",""txqlen"":1000,""link_type"":""ether"",""address"":""66:0d:70:7f:06:7a"",""broadcast"":""ff:ff:ff:ff:ff:ff"",""addr_info"":[{""family"":""inet"",""local"":""192.168.50.71"",""prefixlen"":24,""broadcast"":""192.168.50.255"",""scope"":""global"",""dynamic"":true,""noprefixroute"":true,""label"":""end0"",""valid_life_time"":6407,""preferred_life_time"":6407},{""family"":""inet6"",""local"":""fe80::fb8c:3f58:e006:d03d"",""prefixlen"":64,""scope"":""link"",""noprefixroute"":true,""valid_life_time"":4294967295,""preferred_life_time"":4294967295}]}]
[{""ifindex"":1,""ifname"":""lo"",""flags"":[""LOOPBACK"",""UP"",""LOWER_UP""],""mtu"":65536,""qdisc"":""noqueue"",""operstate"":""UNKNOWN"",""linkmode"":""DEFAULT"",""group"":""default"",""txqlen"":1000,""link_type"":""loopback"",""address"":""00:00:00:00:00:00"",""broadcast"":""00:00:00:00:00:00""},{""ifindex"":2,""link"":null,""ifname"":""tunl0"",""flags"":[""NOARP""],""mtu"":1480,""qdisc"":""noop"",""operstate"":""DOWN"",""linkmode"":""DEFAULT"",""group"":""default"",""txqlen"":1000,""link_type"":""ipip"",""address"":""0.0.0.0"",""broadcast"":""0.0.0.0""},{""ifindex"":3,""link"":null,""ifname"":""ip6tnl0"",""flags"":[""NOARP""],""mtu"":1452,""qdisc"":""noop"",""operstate"":""DOWN"",""linkmode"":""DEFAULT"",""group"":""default"",""txqlen"":1000,""link_type"":""tunnel6"",""address"":""::"",""broadcast"":""::"",""permaddr"":""c24d:c402:3d70::""},{""ifindex"":4,""ifname"":""wlan0"",""flags"":[""NO-CARRIER"",""BROADCAST"",""MULTICAST"",""UP""],""mtu"":1500,""qdisc"":""mq"",""operstate"":""DOWN"",""linkmode"":""DORMANT"",""group"":""default"",""txqlen"":1000,""link_type"":""ether"",""address"":""14:6b:9c:7d:50:46"",""broadcast"":""ff:ff:ff:ff:ff:ff""},{""ifindex"":5,""ifname"":""end0"",""flags"":[""BROADCAST"",""MULTICAST"",""UP"",""LOWER_UP""],""mtu"":1500,""qdisc"":""mq"",""operstate"":""UP"",""linkmode"":""DEFAULT"",""group"":""default"",""txqlen"":1000,""link_type"":""ether"",""address"":""66:0d:70:7f:06:7a"",""broadcast"":""ff:ff:ff:ff:ff:ff""}]
[{""dst"":""default"",""gateway"":""192.168.50.1"",""dev"":""end0"",""protocol"":""dhcp"",""prefsrc"":""192.168.50.71"",""metric"":100,""flags"":[]},{""dst"":""192.168.50.0/24"",""dev"":""end0"",""protocol"":""kernel"",""scope"":""link"",""prefsrc"":""192.168.50.71"",""metric"":100,""flags"":[]}]
/sys/class/net/end0/address=66:0d:70:7f:06:7a
/sys/class/net/ip6tnl0/address=00:00:00:00:00:00:00:00:00:00:00:00:00:00:00:00
/sys/class/net/lo/address=00:00:00:00:00:00
/sys/class/net/tunl0/address=00:00:00:00
/sys/class/net/wlan0/address=14:6b:9c:7d:50:46
","IF=end0
bash: line 13: ethtool: command not found
5: end0: <BROADCAST,MULTICAST,UP,LOWER_UP> mtu 1500 qdisc mq state UP mode DEFAULT group default qlen 1000
    link/ether 66:0d:70:7f:06:7a brd ff:ff:ff:ff:ff:ff
    RX:  bytes packets errors dropped  missed   mcast           
        856149   10401      0       0       0       0 
    TX:  bytes packets errors dropped carrier collsns           
        580694    5005      0       0       0       0 
IF=ip6tnl0
bash: line 13: ethtool: command not found
3: ip6tnl0@NONE: <NOARP> mtu 1452 qdisc noop state DOWN mode DEFAULT group default qlen 1000
    link/tunnel6 :: brd :: permaddr c24d:c402:3d70::
    RX:  bytes packets errors dropped  missed   mcast           
             0       0      0       0       0       0 
    TX:  bytes packets errors dropped carrier collsns           
             0       0      0       0       0       0 
IF=lo
bash: line 13: ethtool: command not found
1: lo: <LOOPBACK,UP,LOWER_UP> mtu 65536 qdisc noqueue state UNKNOWN mode DEFAULT group default qlen 1000
    link/loopback 00:00:00:00:00:00 brd 00:00:00:00:00:00
    RX:  bytes packets errors dropped  missed   mcast           
             0       0      0       0       0       0 
    TX:  bytes packets errors dropped carrier collsns           
             0       0      0       0       0       0 
IF=tunl0
bash: line 13: ethtool: command not found
2: tunl0@NONE: <NOARP> mtu 1480 qdisc noop state DOWN mode DEFAULT group default qlen 1000
    link/ipip 0.0.0.0 brd 0.0.0.0
    RX:  bytes packets errors dropped  missed   mcast           
             0       0      0       0       0       0 
    TX:  bytes packets errors dropped carrier collsns           
             0       0      0       0       0       0 
IF=wlan0
bash: line 13: ethtool: command not found
4: wlan0: <NO-CARRIER,BROADCAST,MULTICAST,UP> mtu 1500 qdisc mq state DOWN mode DORMANT group default qlen 1000
    link/ether 14:6b:9c:7d:50:46 brd ff:ff:ff:ff:ff:ff
    RX:  bytes packets errors dropped  missed   mcast           
             0       0      0       0       0       0 
    TX:  bytes packets errors dropped carrier collsns           
             0       0      0       0       0       0 
","0.14 0.17 0.18 1/138 15289
    PID COMMAND         %CPU %MEM     ELAPSED COMMAND
  15290 ps               150  0.1       00:00 ps -eo pid,comm,pcpu,pmem,etime,args --sort=-pcpu
  15245 systemd-hostnam 32.5  0.2       00:00 /lib/systemd/systemd-hostnamed
  15228 sshd             8.0  0.4       00:01 sshd: caninos [priv]
  15238 bash             8.0  0.1       00:01 bash -s
  15237 sshd             1.9  0.3       00:01 sshd: caninos@notty
      7 kworker/0:0-eve  0.4  0.0    02:45:26 [kworker/0:0-events]
    348 kworker/0:4-eve  0.4  0.0    02:45:17 [kworker/0:4-events_power_efficient]
    419 RTW_CMD_THREAD   0.1  0.0    02:45:13 [RTW_CMD_THREAD]
     61 kworker/0:2-eve  0.1  0.0    02:45:25 [kworker/0:2-events]
      1 systemd          0.1  0.6    02:45:26 /sbin/init
   1404 verifica_rede_l  0.1  0.1    01:57:40 /bin/bash /usr/local/bin/verifica_rede_led.sh
    378 NetworkManager   0.1  1.0    02:45:16 /usr/sbin/NetworkManager --no-daemon
    320 dbus-daemon      0.0  0.2    02:45:18 /usr/bin/dbus-daemon --system --address=systemd: --nofork --nopidfile --systemd-activation --syslog-only
    424 wpa_supplicant   0.0  0.5    02:45:13 /sbin/wpa_supplicant -u -s -O DIR=/run/wpa_supplicant GROUP=netdev
    595 systemd          0.0  0.5    02:09:33 /lib/systemd/systemd --user
    337 ksdioirqd/mmc1   0.0  0.0    02:45:17 [ksdioirqd/mmc1]
  14690 kworker/2:0-eve  0.0  0.0       04:38 [kworker/2:0-events]
    377 ModemManager     0.0  0.7    02:45:16 /usr/sbin/ModemManager
    232 systemd-journal  0.0  0.7    02:45:20 /lib/systemd/systemd-journald
    612 bash             0.0  0.2    02:09:31 -bash
  14659 kworker/1:2-eve  0.0  0.0       04:54 [kworker/1:2-events_long]
    324 systemd-logind   0.0  0.3    02:45:18 /lib/systemd/systemd-logind
    250 systemd-udevd    0.0  0.3    02:45:19 /lib/systemd/systemd-udevd
     14 rcu_sched        0.0  0.0    02:45:26 [rcu_sched]
  UNIT                       LOAD   ACTIVE SUB     DESCRIPTION
  cron.service               loaded active running Regular background program processing daemon
  dbus.service               loaded active running D-Bus System Message Bus
  getty@tty1.service         loaded active running Getty on tty1
  led-udp.service            loaded active running LED UDP Control Service
  ModemManager.service       loaded active running Modem Manager
  NetworkManager.service     loaded active running Network Manager
  polkit.service             loaded active running Authorization Manager
  rsyslog.service            loaded active running System Logging Service
  serial-getty@ttyS3.service loaded active running Serial Getty on ttyS3
  ssh.service                loaded active running OpenBSD Secure Shell server
  systemd-hostnamed.service  loaded active running Hostname Service
  systemd-journald.service   loaded active running Journal Service
  systemd-logind.service     loaded active running User Login Management
  systemd-timesyncd.service  loaded active running Network Time Synchronization
  systemd-udevd.service      loaded active running Rule-based Manager for Device Events and Files
  user@1000.service          loaded active running User Manager for UID 1000
  verifica-rede-led.service  loaded active running Verifica rede end0 e controla LEDs da Labrador
  wifi_bt_start.service      loaded active running LSB: Bluetooth Start
  wpa_supplicant.service     loaded active running WPA supplicant

LOAD   = Reflects whether the unit definition was properly loaded.
ACTIVE = The high-level unit activation state, i.e. generalization of SUB.
SUB    = The low-level unit activation state, values depend on unit type.
19 loaded units listed.
","/sys/class/thermal/thermal_zone0/type=cpu-temp
/sys/class/thermal/thermal_zone1/type=gpu-temp
/sys/class/thermal/thermal_zone2/type=corelogic-temp
/sys/class/thermal/thermal_zone0/temp=35828
/sys/class/thermal/thermal_zone1/temp=82244
/sys/class/thermal/thermal_zone2/temp=73447
/sys/class/hwmon/hwmon0/name=cpu_temp
/sys/class/hwmon/hwmon1/name=gpu_temp
/sys/class/hwmon/hwmon2/name=corelogic_temp
/sys/class/hwmon/hwmon0/temp1_input=35828
/sys/class/hwmon/hwmon1/temp1_input=82244
/sys/class/hwmon/hwmon2/temp1_input=73447
","CMD=gcc PATH=bash: line 14: gcc: command not found
CMD=g++ PATH=bash: line 14: g++: command not found
CMD=clang PATH=bash: line 14: clang: command not found
CMD=make PATH=/usr/bin/make
GNU Make 4.3
Built for aarch64-unknown-linux-gnu
CMD=cmake PATH=bash: line 14: cmake: command not found
CMD=python3 PATH=/usr/bin/python3
Python 3.11.2
CMD=python PATH=bash: line 14: python: command not found
CMD=git PATH=bash: line 14: git: command not found
CMD=pip3 PATH=bash: line 14: pip3: command not found
CMD=llama-cli PATH=bash: line 14: llama-cli: command not found
CMD=llama-server PATH=bash: line 14: llama-server: command not found
CMD=ollama PATH=bash: line 14: ollama: command not found
CMD=vllm PATH=bash: line 14: vllm: command not found
CMD=torchrun PATH=bash: line 14: torchrun: command not found
CMD=mpirun PATH=bash: line 14: mpirun: command not found
CMD=iperf3 PATH=bash: line 14: iperf3: command not found
",,"[Thu Oct  1 09:31:37 2026] caninos-tmu e01b00f0.thermal: probe finished
[Thu Oct  1 09:31:37 2026] caninos-mmc e0210000.mmc: probe finished
[Thu Oct  1 09:31:37 2026] caninos-mmc e0214000.mmc: probe finished
[Thu Oct  1 09:31:37 2026] mmc1: new high speed SDIO card at address 0001
[Thu Oct  1 09:31:37 2026] caninos-mmc e0218000.mmc: probe finished
[Thu Oct  1 09:31:37 2026] mmc2: new high speed MMC card at address 0001
[Thu Oct  1 09:31:37 2026] mmcblk2: mmc2:0001 QE63MB 14.6 GiB 
[Thu Oct  1 09:31:37 2026]  mmcblk2: p1
[Thu Oct  1 09:31:39 2026] EXT4-fs (mmcblk2p1): recovery complete
[Thu Oct  1 09:31:39 2026] EXT4-fs (mmcblk2p1): mounted filesystem with ordered data mode. Quota mode: none.
[Thu Oct  1 09:31:39 2026] VFS: Mounted root (ext4 filesystem) on device 179:1.
[Thu Oct  1 09:31:47 2026] rtl8723bs mmc1:0001:1: firmware: direct-loading firmware rtlwifi/rtl8723bs_nic.bin
[Thu Oct  1 09:31:49 2026] caninos-dwmac e0220000.ethernet end0: Link is Up - 100Mbps/Full - flow control off
[Thu Oct  1 09:31:49 2026] caninos-dwmac e0220000.ethernet end0: Link is Down
[Thu Oct  1 09:31:52 2026] caninos-dwmac e0220000.ethernet end0: Link is Up - 100Mbps/Full - flow control off
[Thu Oct  1 10:07:42 2026] caninos-dwmac e0220000.ethernet end0: Link is Down
[Thu Oct  1 10:07:45 2026] caninos-dwmac e0220000.ethernet end0: Link is Up - 100Mbps/Full - flow control off
[Thu Oct  1 10:09:38 2026] caninos-dwmac e0220000.ethernet end0: Link is Down
[Thu Oct  1 10:09:40 2026] caninos-dwmac e0220000.ethernet end0: Link is Up - 100Mbps/Full - flow control off
[Thu Oct  1 10:09:50 2026] caninos-dwmac e0220000.ethernet end0: Link is Down
[Thu Oct  1 10:09:54 2026] caninos-dwmac e0220000.ethernet end0: Link is Up - 100Mbps/Full - flow control off
",,,data/runs/20261001T151649Z/hosts/192.168.50.71/raw.txt,
node08,192.168.50.241,True,0,labrador,11b02da9cc614528b947d24bad602e6d,"Caninos Labrador 7 (Base 2.1) 
caninos,k7

cat: /proc/device-tree/serial-number: No such file or directory

",Caninos Labrador 7 (Base 2.1),aarch64,4,"Linux labrador 6.1.76 #1 SMP Mon Jan 26 19:02:43 -03 2026 aarch64 GNU/Linux
Architecture:                       aarch64
CPU op-mode(s):                     32-bit, 64-bit
Byte Order:                         Little Endian
CPU(s):                             4
On-line CPU(s) list:                0-3
Vendor ID:                          ARM
Model name:                         Cortex-A53
Model:                              4
Thread(s) per core:                 1
Core(s) per cluster:                4
Socket(s):                          -
Cluster(s):                         1
Stepping:                           r0p4
BogoMIPS:                           48.00
Flags:                              fp asimd evtstrm crc32 cpuid
Vulnerability Gather data sampling: Not affected
Vulnerability Itlb multihit:        Not affected
Vulnerability L1tf:                 Not affected
Vulnerability Mds:                  Not affected
Vulnerability Meltdown:             Not affected
Vulnerability Mmio stale data:      Not affected
Vulnerability Retbleed:             Not affected
Vulnerability Spec rstack overflow: Not affected
Vulnerability Spec store bypass:    Not affected
Vulnerability Spectre v1:           Mitigation; __user pointer sanitization
Vulnerability Spectre v2:           Not affected
Vulnerability Srbds:                Not affected
Vulnerability Tsx async abort:      Not affected
processor	: 0
BogoMIPS	: 48.00
Features	: fp asimd evtstrm crc32 cpuid
processor	: 1
BogoMIPS	: 48.00
Features	: fp asimd evtstrm crc32 cpuid
processor	: 2
BogoMIPS	: 48.00
Features	: fp asimd evtstrm crc32 cpuid
processor	: 3
BogoMIPS	: 48.00
Features	: fp asimd evtstrm crc32 cpuid
","PRETTY_NAME=""Debian GNU/Linux 12 (bookworm)""
NAME=""Debian GNU/Linux""
VERSION_ID=""12""
VERSION=""12 (bookworm)""
VERSION_CODENAME=bookworm
ID=debian
HOME_URL=""https://www.debian.org/""
SUPPORT_URL=""https://www.debian.org/support""
BUG_REPORT_URL=""https://bugs.debian.org/""
6.1.76
2026-10-01 09:53:35
 12:17:04 up  2:23,  0 user,  load average: 2.38, 2.28, 2.21
2026-10-01T15:17:04Z
","               total        used        free      shared  buff/cache   available
Mem:      2033942528   211861504  1770110976     1695744   131084288  1822081024
Swap:              0           0           0
bash: line 9: swapon: command not found
MemTotal:        1986272 kB
MemFree:         1728120 kB
MemAvailable:    1778872 kB
Buffers:            9912 kB
Cached:            90796 kB
SwapCached:            0 kB
Active:            47644 kB
Inactive:          82316 kB
Active(anon):       1456 kB
Inactive(anon):    29452 kB
Active(file):      46188 kB
Inactive(file):    52864 kB
Unevictable:           0 kB
Mlocked:               0 kB
SwapTotal:             0 kB
SwapFree:              0 kB
Zswap:                 0 kB
Zswapped:              0 kB
Dirty:               864 kB
Writeback:             0 kB
AnonPages:         29352 kB
Mapped:            42124 kB
Shmem:              1656 kB
KReclaimable:      27304 kB
Slab:              53896 kB
SReclaimable:      27304 kB
SUnreclaim:        26592 kB
KernelStack:        2160 kB
PageTables:         1500 kB
SecPageTables:         0 kB
","ALIGNMENT DISC-ALN DAX DISC-GRAN DISC-MAX DISC-ZERO FSAVAIL FSROOTS FSSIZE FSTYPE FSUSED FSUSE% FSVER GROUP HCTL HOTPLUG KNAME     LABEL LOG-SEC MAJ:MIN MIN-IO MODE       MODEL NAME        OPT-IO OWNER PARTFLAGS PARTLABEL PARTTYPE PARTTYPENAME PARTUUID                             PATH           PHY-SEC PKNAME  PTTYPE PTUUID                                RA RAND  REV RM RO ROTA RQ-SIZE SCHED       SERIAL      SIZE START STATE SUBSYSTEMS                  MOUNTPOINT MOUNTPOINTS TRAN TYPE UUID                                 VENDOR WSAME WWN ZONED ZONE-SZ ZONE-WGRAN ZONE-APP ZONE-NR ZONE-OMAX ZONE-AMAX
        0        0   0        0B       0B         0                                                   disk             0 nbd0                512  43:0      512 brw-rw----       nbd0             0 root                                                                                 /dev/nbd0          512                                                     128    0       0  0    0     256 mq-deadline               0B             block                                                   disk                                                0B     none       0B         0B       0B       0         0         0
        0        0   0        0B       0B         0                                                   disk             0 nbd1                512  43:32     512 brw-rw----       nbd1             0 root                                                                                 /dev/nbd1          512                                                     128    0       0  0    0     256 mq-deadline               0B             block                                                   disk                                                0B     none       0B         0B       0B       0         0         0
        0        0   0        0B       0B         0                                                   disk             0 nbd2                512  43:64     512 brw-rw----       nbd2             0 root                                                                                 /dev/nbd2          512                                                     128    0       0  0    0     256 mq-deadline               0B             block                                                   disk                                                0B     none       0B         0B       0B       0         0         0
        0        0   0        0B       0B         0                                                   disk             0 nbd3                512  43:96     512 brw-rw----       nbd3             0 root                                                                                 /dev/nbd3          512                                                     128    0       0  0    0     256 mq-deadline               0B             block                                                   disk                                                0B     none       0B         0B       0B       0         0         0
        0        0   0        0B       0B         0                                                   disk             0 nbd4                512  43:128    512 brw-rw----       nbd4             0 root                                                                                 /dev/nbd4          512                                                     128    0       0  0    0     256 mq-deadline               0B             block                                                   disk                                                0B     none       0B         0B       0B       0         0         0
        0        0   0        0B       0B         0                                                   disk             0 nbd5                512  43:160    512 brw-rw----       nbd5             0 root                                                                                 /dev/nbd5          512                                                     128    0       0  0    0     256 mq-deadline               0B             block                                                   disk                                                0B     none       0B         0B       0B       0         0         0
        0        0   0        0B       0B         0                                                   disk             0 nbd6                512  43:192    512 brw-rw----       nbd6             0 root                                                                                 /dev/nbd6          512                                                     128    0       0  0    0     256 mq-deadline               0B             block                                                   disk                                                0B     none       0B         0B       0B       0         0         0
        0        0   0        0B       0B         0                                                   disk             0 nbd7                512  43:224    512 brw-rw----       nbd7             0 root                                                                                 /dev/nbd7          512                                                     128    0       0  0    0     256 mq-deadline               0B             block                                                   disk                                                0B     none       0B         0B       0B       0         0         0
        0        0   0        4M    49.5M         0                                                   disk             1 mmcblk2             512 179:0      512 brw-rw----       mmcblk2          0 root                                                                                 /dev/mmcblk2       512         dos    ab54e7b9                             128    0  0x8  0  0    0     128 mq-deadline 0xcb1c0096 14.6G             block:mmc:mmc_host:platform                             disk                                                0B     none       0B         0B       0B       0         0         0
        0  3145728   0        4M    49.5M         0   10.8G /        14.2G ext4     2.7G    19% 1.0   disk             1 mmcblk2p1           512 179:1      512 brw-rw----       └─mmcblk2p1      0 root  0x80                0x83     Linux        ab54e7b9-01                          /dev/mmcblk2p1     512 mmcblk2 dos    ab54e7b9                             128    0       0  0    0     128 mq-deadline            14.6G  2048       block:mmc:mmc_host:platform /          /                part b2fb6597-5cfb-4f04-a793-8646d4d40b88           0B     none       0B         0B       0B       0         0         0
        0        0   0        0B       0B         0                                                   disk             0 nullb0              512 253:0      512 brw-rw----       nullb0           0 root                                                                                 /dev/nullb0        512                                                     128    0       0  0    0      64 none                    250G             block                                                   disk                                                0B     none       0B         0B       0B       0         0         0
        0        0   0        0B       0B         0                                                   disk             0 nbd8                512  43:256    512 brw-rw----       nbd8             0 root                                                                                 /dev/nbd8          512                                                     128    0       0  0    0     256 mq-deadline               0B             block                                                   disk                                                0B     none       0B         0B       0B       0         0         0
        0        0   0        0B       0B         0                                                   disk             0 nbd9                512  43:288    512 brw-rw----       nbd9             0 root                                                                                 /dev/nbd9          512                                                     128    0       0  0    0     256 mq-deadline               0B             block                                                   disk                                                0B     none       0B         0B       0B       0         0         0
        0        0   0        0B       0B         0                                                   disk             0 nbd10               512  43:320    512 brw-rw----       nbd10            0 root                                                                                 /dev/nbd10         512                                                     128    0       0  0    0     256 mq-deadline               0B             block                                                   disk                                                0B     none       0B         0B       0B       0         0         0
        0        0   0        0B       0B         0                                                   disk             0 nbd11               512  43:352    512 brw-rw----       nbd11            0 root                                                                                 /dev/nbd11         512                                                     128    0       0  0    0     256 mq-deadline               0B             block                                                   disk                                                0B     none       0B         0B       0B       0         0         0
        0        0   0        0B       0B         0                                                   disk             0 nbd12               512  43:384    512 brw-rw----       nbd12            0 root                                                                                 /dev/nbd12         512                                                     128    0       0  0    0     256 mq-deadline               0B             block                                                   disk                                                0B     none       0B         0B       0B       0         0         0
        0        0   0        0B       0B         0                                                   disk             0 nbd13               512  43:416    512 brw-rw----       nbd13            0 root                                                                                 /dev/nbd13         512                                                     128    0       0  0    0     256 mq-deadline               0B             block                                                   disk                                                0B     none       0B         0B       0B       0         0         0
        0        0   0        0B       0B         0                                                   disk             0 nbd14               512  43:448    512 brw-rw----       nbd14            0 root                                                                                 /dev/nbd14         512                                                     128    0       0  0    0     256 mq-deadline               0B             block                                                   disk                                                0B     none       0B         0B       0B       0         0         0
        0        0   0        0B       0B         0                                                   disk             0 nbd15               512  43:480    512 brw-rw----       nbd15            0 root                                                                                 /dev/nbd15         512                                                     128    0       0  0    0     256 mq-deadline               0B             block                                                   disk                                                0B     none       0B         0B       0B       0         0         0
Filesystem     Type      Size  Used Avail Use% Mounted on
/dev/root      ext4       15G  2.7G   11G  20% /
devtmpfs       devtmpfs  712M     0  712M   0% /dev
tmpfs          tmpfs     970M     0  970M   0% /dev/shm
tmpfs          tmpfs     388M  1.7M  387M   1% /run
tmpfs          tmpfs     5.0M   12K  5.0M   1% /run/lock
tmpfs          tmpfs     194M  4.0K  194M   1% /run/user/1000
","[{""ifindex"":1,""ifname"":""lo"",""flags"":[""LOOPBACK"",""UP"",""LOWER_UP""],""mtu"":65536,""qdisc"":""noqueue"",""operstate"":""UNKNOWN"",""group"":""default"",""txqlen"":1000,""link_type"":""loopback"",""address"":""00:00:00:00:00:00"",""broadcast"":""00:00:00:00:00:00"",""addr_info"":[{""family"":""inet"",""local"":""127.0.0.1"",""prefixlen"":8,""scope"":""host"",""label"":""lo"",""valid_life_time"":4294967295,""preferred_life_time"":4294967295},{""family"":""inet6"",""local"":""::1"",""prefixlen"":128,""scope"":""host"",""noprefixroute"":true,""valid_life_time"":4294967295,""preferred_life_time"":4294967295}]},{""ifindex"":2,""link"":null,""ifname"":""tunl0"",""flags"":[""NOARP""],""mtu"":1480,""qdisc"":""noop"",""operstate"":""DOWN"",""group"":""default"",""txqlen"":1000,""link_type"":""ipip"",""address"":""0.0.0.0"",""broadcast"":""0.0.0.0"",""addr_info"":[]},{""ifindex"":3,""link"":null,""ifname"":""ip6tnl0"",""flags"":[""NOARP""],""mtu"":1452,""qdisc"":""noop"",""operstate"":""DOWN"",""group"":""default"",""txqlen"":1000,""link_type"":""tunnel6"",""address"":""::"",""broadcast"":""::"",""permaddr"":""3af0:716b:988f::"",""addr_info"":[]},{""ifindex"":4,""ifname"":""wlan0"",""flags"":[""NO-CARRIER"",""BROADCAST"",""MULTICAST"",""UP""],""mtu"":1500,""qdisc"":""mq"",""operstate"":""DOWN"",""group"":""default"",""txqlen"":1000,""link_type"":""ether"",""address"":""14:6b:9c:7c:06:0a"",""broadcast"":""ff:ff:ff:ff:ff:ff"",""addr_info"":[]},{""ifindex"":5,""ifname"":""end0"",""flags"":[""BROADCAST"",""MULTICAST"",""UP"",""LOWER_UP""],""mtu"":1500,""qdisc"":""mq"",""operstate"":""UP"",""group"":""default"",""txqlen"":1000,""link_type"":""ether"",""address"":""4e:38:6c:00:94:ec"",""broadcast"":""ff:ff:ff:ff:ff:ff"",""addr_info"":[{""family"":""inet"",""local"":""192.168.50.241"",""prefixlen"":24,""broadcast"":""192.168.50.255"",""scope"":""global"",""dynamic"":true,""noprefixroute"":true,""label"":""end0"",""valid_life_time"":5503,""preferred_life_time"":5503},{""family"":""inet6"",""local"":""fe80::ba35:3e79:faa2:65c"",""prefixlen"":64,""scope"":""link"",""noprefixroute"":true,""valid_life_time"":4294967295,""preferred_life_time"":4294967295}]}]
[{""ifindex"":1,""ifname"":""lo"",""flags"":[""LOOPBACK"",""UP"",""LOWER_UP""],""mtu"":65536,""qdisc"":""noqueue"",""operstate"":""UNKNOWN"",""linkmode"":""DEFAULT"",""group"":""default"",""txqlen"":1000,""link_type"":""loopback"",""address"":""00:00:00:00:00:00"",""broadcast"":""00:00:00:00:00:00""},{""ifindex"":2,""link"":null,""ifname"":""tunl0"",""flags"":[""NOARP""],""mtu"":1480,""qdisc"":""noop"",""operstate"":""DOWN"",""linkmode"":""DEFAULT"",""group"":""default"",""txqlen"":1000,""link_type"":""ipip"",""address"":""0.0.0.0"",""broadcast"":""0.0.0.0""},{""ifindex"":3,""link"":null,""ifname"":""ip6tnl0"",""flags"":[""NOARP""],""mtu"":1452,""qdisc"":""noop"",""operstate"":""DOWN"",""linkmode"":""DEFAULT"",""group"":""default"",""txqlen"":1000,""link_type"":""tunnel6"",""address"":""::"",""broadcast"":""::"",""permaddr"":""3af0:716b:988f::""},{""ifindex"":4,""ifname"":""wlan0"",""flags"":[""NO-CARRIER"",""BROADCAST"",""MULTICAST"",""UP""],""mtu"":1500,""qdisc"":""mq"",""operstate"":""DOWN"",""linkmode"":""DORMANT"",""group"":""default"",""txqlen"":1000,""link_type"":""ether"",""address"":""14:6b:9c:7c:06:0a"",""broadcast"":""ff:ff:ff:ff:ff:ff""},{""ifindex"":5,""ifname"":""end0"",""flags"":[""BROADCAST"",""MULTICAST"",""UP"",""LOWER_UP""],""mtu"":1500,""qdisc"":""mq"",""operstate"":""UP"",""linkmode"":""DEFAULT"",""group"":""default"",""txqlen"":1000,""link_type"":""ether"",""address"":""4e:38:6c:00:94:ec"",""broadcast"":""ff:ff:ff:ff:ff:ff""}]
[{""dst"":""default"",""gateway"":""192.168.50.1"",""dev"":""end0"",""protocol"":""dhcp"",""prefsrc"":""192.168.50.241"",""metric"":100,""flags"":[]},{""dst"":""192.168.50.0/24"",""dev"":""end0"",""protocol"":""kernel"",""scope"":""link"",""prefsrc"":""192.168.50.241"",""metric"":100,""flags"":[]}]
/sys/class/net/end0/address=4e:38:6c:00:94:ec
/sys/class/net/ip6tnl0/address=00:00:00:00:00:00:00:00:00:00:00:00:00:00:00:00
/sys/class/net/lo/address=00:00:00:00:00:00
/sys/class/net/tunl0/address=00:00:00:00
/sys/class/net/wlan0/address=14:6b:9c:7c:06:0a
","IF=end0
bash: line 13: ethtool: command not found
5: end0: <BROADCAST,MULTICAST,UP,LOWER_UP> mtu 1500 qdisc mq state UP mode DEFAULT group default qlen 1000
    link/ether 4e:38:6c:00:94:ec brd ff:ff:ff:ff:ff:ff
    RX:  bytes packets errors dropped  missed   mcast           
        753993    9621      0       0       0       0 
    TX:  bytes packets errors dropped carrier collsns           
        479448    4386      0       0       0       0 
IF=ip6tnl0
bash: line 13: ethtool: command not found
3: ip6tnl0@NONE: <NOARP> mtu 1452 qdisc noop state DOWN mode DEFAULT group default qlen 1000
    link/tunnel6 :: brd :: permaddr 3af0:716b:988f::
    RX:  bytes packets errors dropped  missed   mcast           
             0       0      0       0       0       0 
    TX:  bytes packets errors dropped carrier collsns           
             0       0      0       0       0       0 
IF=lo
bash: line 13: ethtool: command not found
1: lo: <LOOPBACK,UP,LOWER_UP> mtu 65536 qdisc noqueue state UNKNOWN mode DEFAULT group default qlen 1000
    link/loopback 00:00:00:00:00:00 brd 00:00:00:00:00:00
    RX:  bytes packets errors dropped  missed   mcast           
             0       0      0       0       0       0 
    TX:  bytes packets errors dropped carrier collsns           
             0       0      0       0       0       0 
IF=tunl0
bash: line 13: ethtool: command not found
2: tunl0@NONE: <NOARP> mtu 1480 qdisc noop state DOWN mode DEFAULT group default qlen 1000
    link/ipip 0.0.0.0 brd 0.0.0.0
    RX:  bytes packets errors dropped  missed   mcast           
             0       0      0       0       0       0 
    TX:  bytes packets errors dropped carrier collsns           
             0       0      0       0       0       0 
IF=wlan0
bash: line 13: ethtool: command not found
4: wlan0: <NO-CARRIER,BROADCAST,MULTICAST,UP> mtu 1500 qdisc mq state DOWN mode DORMANT group default qlen 1000
    link/ether 14:6b:9c:7c:06:0a brd ff:ff:ff:ff:ff:ff
    RX:  bytes packets errors dropped  missed   mcast           
          6556      34      0      35       0       0 
    TX:  bytes packets errors dropped carrier collsns           
          1892      12      0       0       0       0 
","2.38 2.28 2.21 1/133 17364
    PID COMMAND         %CPU %MEM     ELAPSED COMMAND
  17281 systemd         54.8  0.5       00:02 /lib/systemd/systemd --user
  17318 systemd-hostnam 31.0  0.1       00:00 /lib/systemd/systemd-hostnamed
  17302 bash             7.0  0.1       00:00 bash -s
  17275 sshd             3.1  0.4       00:03 sshd: caninos [priv]
  17301 sshd             1.9  0.3       00:01 sshd: caninos@notty
   8733 kworker/2:3-eve  0.5  0.0    01:11:53 [kworker/2:3-events]
  15876 kworker/2:2-eve  0.5  0.0       10:26 [kworker/2:2-events]
  15116 kworker/2:1-mm_  0.2  0.0       16:53 [kworker/2:1-mm_percpu_wq]
    467 RTW_CMD_THREAD   0.1  0.0    02:23:17 [RTW_CMD_THREAD]
    514 verifica_rede_l  0.1  0.1    02:22:42 /bin/bash /usr/local/bin/verifica_rede_led.sh
    424 NetworkManager   0.1  1.1    02:23:20 /usr/sbin/NetworkManager --no-daemon
      1 systemd          0.0  0.6    02:23:29 /sbin/init
    472 wpa_supplicant   0.0  0.5    02:23:17 /sbin/wpa_supplicant -u -s -O DIR=/run/wpa_supplicant GROUP=netdev
    406 dbus-daemon      0.0  0.2    02:23:21 /usr/bin/dbus-daemon --system --address=systemd: --nofork --nopidfile --systemd-activation --syslog-only
  13304 kworker/3:2-eve  0.0  0.0       32:23 [kworker/3:2-events]
    346 ksdioirqd/mmc1   0.0  0.0    02:23:22 [ksdioirqd/mmc1]
    246 systemd-journal  0.0  0.8    02:23:24 /lib/systemd/systemd-journald
     14 rcu_sched        0.0  0.0    02:23:29 [rcu_sched]
    270 systemd-udevd    0.0  0.3    02:23:23 /lib/systemd/systemd-udevd
     25 ksoftirqd/2      0.0  0.0    02:23:29 [ksoftirqd/2]
    409 systemd-logind   0.0  0.3    02:23:21 /lib/systemd/systemd-logind
    274 systemd-timesyn  0.0  0.3    02:23:23 /lib/systemd/systemd-timesyncd
  15887 kworker/0:0-eve  0.0  0.0       10:21 [kworker/0:0-events]
     16 kworker/0:1+eve  0.0  0.0    02:23:29 [kworker/0:1+events]
  UNIT                       LOAD   ACTIVE SUB     DESCRIPTION
  cron.service               loaded active running Regular background program processing daemon
  dbus.service               loaded active running D-Bus System Message Bus
  getty@tty1.service         loaded active running Getty on tty1
  NetworkManager.service     loaded active running Network Manager
  rsyslog.service            loaded active running System Logging Service
  serial-getty@ttyS3.service loaded active running Serial Getty on ttyS3
  ssh.service                loaded active running OpenBSD Secure Shell server
  systemd-hostnamed.service  loaded active running Hostname Service
  systemd-journald.service   loaded active running Journal Service
  systemd-logind.service     loaded active running User Login Management
  systemd-timesyncd.service  loaded active running Network Time Synchronization
  systemd-udevd.service      loaded active running Rule-based Manager for Device Events and Files
  user@1000.service          loaded active running User Manager for UID 1000
  verifica-rede-led.service  loaded active running Verifica rede end0 e controla LEDs da Labrador
  wifi_bt_start.service      loaded active running LSB: Bluetooth Start
  wpa_supplicant.service     loaded active running WPA supplicant

LOAD   = Reflects whether the unit definition was properly loaded.
ACTIVE = The high-level unit activation state, i.e. generalization of SUB.
SUB    = The low-level unit activation state, values depend on unit type.
16 loaded units listed.
","/sys/class/thermal/thermal_zone0/type=cpu-temp
/sys/class/thermal/thermal_zone1/type=gpu-temp
/sys/class/thermal/thermal_zone2/type=corelogic-temp
/sys/class/thermal/thermal_zone0/temp=54246
/sys/class/thermal/thermal_zone1/temp=96193
/sys/class/thermal/thermal_zone2/temp=101318
/sys/class/hwmon/hwmon0/name=cpu_temp
/sys/class/hwmon/hwmon1/name=gpu_temp
/sys/class/hwmon/hwmon2/name=corelogic_temp
/sys/class/hwmon/hwmon0/temp1_input=54246
/sys/class/hwmon/hwmon1/temp1_input=96193
/sys/class/hwmon/hwmon2/temp1_input=101318
","CMD=gcc PATH=bash: line 14: gcc: command not found
CMD=g++ PATH=bash: line 14: g++: command not found
CMD=clang PATH=bash: line 14: clang: command not found
CMD=make PATH=/usr/bin/make
GNU Make 4.3
Built for aarch64-unknown-linux-gnu
CMD=cmake PATH=bash: line 14: cmake: command not found
CMD=python3 PATH=/usr/bin/python3
Python 3.11.2
CMD=python PATH=bash: line 14: python: command not found
CMD=git PATH=bash: line 14: git: command not found
CMD=pip3 PATH=bash: line 14: pip3: command not found
CMD=llama-cli PATH=bash: line 14: llama-cli: command not found
CMD=llama-server PATH=bash: line 14: llama-server: command not found
CMD=ollama PATH=bash: line 14: ollama: command not found
CMD=vllm PATH=bash: line 14: vllm: command not found
CMD=torchrun PATH=bash: line 14: torchrun: command not found
CMD=mpirun PATH=bash: line 14: mpirun: command not found
CMD=iperf3 PATH=bash: line 14: iperf3: command not found
",,"[Thu Oct  1 09:53:35 2026] CPU features: detected: CRC32 instructions
[Thu Oct  1 09:53:35 2026] thermal_sys: Registered thermal governor 'step_wise'
[Thu Oct  1 09:53:36 2026] caninos-tmu e01b00f0.thermal: probe finished
[Thu Oct  1 09:53:36 2026] caninos-mmc e0210000.mmc: probe finished
[Thu Oct  1 09:53:36 2026] caninos-mmc e0214000.mmc: probe finished
[Thu Oct  1 09:53:36 2026] mmc1: new high speed SDIO card at address 0001
[Thu Oct  1 09:53:36 2026] caninos-mmc e0218000.mmc: probe finished
[Thu Oct  1 09:53:36 2026] mmc2: new DDR MMC card at address 0001
[Thu Oct  1 09:53:36 2026] mmcblk2: mmc2:0001 QE63MB 14.6 GiB 
[Thu Oct  1 09:53:36 2026]  mmcblk2: p1
[Thu Oct  1 09:53:37 2026] EXT4-fs (mmcblk2p1): mounted filesystem with ordered data mode. Quota mode: none.
[Thu Oct  1 09:53:37 2026] VFS: Mounted root (ext4 filesystem) on device 179:1.
[Thu Oct  1 09:53:45 2026] rtl8723bs mmc1:0001:1: firmware: direct-loading firmware rtlwifi/rtl8723bs_nic.bin
[Thu Oct  1 09:53:47 2026] caninos-dwmac e0220000.ethernet end0: Link is Up - 100Mbps/Full - flow control off
[Thu Oct  1 09:53:47 2026] caninos-dwmac e0220000.ethernet end0: Link is Down
[Thu Oct  1 09:53:50 2026] caninos-dwmac e0220000.ethernet end0: Link is Up - 100Mbps/Full - flow control off
",,,data/runs/20261001T151649Z/hosts/192.168.50.241/raw.txt,
node09,192.168.50.169,True,0,lab3,11b02da9cc614528b947d24bad602e6d,"Caninos Labrador 7 (Base 2.1) 
caninos,k7

cat: /proc/device-tree/serial-number: No such file or directory

",Caninos Labrador 7 (Base 2.1),aarch64,4,"Linux lab3 6.1.76 #1 SMP Fri Feb 28 17:06:14 UTC 2025 aarch64 GNU/Linux
Architecture:                       aarch64
CPU op-mode(s):                     32-bit, 64-bit
Byte Order:                         Little Endian
CPU(s):                             4
On-line CPU(s) list:                0-3
Vendor ID:                          ARM
Model name:                         Cortex-A53
Model:                              4
Thread(s) per core:                 1
Core(s) per cluster:                4
Socket(s):                          -
Cluster(s):                         1
Stepping:                           r0p4
BogoMIPS:                           48.00
Flags:                              fp asimd evtstrm crc32 cpuid
Vulnerability Gather data sampling: Not affected
Vulnerability Itlb multihit:        Not affected
Vulnerability L1tf:                 Not affected
Vulnerability Mds:                  Not affected
Vulnerability Meltdown:             Not affected
Vulnerability Mmio stale data:      Not affected
Vulnerability Retbleed:             Not affected
Vulnerability Spec rstack overflow: Not affected
Vulnerability Spec store bypass:    Not affected
Vulnerability Spectre v1:           Mitigation; __user pointer sanitization
Vulnerability Spectre v2:           Not affected
Vulnerability Srbds:                Not affected
Vulnerability Tsx async abort:      Not affected
processor	: 0
BogoMIPS	: 48.00
Features	: fp asimd evtstrm crc32 cpuid
processor	: 1
BogoMIPS	: 48.00
Features	: fp asimd evtstrm crc32 cpuid
processor	: 2
BogoMIPS	: 48.00
Features	: fp asimd evtstrm crc32 cpuid
processor	: 3
BogoMIPS	: 48.00
Features	: fp asimd evtstrm crc32 cpuid
","PRETTY_NAME=""Debian GNU/Linux 12 (bookworm)""
NAME=""Debian GNU/Linux""
VERSION_ID=""12""
VERSION=""12 (bookworm)""
VERSION_CODENAME=bookworm
ID=debian
HOME_URL=""https://www.debian.org/""
SUPPORT_URL=""https://www.debian.org/support""
BUG_REPORT_URL=""https://bugs.debian.org/""
6.1.76
2026-10-01 09:20:41
 12:17:05 up  2:56,  0 user,  load average: 0.16, 0.20, 0.18
2026-10-01T15:17:05Z
","               total        used        free      shared  buff/cache   available
Mem:      2034073600   337313792   282017792     3002368  1497436160  1696759808
Swap:              0           0           0
bash: line 9: swapon: command not found
MemTotal:        1986400 kB
MemFree:          274904 kB
MemAvailable:    1656488 kB
Buffers:           29332 kB
Cached:          1401268 kB
SwapCached:            0 kB
Active:            75384 kB
Inactive:        1503756 kB
Active(anon):       2732 kB
Inactive(anon):   148744 kB
Active(file):      72652 kB
Inactive(file):  1355012 kB
Unevictable:           0 kB
Mlocked:               0 kB
SwapTotal:             0 kB
SwapFree:              0 kB
Zswap:                 0 kB
Zswapped:              0 kB
Dirty:               776 kB
Writeback:             0 kB
AnonPages:        148676 kB
Mapped:          1309120 kB
Shmem:              2932 kB
KReclaimable:      31740 kB
Slab:              58452 kB
SReclaimable:      31740 kB
SUnreclaim:        26712 kB
KernelStack:        2496 kB
PageTables:         4548 kB
SecPageTables:         0 kB
","ALIGNMENT DISC-ALN DAX DISC-GRAN DISC-MAX DISC-ZERO FSAVAIL FSROOTS FSSIZE FSTYPE FSUSED FSUSE% FSVER GROUP HCTL HOTPLUG KNAME     LABEL LOG-SEC MAJ:MIN MIN-IO MODE       MODEL NAME        OPT-IO OWNER PARTFLAGS PARTLABEL PARTTYPE PARTTYPENAME PARTUUID                             PATH           PHY-SEC PKNAME  PTTYPE PTUUID                                RA RAND  REV RM RO ROTA RQ-SIZE SCHED       SERIAL      SIZE START STATE SUBSYSTEMS                  MOUNTPOINT MOUNTPOINTS TRAN TYPE UUID                                 VENDOR WSAME WWN ZONED ZONE-SZ ZONE-WGRAN ZONE-APP ZONE-NR ZONE-OMAX ZONE-AMAX
        0        0   0        0B       0B         0                                                   disk             0 nbd0                512  43:0      512 brw-rw----       nbd0             0 root                                                                                 /dev/nbd0          512                                                     128    0       0  0    0     256 mq-deadline               0B             block                                                   disk                                                0B     none       0B         0B       0B       0         0         0
        0        0   0        0B       0B         0                                                   disk             0 nbd1                512  43:32     512 brw-rw----       nbd1             0 root                                                                                 /dev/nbd1          512                                                     128    0       0  0    0     256 mq-deadline               0B             block                                                   disk                                                0B     none       0B         0B       0B       0         0         0
        0        0   0        0B       0B         0                                                   disk             0 nbd2                512  43:64     512 brw-rw----       nbd2             0 root                                                                                 /dev/nbd2          512                                                     128    0       0  0    0     256 mq-deadline               0B             block                                                   disk                                                0B     none       0B         0B       0B       0         0         0
        0        0   0        0B       0B         0                                                   disk             0 nbd3                512  43:96     512 brw-rw----       nbd3             0 root                                                                                 /dev/nbd3          512                                                     128    0       0  0    0     256 mq-deadline               0B             block                                                   disk                                                0B     none       0B         0B       0B       0         0         0
        0        0   0        0B       0B         0                                                   disk             0 nbd4                512  43:128    512 brw-rw----       nbd4             0 root                                                                                 /dev/nbd4          512                                                     128    0       0  0    0     256 mq-deadline               0B             block                                                   disk                                                0B     none       0B         0B       0B       0         0         0
        0        0   0        0B       0B         0                                                   disk             0 nbd5                512  43:160    512 brw-rw----       nbd5             0 root                                                                                 /dev/nbd5          512                                                     128    0       0  0    0     256 mq-deadline               0B             block                                                   disk                                                0B     none       0B         0B       0B       0         0         0
        0        0   0        0B       0B         0                                                   disk             0 nbd6                512  43:192    512 brw-rw----       nbd6             0 root                                                                                 /dev/nbd6          512                                                     128    0       0  0    0     256 mq-deadline               0B             block                                                   disk                                                0B     none       0B         0B       0B       0         0         0
        0        0   0        0B       0B         0                                                   disk             0 nbd7                512  43:224    512 brw-rw----       nbd7             0 root                                                                                 /dev/nbd7          512                                                     128    0       0  0    0     256 mq-deadline               0B             block                                                   disk                                                0B     none       0B         0B       0B       0         0         0
        0        0   0        4M    49.5M         0                                                   disk             1 mmcblk2             512 179:0      512 brw-rw----       mmcblk2          0 root                                                                                 /dev/mmcblk2       512         dos    0c5f6da2                             128    0  0x8  0  0    0     128 mq-deadline 0xcb1000ee 14.6G             block:mmc:mmc_host:platform                             disk                                                0B     none       0B         0B       0B       0         0         0
        0  3145728   0        4M    49.5M         0    7.1G /        14.2G ext4     6.4G    45% 1.0   disk             1 mmcblk2p1           512 179:1      512 brw-rw----       └─mmcblk2p1      0 root  0x80                0x83     Linux        0c5f6da2-01                          /dev/mmcblk2p1     512 mmcblk2 dos    0c5f6da2                             128    0       0  0    0     128 mq-deadline            14.6G  2048       block:mmc:mmc_host:platform /          /                part 87b961e9-7baa-41f9-ab47-ebedb73bfaa9           0B     none       0B         0B       0B       0         0         0
        0        0   0        0B       0B         0                                                   disk             0 nullb0              512 253:0      512 brw-rw----       nullb0           0 root                                                                                 /dev/nullb0        512                                                     128    0       0  0    0      64 none                    250G             block                                                   disk                                                0B     none       0B         0B       0B       0         0         0
        0        0   0        0B       0B         0                                                   disk             0 nbd8                512  43:256    512 brw-rw----       nbd8             0 root                                                                                 /dev/nbd8          512                                                     128    0       0  0    0     256 mq-deadline               0B             block                                                   disk                                                0B     none       0B         0B       0B       0         0         0
        0        0   0        0B       0B         0                                                   disk             0 nbd9                512  43:288    512 brw-rw----       nbd9             0 root                                                                                 /dev/nbd9          512                                                     128    0       0  0    0     256 mq-deadline               0B             block                                                   disk                                                0B     none       0B         0B       0B       0         0         0
        0        0   0        0B       0B         0                                                   disk             0 nbd10               512  43:320    512 brw-rw----       nbd10            0 root                                                                                 /dev/nbd10         512                                                     128    0       0  0    0     256 mq-deadline               0B             block                                                   disk                                                0B     none       0B         0B       0B       0         0         0
        0        0   0        0B       0B         0                                                   disk             0 nbd11               512  43:352    512 brw-rw----       nbd11            0 root                                                                                 /dev/nbd11         512                                                     128    0       0  0    0     256 mq-deadline               0B             block                                                   disk                                                0B     none       0B         0B       0B       0         0         0
        0        0   0        0B       0B         0                                                   disk             0 nbd12               512  43:384    512 brw-rw----       nbd12            0 root                                                                                 /dev/nbd12         512                                                     128    0       0  0    0     256 mq-deadline               0B             block                                                   disk                                                0B     none       0B         0B       0B       0         0         0
        0        0   0        0B       0B         0                                                   disk             0 nbd13               512  43:416    512 brw-rw----       nbd13            0 root                                                                                 /dev/nbd13         512                                                     128    0       0  0    0     256 mq-deadline               0B             block                                                   disk                                                0B     none       0B         0B       0B       0         0         0
        0        0   0        0B       0B         0                                                   disk             0 nbd14               512  43:448    512 brw-rw----       nbd14            0 root                                                                                 /dev/nbd14         512                                                     128    0       0  0    0     256 mq-deadline               0B             block                                                   disk                                                0B     none       0B         0B       0B       0         0         0
        0        0   0        0B       0B         0                                                   disk             0 nbd15               512  43:480    512 brw-rw----       nbd15            0 root                                                                                 /dev/nbd15         512                                                     128    0       0  0    0     256 mq-deadline               0B             block                                                   disk                                                0B     none       0B         0B       0B       0         0         0
Filesystem     Type      Size  Used Avail Use% Mounted on
/dev/root      ext4       15G  6.4G  7.1G  48% /
devtmpfs       devtmpfs  712M     0  712M   0% /dev
tmpfs          tmpfs     970M     0  970M   0% /dev/shm
tmpfs          tmpfs     388M  2.9M  386M   1% /run
tmpfs          tmpfs     5.0M     0  5.0M   0% /run/lock
tmpfs          tmpfs     194M     0  194M   0% /run/user/1000
","[{""ifindex"":1,""ifname"":""lo"",""flags"":[""LOOPBACK"",""UP"",""LOWER_UP""],""mtu"":65536,""qdisc"":""noqueue"",""operstate"":""UNKNOWN"",""group"":""default"",""txqlen"":1000,""link_type"":""loopback"",""address"":""00:00:00:00:00:00"",""broadcast"":""00:00:00:00:00:00"",""addr_info"":[{""family"":""inet"",""local"":""127.0.0.1"",""prefixlen"":8,""scope"":""host"",""label"":""lo"",""valid_life_time"":4294967295,""preferred_life_time"":4294967295},{""family"":""inet6"",""local"":""::1"",""prefixlen"":128,""scope"":""host"",""noprefixroute"":true,""valid_life_time"":4294967295,""preferred_life_time"":4294967295}]},{""ifindex"":2,""link"":null,""ifname"":""tunl0"",""flags"":[""NOARP""],""mtu"":1480,""qdisc"":""noop"",""operstate"":""DOWN"",""group"":""default"",""txqlen"":1000,""link_type"":""ipip"",""address"":""0.0.0.0"",""broadcast"":""0.0.0.0"",""addr_info"":[]},{""ifindex"":3,""link"":null,""ifname"":""ip6tnl0"",""flags"":[""NOARP""],""mtu"":1452,""qdisc"":""noop"",""operstate"":""DOWN"",""group"":""default"",""txqlen"":1000,""link_type"":""tunnel6"",""address"":""::"",""broadcast"":""::"",""permaddr"":""dec1:253a:2ce0::"",""addr_info"":[]},{""ifindex"":4,""ifname"":""wlan0"",""flags"":[""NO-CARRIER"",""BROADCAST"",""MULTICAST"",""UP""],""mtu"":1500,""qdisc"":""mq"",""operstate"":""DOWN"",""group"":""default"",""txqlen"":1000,""link_type"":""ether"",""address"":""14:6b:9c:7c:46:9a"",""broadcast"":""ff:ff:ff:ff:ff:ff"",""addr_info"":[]},{""ifindex"":5,""ifname"":""end0"",""flags"":[""BROADCAST"",""MULTICAST"",""UP"",""LOWER_UP""],""mtu"":1500,""qdisc"":""mq"",""operstate"":""UP"",""group"":""default"",""txqlen"":1000,""link_type"":""ether"",""address"":""aa:fa:5a:c3:1d:cb"",""broadcast"":""ff:ff:ff:ff:ff:ff"",""addr_info"":[{""family"":""inet"",""local"":""192.168.50.169"",""prefixlen"":24,""broadcast"":""192.168.50.255"",""scope"":""global"",""dynamic"":true,""noprefixroute"":true,""label"":""end0"",""valid_life_time"":6683,""preferred_life_time"":6683},{""family"":""inet6"",""local"":""fe80::6f1e:81c7:d8e:9f80"",""prefixlen"":64,""scope"":""link"",""noprefixroute"":true,""valid_life_time"":4294967295,""preferred_life_time"":4294967295}]}]
[{""ifindex"":1,""ifname"":""lo"",""flags"":[""LOOPBACK"",""UP"",""LOWER_UP""],""mtu"":65536,""qdisc"":""noqueue"",""operstate"":""UNKNOWN"",""linkmode"":""DEFAULT"",""group"":""default"",""txqlen"":1000,""link_type"":""loopback"",""address"":""00:00:00:00:00:00"",""broadcast"":""00:00:00:00:00:00""},{""ifindex"":2,""link"":null,""ifname"":""tunl0"",""flags"":[""NOARP""],""mtu"":1480,""qdisc"":""noop"",""operstate"":""DOWN"",""linkmode"":""DEFAULT"",""group"":""default"",""txqlen"":1000,""link_type"":""ipip"",""address"":""0.0.0.0"",""broadcast"":""0.0.0.0""},{""ifindex"":3,""link"":null,""ifname"":""ip6tnl0"",""flags"":[""NOARP""],""mtu"":1452,""qdisc"":""noop"",""operstate"":""DOWN"",""linkmode"":""DEFAULT"",""group"":""default"",""txqlen"":1000,""link_type"":""tunnel6"",""address"":""::"",""broadcast"":""::"",""permaddr"":""dec1:253a:2ce0::""},{""ifindex"":4,""ifname"":""wlan0"",""flags"":[""NO-CARRIER"",""BROADCAST"",""MULTICAST"",""UP""],""mtu"":1500,""qdisc"":""mq"",""operstate"":""DOWN"",""linkmode"":""DORMANT"",""group"":""default"",""txqlen"":1000,""link_type"":""ether"",""address"":""14:6b:9c:7c:46:9a"",""broadcast"":""ff:ff:ff:ff:ff:ff""},{""ifindex"":5,""ifname"":""end0"",""flags"":[""BROADCAST"",""MULTICAST"",""UP"",""LOWER_UP""],""mtu"":1500,""qdisc"":""mq"",""operstate"":""UP"",""linkmode"":""DEFAULT"",""group"":""default"",""txqlen"":1000,""link_type"":""ether"",""address"":""aa:fa:5a:c3:1d:cb"",""broadcast"":""ff:ff:ff:ff:ff:ff""}]
[{""dst"":""default"",""gateway"":""192.168.50.1"",""dev"":""end0"",""protocol"":""dhcp"",""prefsrc"":""192.168.50.169"",""metric"":100,""flags"":[]},{""dst"":""192.168.50.0/24"",""dev"":""end0"",""protocol"":""kernel"",""scope"":""link"",""prefsrc"":""192.168.50.169"",""metric"":100,""flags"":[]}]
/sys/class/net/end0/address=aa:fa:5a:c3:1d:cb
/sys/class/net/ip6tnl0/address=00:00:00:00:00:00:00:00:00:00:00:00:00:00:00:00
/sys/class/net/lo/address=00:00:00:00:00:00
/sys/class/net/tunl0/address=00:00:00:00
/sys/class/net/wlan0/address=14:6b:9c:7c:46:9a
","IF=end0
bash: line 13: ethtool: command not found
5: end0: <BROADCAST,MULTICAST,UP,LOWER_UP> mtu 1500 qdisc mq state UP mode DEFAULT group default qlen 1000
    link/ether aa:fa:5a:c3:1d:cb brd ff:ff:ff:ff:ff:ff
    RX:  bytes packets errors dropped  missed   mcast           
        878583   10979      0       0       0       0 
    TX:  bytes packets errors dropped carrier collsns           
        581036    5485      0       0       0       0 
IF=ip6tnl0
bash: line 13: ethtool: command not found
3: ip6tnl0@NONE: <NOARP> mtu 1452 qdisc noop state DOWN mode DEFAULT group default qlen 1000
    link/tunnel6 :: brd :: permaddr dec1:253a:2ce0::
    RX:  bytes packets errors dropped  missed   mcast           
             0       0      0       0       0       0 
    TX:  bytes packets errors dropped carrier collsns           
             0       0      0       0       0       0 
IF=lo
bash: line 13: ethtool: command not found
1: lo: <LOOPBACK,UP,LOWER_UP> mtu 65536 qdisc noqueue state UNKNOWN mode DEFAULT group default qlen 1000
    link/loopback 00:00:00:00:00:00 brd 00:00:00:00:00:00
    RX:  bytes packets errors dropped  missed   mcast           
         12960     160      0       0       0       0 
    TX:  bytes packets errors dropped carrier collsns           
         12960     160      0       0       0       0 
IF=tunl0
bash: line 13: ethtool: command not found
2: tunl0@NONE: <NOARP> mtu 1480 qdisc noop state DOWN mode DEFAULT group default qlen 1000
    link/ipip 0.0.0.0 brd 0.0.0.0
    RX:  bytes packets errors dropped  missed   mcast           
             0       0      0       0       0       0 
    TX:  bytes packets errors dropped carrier collsns           
             0       0      0       0       0       0 
IF=wlan0
bash: line 13: ethtool: command not found
4: wlan0: <NO-CARRIER,BROADCAST,MULTICAST,UP> mtu 1500 qdisc mq state DOWN mode DORMANT group default qlen 1000
    link/ether 14:6b:9c:7c:46:9a brd ff:ff:ff:ff:ff:ff
    RX:  bytes packets errors dropped  missed   mcast           
             0       0      0       0       0       0 
    TX:  bytes packets errors dropped carrier collsns           
             0       0      0       0       0       0 
","0.16 0.20 0.18 1/151 21318
    PID COMMAND         %CPU %MEM     ELAPSED COMMAND
  21319 ps               200  0.1       00:00 ps -eo pid,comm,pcpu,pmem,etime,args --sort=-pcpu
  21236 systemd         54.9  0.5       00:02 /lib/systemd/systemd --user
  21264 systemd-hostnam 30.0  0.2       00:00 /lib/systemd/systemd-hostnamed
  21257 bash             6.8  0.1       00:01 bash -s
  21233 sshd             3.0  0.4       00:03 sshd: caninos [priv]
  21256 sshd             1.8  0.3       00:01 sshd: caninos@notty
    205 kworker/0:3-eve  0.4  0.0    02:56:21 [kworker/0:3-events]
     61 kworker/0:2-eve  0.3  0.0    02:56:24 [kworker/0:2-events]
     16 kworker/0:1-eve  0.2  0.0    02:56:25 [kworker/0:1-events]
    440 RTW_CMD_THREAD   0.1  0.0    02:56:12 [RTW_CMD_THREAD]
    503 llama-server     0.1 68.7    02:55:33 /home/caninos/llama-offline/llama.cpp/build/bin/llama-server --model /home/caninos/llama-offline/models/qwen2.5-1.5b-instruct-q5_k_m.gguf --host 0.0.0.0 --port 8080 --threads 4 --ctx-size 1024 --device none
    510 verifica_rede_l  0.1  0.1    02:55:33 /bin/bash /usr/local/bin/verifica_rede_led.sh
    395 NetworkManager   0.0  1.0    02:56:15 /usr/sbin/NetworkManager --no-daemon
      1 systemd          0.0  0.6    02:56:25 /sbin/init
    338 dbus-daemon      0.0  0.2    02:56:17 /usr/bin/dbus-daemon --system --address=systemd: --nofork --nopidfile --systemd-activation --syslog-only
    445 wpa_supplicant   0.0  0.5    02:56:12 /sbin/wpa_supplicant -u -s -O DIR=/run/wpa_supplicant GROUP=netdev
    355 ksdioirqd/mmc1   0.0  0.0    02:56:16 [ksdioirqd/mmc1]
    233 systemd-journal  0.0  0.8    02:56:19 /lib/systemd/systemd-journald
  19051 kworker/2:1-eve  0.0  0.0       16:53 [kworker/2:1-events]
    394 ModemManager     0.0  0.6    02:56:15 /usr/sbin/ModemManager
     21 kworker/1:0-eve  0.0  0.0    02:56:25 [kworker/1:0-events]
     14 rcu_sched        0.0  0.0    02:56:25 [rcu_sched]
  20090 kworker/2:3-eve  0.0  0.0       08:26 [kworker/2:3-events_long]
   9288 kworker/3:1-eve  0.0  0.0    01:40:49 [kworker/3:1-events]
  UNIT                       LOAD   ACTIVE SUB     DESCRIPTION
  cron.service               loaded active running Regular background program processing daemon
  dbus.service               loaded active running D-Bus System Message Bus
  getty@tty1.service         loaded active running Getty on tty1
  led-udp.service            loaded active running LED UDP Control Service
  llama-server.service       loaded active running Servidor llama.cpp com Qwen2.5 1.5B
  ModemManager.service       loaded active running Modem Manager
  NetworkManager.service     loaded active running Network Manager
  polkit.service             loaded active running Authorization Manager
  rsyslog.service            loaded active running System Logging Service
  serial-getty@ttyS3.service loaded active running Serial Getty on ttyS3
  ssh.service                loaded active running OpenBSD Secure Shell server
  systemd-hostnamed.service  loaded active running Hostname Service
  systemd-journald.service   loaded active running Journal Service
  systemd-logind.service     loaded active running User Login Management
  systemd-timesyncd.service  loaded active running Network Time Synchronization
  systemd-udevd.service      loaded active running Rule-based Manager for Device Events and Files
  user@1000.service          loaded active running User Manager for UID 1000
  verifica-rede-led.service  loaded active running Verifica rede end0 e controla LEDs da Labrador
  wifi_bt_start.service      loaded active running LSB: Bluetooth Start
  wpa_supplicant.service     loaded active running WPA supplicant

LOAD   = Reflects whether the unit definition was properly loaded.
ACTIVE = The high-level unit activation state, i.e. generalization of SUB.
SUB    = The low-level unit activation state, values depend on unit type.
20 loaded units listed.
","/sys/class/thermal/thermal_zone0/type=cpu-temp
/sys/class/thermal/thermal_zone1/type=gpu-temp
/sys/class/thermal/thermal_zone2/type=corelogic-temp
/sys/class/thermal/thermal_zone0/temp=85536
/sys/class/thermal/thermal_zone1/temp=85074
/sys/class/thermal/thermal_zone2/temp=65927
/sys/class/hwmon/hwmon0/name=cpu_temp
/sys/class/hwmon/hwmon1/name=gpu_temp
/sys/class/hwmon/hwmon2/name=corelogic_temp
/sys/class/hwmon/hwmon0/temp1_input=85536
/sys/class/hwmon/hwmon1/temp1_input=85074
/sys/class/hwmon/hwmon2/temp1_input=65927
","CMD=gcc PATH=/usr/bin/gcc
gcc (Debian 12.2.0-14+deb12u1) 12.2.0
Copyright (C) 2022 Free Software Foundation, Inc.
CMD=g++ PATH=/usr/bin/g++
g++ (Debian 12.2.0-14+deb12u1) 12.2.0
Copyright (C) 2022 Free Software Foundation, Inc.
CMD=clang PATH=bash: line 14: clang: command not found
CMD=make PATH=/usr/bin/make
GNU Make 4.3
Built for aarch64-unknown-linux-gnu
CMD=cmake PATH=/usr/bin/cmake
cmake version 3.25.1

CMD=python3 PATH=/usr/bin/python3
Python 3.11.2
CMD=python PATH=bash: line 14: python: command not found
CMD=git PATH=/usr/bin/git
git version 2.39.5
CMD=pip3 PATH=bash: line 14: pip3: command not found
CMD=llama-cli PATH=bash: line 14: llama-cli: command not found
CMD=llama-server PATH=bash: line 14: llama-server: command not found
CMD=ollama PATH=bash: line 14: ollama: command not found
CMD=vllm PATH=bash: line 14: vllm: command not found
CMD=torchrun PATH=bash: line 14: torchrun: command not found
CMD=mpirun PATH=/usr/bin/mpirun
mpirun (Open MPI) 4.1.4

CMD=iperf3 PATH=/usr/bin/iperf3
iperf 3.12 (cJSON 1.7.15)
Linux lab3 6.1.76 #1 SMP Fri Feb 28 17:06:14 UTC 2025 aarch64
/home/caninos/llama-offline.tar.gz 1761663709
/home/caninos/llama-offline/llama.cpp/convert_llama_ggml_to_gguf.py 19112
",,"[Thu Oct  1 09:20:40 2026] CPU features: detected: CRC32 instructions
[Thu Oct  1 09:20:40 2026] thermal_sys: Registered thermal governor 'step_wise'
[Thu Oct  1 09:20:41 2026] caninos-tmu e01b00f0.thermal: probe finished
[Thu Oct  1 09:20:41 2026] caninos-mmc e0210000.mmc: probe finished
[Thu Oct  1 09:20:41 2026] caninos-mmc e0214000.mmc: probe finished
[Thu Oct  1 09:20:41 2026] mmc1: new high speed SDIO card at address 0001
[Thu Oct  1 09:20:41 2026] caninos-mmc e0218000.mmc: probe finished
[Thu Oct  1 09:20:41 2026] mmc2: new high speed MMC card at address 0001
[Thu Oct  1 09:20:41 2026] mmcblk2: mmc2:0001 QE63MB 14.6 GiB 
[Thu Oct  1 09:20:41 2026]  mmcblk2: p1
[Thu Oct  1 09:20:43 2026] EXT4-fs (mmcblk2p1): recovery complete
[Thu Oct  1 09:20:43 2026] EXT4-fs (mmcblk2p1): mounted filesystem with ordered data mode. Quota mode: none.
[Thu Oct  1 09:20:43 2026] VFS: Mounted root (ext4 filesystem) on device 179:1.
[Thu Oct  1 09:20:51 2026] rtl8723bs mmc1:0001:1: firmware: direct-loading firmware rtlwifi/rtl8723bs_nic.bin
[Thu Oct  1 09:20:53 2026] caninos-dwmac e0220000.ethernet end0: Link is Up - 100Mbps/Full - flow control off
[Thu Oct  1 09:20:53 2026] caninos-dwmac e0220000.ethernet end0: Link is Down
[Thu Oct  1 09:20:56 2026] caninos-dwmac e0220000.ethernet end0: Link is Up - 100Mbps/Full - flow control off
",,,data/runs/20261001T151649Z/hosts/192.168.50.169/raw.txt,
node10,192.168.50.129,True,0,lab1,11b02da9cc614528b947d24bad602e6d,"Caninos Labrador 7 (Base 2.1) 
caninos,k7

cat: /proc/device-tree/serial-number: No such file or directory

",Caninos Labrador 7 (Base 2.1),aarch64,4,"Linux lab1 6.1.76 #1 SMP Fri Feb 28 17:06:14 UTC 2025 aarch64 GNU/Linux
Architecture:                       aarch64
CPU op-mode(s):                     32-bit, 64-bit
Byte Order:                         Little Endian
CPU(s):                             4
On-line CPU(s) list:                0-3
Vendor ID:                          ARM
Model name:                         Cortex-A53
Model:                              4
Thread(s) per core:                 1
Core(s) per cluster:                4
Socket(s):                          -
Cluster(s):                         1
Stepping:                           r0p4
BogoMIPS:                           48.00
Flags:                              fp asimd evtstrm crc32 cpuid
Vulnerability Gather data sampling: Not affected
Vulnerability Itlb multihit:        Not affected
Vulnerability L1tf:                 Not affected
Vulnerability Mds:                  Not affected
Vulnerability Meltdown:             Not affected
Vulnerability Mmio stale data:      Not affected
Vulnerability Retbleed:             Not affected
Vulnerability Spec rstack overflow: Not affected
Vulnerability Spec store bypass:    Not affected
Vulnerability Spectre v1:           Mitigation; __user pointer sanitization
Vulnerability Spectre v2:           Not affected
Vulnerability Srbds:                Not affected
Vulnerability Tsx async abort:      Not affected
processor	: 0
BogoMIPS	: 48.00
Features	: fp asimd evtstrm crc32 cpuid
processor	: 1
BogoMIPS	: 48.00
Features	: fp asimd evtstrm crc32 cpuid
processor	: 2
BogoMIPS	: 48.00
Features	: fp asimd evtstrm crc32 cpuid
processor	: 3
BogoMIPS	: 48.00
Features	: fp asimd evtstrm crc32 cpuid
","PRETTY_NAME=""Debian GNU/Linux 12 (bookworm)""
NAME=""Debian GNU/Linux""
VERSION_ID=""12""
VERSION=""12 (bookworm)""
VERSION_CODENAME=bookworm
ID=debian
HOME_URL=""https://www.debian.org/""
SUPPORT_URL=""https://www.debian.org/support""
BUG_REPORT_URL=""https://bugs.debian.org/""
6.1.76
2026-09-26 12:10:14
 12:17:06 up 5 days, 6 min,  0 user,  load average: 0.29, 0.22, 0.19
2026-10-01T15:17:06Z
","               total        used        free      shared  buff/cache   available
Mem:      2034073600   344551424    58576896     3006464  1716142080  1689522176
Swap:              0           0           0
bash: line 9: swapon: command not found
MemTotal:        1986400 kB
MemFree:           59484 kB
MemAvailable:    1651200 kB
Buffers:           65476 kB
Cached:          1572824 kB
SwapCached:            0 kB
Active:           738312 kB
Inactive:        1045088 kB
Active(anon):       2752 kB
Inactive(anon):   145296 kB
Active(file):     735560 kB
Inactive(file):   899792 kB
Unevictable:           0 kB
Mlocked:               0 kB
SwapTotal:             0 kB
SwapFree:              0 kB
Zswap:                 0 kB
Zswapped:              0 kB
Dirty:               548 kB
Writeback:             0 kB
AnonPages:        142820 kB
Mapped:          1338744 kB
Shmem:              2936 kB
KReclaimable:      36628 kB
Slab:              80960 kB
SReclaimable:      36628 kB
SUnreclaim:        44332 kB
KernelStack:        2464 kB
PageTables:         4480 kB
SecPageTables:         0 kB
","ALIGNMENT DISC-ALN DAX DISC-GRAN DISC-MAX DISC-ZERO FSAVAIL FSROOTS FSSIZE FSTYPE FSUSED FSUSE% FSVER GROUP HCTL HOTPLUG KNAME     LABEL LOG-SEC MAJ:MIN MIN-IO MODE       MODEL NAME        OPT-IO OWNER PARTFLAGS PARTLABEL PARTTYPE PARTTYPENAME PARTUUID                             PATH           PHY-SEC PKNAME  PTTYPE PTUUID                                RA RAND  REV RM RO ROTA RQ-SIZE SCHED       SERIAL      SIZE START STATE SUBSYSTEMS                  MOUNTPOINT MOUNTPOINTS TRAN TYPE UUID                                 VENDOR WSAME WWN ZONED ZONE-SZ ZONE-WGRAN ZONE-APP ZONE-NR ZONE-OMAX ZONE-AMAX
        0        0   0        0B       0B         0                                                   disk             0 nbd0                512  43:0      512 brw-rw----       nbd0             0 root                                                                                 /dev/nbd0          512                                                     128    0       0  0    0     256 mq-deadline               0B             block                                                   disk                                                0B     none       0B         0B       0B       0         0         0
        0        0   0        0B       0B         0                                                   disk             0 nbd1                512  43:32     512 brw-rw----       nbd1             0 root                                                                                 /dev/nbd1          512                                                     128    0       0  0    0     256 mq-deadline               0B             block                                                   disk                                                0B     none       0B         0B       0B       0         0         0
        0        0   0        0B       0B         0                                                   disk             0 nbd2                512  43:64     512 brw-rw----       nbd2             0 root                                                                                 /dev/nbd2          512                                                     128    0       0  0    0     256 mq-deadline               0B             block                                                   disk                                                0B     none       0B         0B       0B       0         0         0
        0        0   0        0B       0B         0                                                   disk             0 nbd3                512  43:96     512 brw-rw----       nbd3             0 root                                                                                 /dev/nbd3          512                                                     128    0       0  0    0     256 mq-deadline               0B             block                                                   disk                                                0B     none       0B         0B       0B       0         0         0
        0        0   0        0B       0B         0                                                   disk             0 nbd4                512  43:128    512 brw-rw----       nbd4             0 root                                                                                 /dev/nbd4          512                                                     128    0       0  0    0     256 mq-deadline               0B             block                                                   disk                                                0B     none       0B         0B       0B       0         0         0
        0        0   0        0B       0B         0                                                   disk             0 nbd5                512  43:160    512 brw-rw----       nbd5             0 root                                                                                 /dev/nbd5          512                                                     128    0       0  0    0     256 mq-deadline               0B             block                                                   disk                                                0B     none       0B         0B       0B       0         0         0
        0        0   0        0B       0B         0                                                   disk             0 nbd6                512  43:192    512 brw-rw----       nbd6             0 root                                                                                 /dev/nbd6          512                                                     128    0       0  0    0     256 mq-deadline               0B             block                                                   disk                                                0B     none       0B         0B       0B       0         0         0
        0        0   0        0B       0B         0                                                   disk             0 nbd7                512  43:224    512 brw-rw----       nbd7             0 root                                                                                 /dev/nbd7          512                                                     128    0       0  0    0     256 mq-deadline               0B             block                                                   disk                                                0B     none       0B         0B       0B       0         0         0
        0        0   0        4M    49.5M         0                                                   disk             1 mmcblk2             512 179:0      512 brw-rw----       mmcblk2          0 root                                                                                 /dev/mmcblk2       512         dos    0770ac17                             128    0  0x8  0  0    0     128 mq-deadline 0xcb1f0056 14.6G             block:mmc:mmc_host:platform                             disk                                                0B     none       0B         0B       0B       0         0         0
        0  3145728   0        4M    49.5M         0    8.8G /        14.2G ext4     4.7G    33% 1.0   disk             1 mmcblk2p1           512 179:1      512 brw-rw----       └─mmcblk2p1      0 root  0x80                0x83     Linux        0770ac17-01                          /dev/mmcblk2p1     512 mmcblk2 dos    0770ac17                             128    0       0  0    0     128 mq-deadline            14.6G  2048       block:mmc:mmc_host:platform /          /                part 50076a98-824f-49c0-b7c7-a48943f1af87           0B     none       0B         0B       0B       0         0         0
        0        0   0        0B       0B         0                                                   disk             0 nullb0              512 253:0      512 brw-rw----       nullb0           0 root                                                                                 /dev/nullb0        512                                                     128    0       0  0    0      64 none                    250G             block                                                   disk                                                0B     none       0B         0B       0B       0         0         0
        0        0   0        0B       0B         0                                                   disk             0 nbd8                512  43:256    512 brw-rw----       nbd8             0 root                                                                                 /dev/nbd8          512                                                     128    0       0  0    0     256 mq-deadline               0B             block                                                   disk                                                0B     none       0B         0B       0B       0         0         0
        0        0   0        0B       0B         0                                                   disk             0 nbd9                512  43:288    512 brw-rw----       nbd9             0 root                                                                                 /dev/nbd9          512                                                     128    0       0  0    0     256 mq-deadline               0B             block                                                   disk                                                0B     none       0B         0B       0B       0         0         0
        0        0   0        0B       0B         0                                                   disk             0 nbd10               512  43:320    512 brw-rw----       nbd10            0 root                                                                                 /dev/nbd10         512                                                     128    0       0  0    0     256 mq-deadline               0B             block                                                   disk                                                0B     none       0B         0B       0B       0         0         0
        0        0   0        0B       0B         0                                                   disk             0 nbd11               512  43:352    512 brw-rw----       nbd11            0 root                                                                                 /dev/nbd11         512                                                     128    0       0  0    0     256 mq-deadline               0B             block                                                   disk                                                0B     none       0B         0B       0B       0         0         0
        0        0   0        0B       0B         0                                                   disk             0 nbd12               512  43:384    512 brw-rw----       nbd12            0 root                                                                                 /dev/nbd12         512                                                     128    0       0  0    0     256 mq-deadline               0B             block                                                   disk                                                0B     none       0B         0B       0B       0         0         0
        0        0   0        0B       0B         0                                                   disk             0 nbd13               512  43:416    512 brw-rw----       nbd13            0 root                                                                                 /dev/nbd13         512                                                     128    0       0  0    0     256 mq-deadline               0B             block                                                   disk                                                0B     none       0B         0B       0B       0         0         0
        0        0   0        0B       0B         0                                                   disk             0 nbd14               512  43:448    512 brw-rw----       nbd14            0 root                                                                                 /dev/nbd14         512                                                     128    0       0  0    0     256 mq-deadline               0B             block                                                   disk                                                0B     none       0B         0B       0B       0         0         0
        0        0   0        0B       0B         0                                                   disk             0 nbd15               512  43:480    512 brw-rw----       nbd15            0 root                                                                                 /dev/nbd15         512                                                     128    0       0  0    0     256 mq-deadline               0B             block                                                   disk                                                0B     none       0B         0B       0B       0         0         0
Filesystem     Type      Size  Used Avail Use% Mounted on
/dev/root      ext4       15G  4.7G  8.9G  35% /
devtmpfs       devtmpfs  712M     0  712M   0% /dev
tmpfs          tmpfs     970M     0  970M   0% /dev/shm
tmpfs          tmpfs     388M  2.9M  386M   1% /run
tmpfs          tmpfs     5.0M     0  5.0M   0% /run/lock
tmpfs          tmpfs     194M     0  194M   0% /run/user/1000
","[{""ifindex"":1,""ifname"":""lo"",""flags"":[""LOOPBACK"",""UP"",""LOWER_UP""],""mtu"":65536,""qdisc"":""noqueue"",""operstate"":""UNKNOWN"",""group"":""default"",""txqlen"":1000,""link_type"":""loopback"",""address"":""00:00:00:00:00:00"",""broadcast"":""00:00:00:00:00:00"",""addr_info"":[{""family"":""inet"",""local"":""127.0.0.1"",""prefixlen"":8,""scope"":""host"",""label"":""lo"",""valid_life_time"":4294967295,""preferred_life_time"":4294967295},{""family"":""inet6"",""local"":""::1"",""prefixlen"":128,""scope"":""host"",""noprefixroute"":true,""valid_life_time"":4294967295,""preferred_life_time"":4294967295}]},{""ifindex"":2,""link"":null,""ifname"":""tunl0"",""flags"":[""NOARP""],""mtu"":1480,""qdisc"":""noop"",""operstate"":""DOWN"",""group"":""default"",""txqlen"":1000,""link_type"":""ipip"",""address"":""0.0.0.0"",""broadcast"":""0.0.0.0"",""addr_info"":[]},{""ifindex"":3,""link"":null,""ifname"":""ip6tnl0"",""flags"":[""NOARP""],""mtu"":1452,""qdisc"":""noop"",""operstate"":""DOWN"",""group"":""default"",""txqlen"":1000,""link_type"":""tunnel6"",""address"":""::"",""broadcast"":""::"",""permaddr"":""269:b324:c197::"",""addr_info"":[]},{""ifindex"":4,""ifname"":""wlan0"",""flags"":[""NO-CARRIER"",""BROADCAST"",""MULTICAST"",""UP""],""mtu"":1500,""qdisc"":""mq"",""operstate"":""DOWN"",""group"":""default"",""txqlen"":1000,""link_type"":""ether"",""address"":""14:6b:9c:7c:7f:4c"",""broadcast"":""ff:ff:ff:ff:ff:ff"",""addr_info"":[]},{""ifindex"":5,""ifname"":""end0"",""flags"":[""BROADCAST"",""MULTICAST"",""UP"",""LOWER_UP""],""mtu"":1500,""qdisc"":""mq"",""operstate"":""UP"",""group"":""default"",""txqlen"":1000,""link_type"":""ether"",""address"":""a2:32:dd:a5:08:52"",""broadcast"":""ff:ff:ff:ff:ff:ff"",""addr_info"":[{""family"":""inet"",""local"":""192.168.50.129"",""prefixlen"":24,""broadcast"":""192.168.50.255"",""scope"":""global"",""dynamic"":true,""noprefixroute"":true,""label"":""end0"",""valid_life_time"":6555,""preferred_life_time"":6555}]}]
[{""ifindex"":1,""ifname"":""lo"",""flags"":[""LOOPBACK"",""UP"",""LOWER_UP""],""mtu"":65536,""qdisc"":""noqueue"",""operstate"":""UNKNOWN"",""linkmode"":""DEFAULT"",""group"":""default"",""txqlen"":1000,""link_type"":""loopback"",""address"":""00:00:00:00:00:00"",""broadcast"":""00:00:00:00:00:00""},{""ifindex"":2,""link"":null,""ifname"":""tunl0"",""flags"":[""NOARP""],""mtu"":1480,""qdisc"":""noop"",""operstate"":""DOWN"",""linkmode"":""DEFAULT"",""group"":""default"",""txqlen"":1000,""link_type"":""ipip"",""address"":""0.0.0.0"",""broadcast"":""0.0.0.0""},{""ifindex"":3,""link"":null,""ifname"":""ip6tnl0"",""flags"":[""NOARP""],""mtu"":1452,""qdisc"":""noop"",""operstate"":""DOWN"",""linkmode"":""DEFAULT"",""group"":""default"",""txqlen"":1000,""link_type"":""tunnel6"",""address"":""::"",""broadcast"":""::"",""permaddr"":""269:b324:c197::""},{""ifindex"":4,""ifname"":""wlan0"",""flags"":[""NO-CARRIER"",""BROADCAST"",""MULTICAST"",""UP""],""mtu"":1500,""qdisc"":""mq"",""operstate"":""DOWN"",""linkmode"":""DORMANT"",""group"":""default"",""txqlen"":1000,""link_type"":""ether"",""address"":""14:6b:9c:7c:7f:4c"",""broadcast"":""ff:ff:ff:ff:ff:ff""},{""ifindex"":5,""ifname"":""end0"",""flags"":[""BROADCAST"",""MULTICAST"",""UP"",""LOWER_UP""],""mtu"":1500,""qdisc"":""mq"",""operstate"":""UP"",""linkmode"":""DEFAULT"",""group"":""default"",""txqlen"":1000,""link_type"":""ether"",""address"":""a2:32:dd:a5:08:52"",""broadcast"":""ff:ff:ff:ff:ff:ff""}]
[{""dst"":""default"",""gateway"":""192.168.50.1"",""dev"":""end0"",""protocol"":""dhcp"",""prefsrc"":""192.168.50.129"",""metric"":100,""flags"":[]},{""dst"":""192.168.50.0/24"",""dev"":""end0"",""protocol"":""kernel"",""scope"":""link"",""prefsrc"":""192.168.50.129"",""metric"":100,""flags"":[]}]
/sys/class/net/end0/address=a2:32:dd:a5:08:52
/sys/class/net/ip6tnl0/address=00:00:00:00:00:00:00:00:00:00:00:00:00:00:00:00
/sys/class/net/lo/address=00:00:00:00:00:00
/sys/class/net/tunl0/address=00:00:00:00
/sys/class/net/wlan0/address=14:6b:9c:7c:7f:4c
","IF=end0
bash: line 13: ethtool: command not found
5: end0: <BROADCAST,MULTICAST,UP,LOWER_UP> mtu 1500 qdisc mq state UP mode DEFAULT group default qlen 1000
    link/ether a2:32:dd:a5:08:52 brd ff:ff:ff:ff:ff:ff
    RX:  bytes packets errors dropped  missed   mcast           
      14370145   77950      0       0       0       0 
    TX:  bytes packets errors dropped carrier collsns           
      11928630   49076      0       0       0       0 
IF=ip6tnl0
bash: line 13: ethtool: command not found
3: ip6tnl0@NONE: <NOARP> mtu 1452 qdisc noop state DOWN mode DEFAULT group default qlen 1000
    link/tunnel6 :: brd :: permaddr 269:b324:c197::
    RX:  bytes packets errors dropped  missed   mcast           
             0       0      0       0       0       0 
    TX:  bytes packets errors dropped carrier collsns           
             0       0      0       0       0       0 
IF=lo
bash: line 13: ethtool: command not found
1: lo: <LOOPBACK,UP,LOWER_UP> mtu 65536 qdisc noqueue state UNKNOWN mode DEFAULT group default qlen 1000
    link/loopback 00:00:00:00:00:00 brd 00:00:00:00:00:00
    RX:  bytes packets errors dropped  missed   mcast           
      71191668  878414      0       0       0       0 
    TX:  bytes packets errors dropped carrier collsns           
      71191668  878414      0       0       0       0 
IF=tunl0
bash: line 13: ethtool: command not found
2: tunl0@NONE: <NOARP> mtu 1480 qdisc noop state DOWN mode DEFAULT group default qlen 1000
    link/ipip 0.0.0.0 brd 0.0.0.0
    RX:  bytes packets errors dropped  missed   mcast           
             0       0      0       0       0       0 
    TX:  bytes packets errors dropped carrier collsns           
             0       0      0       0       0       0 
IF=wlan0
bash: line 13: ethtool: command not found
4: wlan0: <NO-CARRIER,BROADCAST,MULTICAST,UP> mtu 1500 qdisc mq state DOWN mode DORMANT group default qlen 1000
    link/ether 14:6b:9c:7c:7f:4c brd ff:ff:ff:ff:ff:ff
    RX:  bytes packets errors dropped  missed   mcast           
             0       0      0       0       0       0 
    TX:  bytes packets errors dropped carrier collsns           
             0       0      0       0       0       0 
","0.29 0.22 0.19 1/151 729231
    PID COMMAND         %CPU %MEM     ELAPSED COMMAND
 729232 ps              66.6  0.1       00:00 ps -eo pid,comm,pcpu,pmem,etime,args --sort=-pcpu
 729146 systemd         52.2  0.5       00:03 /lib/systemd/systemd --user
 729187 systemd-hostnam 27.0  0.2       00:00 /lib/systemd/systemd-hostnamed
 729180 bash             6.3  0.1       00:01 bash -s
 729143 sshd             3.1  0.4       00:03 sshd: caninos [priv]
 729179 sshd             2.6  0.3       00:01 sshd: caninos@notty
    434 NetworkManager   0.4  1.1  5-00:06:43 /usr/sbin/NetworkManager --no-daemon
 728886 kworker/1:0-eve  0.4  0.0       02:13 [kworker/1:0-events]
 723751 kworker/1:2-eve  0.4  0.0       44:22 [kworker/1:2-events]
 727893 kworker/1:4-eve  0.2  0.0       09:19 [kworker/1:4-events_power_efficient]
    497 RTW_CMD_THREAD   0.1  0.0  5-00:06:39 [RTW_CMD_THREAD]
 725953 kworker/1:3-eve  0.1  0.0       25:40 [kworker/1:3-events]
    545 verifica_rede_l  0.1  0.1  5-00:06:35 /bin/bash /usr/local/bin/verifica_rede_led.sh
    243 systemd-journal  0.0  3.6  5-00:06:47 /lib/systemd/systemd-journald
    502 wpa_supplicant   0.0  0.5  5-00:06:39 /sbin/wpa_supplicant -u -s -O DIR=/run/wpa_supplicant GROUP=netdev
    415 dbus-daemon      0.0  0.2  5-00:06:43 /usr/bin/dbus-daemon --system --address=systemd: --nofork --nopidfile --systemd-activation --syslog-only
    278 systemd-timesyn  0.0  0.3  5-00:06:46 /lib/systemd/systemd-timesyncd
    418 rsyslogd         0.0  0.2  5-00:06:43 /usr/sbin/rsyslogd -n -iNONE
    358 ksdioirqd/mmc1   0.0  0.0  5-00:06:44 [ksdioirqd/mmc1]
 725279 kworker/2:1-eve  0.0  0.0       31:19 [kworker/2:1-events]
      1 systemd          0.0  0.6  5-00:06:52 /sbin/init
    544 llama-server     0.0 68.7  5-00:06:35 /home/caninos/llama-offline/llama.cpp/build/bin/llama-server --model /home/caninos/llama-offline/models/qwen2.5-1.5b-instruct-q5_k_m.gguf --host 0.0.0.0 --port 8080 --threads 4 --ctx-size 1024 --device none
     14 rcu_sched        0.0  0.0  5-00:06:52 [rcu_sched]
 727689 kworker/u8:0-fl  0.0  0.0       10:41 [kworker/u8:0-flush-179:0]
  UNIT                       LOAD   ACTIVE SUB     DESCRIPTION
  cron.service               loaded active running Regular background program processing daemon
  dbus.service               loaded active running D-Bus System Message Bus
  getty@tty1.service         loaded active running Getty on tty1
  led-udp.service            loaded active running LED UDP Control Service
  llama-server.service       loaded active running Servidor llama.cpp com Qwen2.5 1.5B
  ModemManager.service       loaded active running Modem Manager
  NetworkManager.service     loaded active running Network Manager
  polkit.service             loaded active running Authorization Manager
  rsyslog.service            loaded active running System Logging Service
  serial-getty@ttyS3.service loaded active running Serial Getty on ttyS3
  ssh.service                loaded active running OpenBSD Secure Shell server
  systemd-hostnamed.service  loaded active running Hostname Service
  systemd-journald.service   loaded active running Journal Service
  systemd-logind.service     loaded active running User Login Management
  systemd-timesyncd.service  loaded active running Network Time Synchronization
  systemd-udevd.service      loaded active running Rule-based Manager for Device Events and Files
  user@1000.service          loaded active running User Manager for UID 1000
  verifica-rede-led.service  loaded active running Verifica rede end0 e controla LEDs da Labrador
  wifi_bt_start.service      loaded active running LSB: Bluetooth Start
  wpa_supplicant.service     loaded active running WPA supplicant

LOAD   = Reflects whether the unit definition was properly loaded.
ACTIVE = The high-level unit activation state, i.e. generalization of SUB.
SUB    = The low-level unit activation state, values depend on unit type.
20 loaded units listed.
","/sys/class/thermal/thermal_zone0/type=cpu-temp
/sys/class/thermal/thermal_zone1/type=gpu-temp
/sys/class/thermal/thermal_zone2/type=corelogic-temp
/sys/class/thermal/thermal_zone0/temp=66333
/sys/class/thermal/thermal_zone1/temp=81284
/sys/class/thermal/thermal_zone2/temp=106754
/sys/class/hwmon/hwmon0/name=cpu_temp
/sys/class/hwmon/hwmon1/name=gpu_temp
/sys/class/hwmon/hwmon2/name=corelogic_temp
/sys/class/hwmon/hwmon0/temp1_input=66333
/sys/class/hwmon/hwmon1/temp1_input=81284
/sys/class/hwmon/hwmon2/temp1_input=106754
","CMD=gcc PATH=/usr/bin/gcc
gcc (Debian 12.2.0-14+deb12u1) 12.2.0
Copyright (C) 2022 Free Software Foundation, Inc.
CMD=g++ PATH=/usr/bin/g++
g++ (Debian 12.2.0-14+deb12u1) 12.2.0
Copyright (C) 2022 Free Software Foundation, Inc.
CMD=clang PATH=bash: line 14: clang: command not found
CMD=make PATH=/usr/bin/make
GNU Make 4.3
Built for aarch64-unknown-linux-gnu
CMD=cmake PATH=bash: line 14: cmake: command not found
CMD=python3 PATH=/usr/bin/python3
Python 3.11.2
CMD=python PATH=bash: line 14: python: command not found
CMD=git PATH=bash: line 14: git: command not found
CMD=pip3 PATH=bash: line 14: pip3: command not found
CMD=llama-cli PATH=bash: line 14: llama-cli: command not found
CMD=llama-server PATH=bash: line 14: llama-server: command not found
CMD=ollama PATH=bash: line 14: ollama: command not found
CMD=vllm PATH=bash: line 14: vllm: command not found
CMD=torchrun PATH=bash: line 14: torchrun: command not found
CMD=mpirun PATH=/usr/bin/mpirun
mpirun (Open MPI) 4.1.4

CMD=iperf3 PATH=/usr/bin/iperf3
iperf 3.12 (cJSON 1.7.15)
Linux lab1 6.1.76 #1 SMP Fri Feb 28 17:06:14 UTC 2025 aarch64
/home/caninos/llama-offline/llama.cpp/convert_llama_ggml_to_gguf.py 19112
",,"[Thu Oct  1 09:04:33 2026] caninos-dwmac e0220000.ethernet end0: Link is Up - 100Mbps/Full - flow control off
[Thu Oct  1 09:04:33 2026] caninos-dwmac e0220000.ethernet end0: Link is Down
[Thu Oct  1 09:04:36 2026] caninos-dwmac e0220000.ethernet end0: Link is Up - 100Mbps/Full - flow control off
[Thu Oct  1 09:05:19 2026] caninos-dwmac e0220000.ethernet end0: Link is Down
[Thu Oct  1 09:05:22 2026] caninos-dwmac e0220000.ethernet end0: Link is Up - 100Mbps/Full - flow control off
[Thu Oct  1 09:05:22 2026] caninos-dwmac e0220000.ethernet end0: Link is Down
[Thu Oct  1 09:05:24 2026] caninos-dwmac e0220000.ethernet end0: Link is Up - 100Mbps/Full - flow control off
[Thu Oct  1 09:06:08 2026] caninos-dwmac e0220000.ethernet end0: Link is Down
[Thu Oct  1 09:06:10 2026] caninos-dwmac e0220000.ethernet end0: Link is Up - 100Mbps/Full - flow control off
[Thu Oct  1 09:06:10 2026] caninos-dwmac e0220000.ethernet end0: Link is Down
[Thu Oct  1 09:06:13 2026] caninos-dwmac e0220000.ethernet end0: Link is Up - 100Mbps/Full - flow control off
[Thu Oct  1 09:06:56 2026] caninos-dwmac e0220000.ethernet end0: Link is Down
[Thu Oct  1 09:06:58 2026] caninos-dwmac e0220000.ethernet end0: Link is Up - 100Mbps/Full - flow control off
[Thu Oct  1 09:06:58 2026] caninos-dwmac e0220000.ethernet end0: Link is Down
[Thu Oct  1 09:07:01 2026] caninos-dwmac e0220000.ethernet end0: Link is Up - 100Mbps/Full - flow control off
[Thu Oct  1 09:07:44 2026] caninos-dwmac e0220000.ethernet end0: Link is Down
[Thu Oct  1 09:07:47 2026] caninos-dwmac e0220000.ethernet end0: Link is Up - 100Mbps/Full - flow control off
[Thu Oct  1 09:07:47 2026] caninos-dwmac e0220000.ethernet end0: Link is Down
[Thu Oct  1 09:07:50 2026] caninos-dwmac e0220000.ethernet end0: Link is Up - 100Mbps/Full - flow control off
[Thu Oct  1 09:08:33 2026] caninos-dwmac e0220000.ethernet end0: Link is Down
[Thu Oct  1 09:08:36 2026] caninos-dwmac e0220000.ethernet end0: Link is Up - 100Mbps/Full - flow control off
[Thu Oct  1 09:08:36 2026] caninos-dwmac e0220000.ethernet end0: Link is Down
[Thu Oct  1 09:08:39 2026] caninos-dwmac e0220000.ethernet end0: Link is Up - 100Mbps/Full - flow control off
[Thu Oct  1 09:09:03 2026] caninos-dwmac e0220000.ethernet end0: Link is Down
[Thu Oct  1 09:09:18 2026] caninos-dwmac e0220000.ethernet end0: Link is Up - 100Mbps/Full - flow control off
[Thu Oct  1 09:09:19 2026] caninos-dwmac e0220000.ethernet end0: Link is Down
[Thu Oct  1 09:09:22 2026] caninos-dwmac e0220000.ethernet end0: Link is Up - 100Mbps/Full - flow control off
[Thu Oct  1 09:10:04 2026] caninos-dwmac e0220000.ethernet end0: Link is Down
[Thu Oct  1 09:10:07 2026] caninos-dwmac e0220000.ethernet end0: Link is Up - 100Mbps/Full - flow control off
[Thu Oct  1 09:10:07 2026] caninos-dwmac e0220000.ethernet end0: Link is Down
[Thu Oct  1 09:10:10 2026] caninos-dwmac e0220000.ethernet end0: Link is Up - 100Mbps/Full - flow control off
[Thu Oct  1 09:10:53 2026] caninos-dwmac e0220000.ethernet end0: Link is Down
[Thu Oct  1 09:10:56 2026] caninos-dwmac e0220000.ethernet end0: Link is Up - 100Mbps/Full - flow control off
[Thu Oct  1 09:10:56 2026] caninos-dwmac e0220000.ethernet end0: Link is Down
[Thu Oct  1 09:10:59 2026] caninos-dwmac e0220000.ethernet end0: Link is Up - 100Mbps/Full - flow control off
[Thu Oct  1 09:11:42 2026] caninos-dwmac e0220000.ethernet end0: Link is Down
[Thu Oct  1 09:11:45 2026] caninos-dwmac e0220000.ethernet end0: Link is Up - 100Mbps/Full - flow control off
[Thu Oct  1 09:11:45 2026] caninos-dwmac e0220000.ethernet end0: Link is Down
[Thu Oct  1 09:11:48 2026] caninos-dwmac e0220000.ethernet end0: Link is Up - 100Mbps/Full - flow control off
[Thu Oct  1 09:12:31 2026] caninos-dwmac e0220000.ethernet end0: Link is Down
[Thu Oct  1 09:12:34 2026] caninos-dwmac e0220000.ethernet end0: Link is Up - 100Mbps/Full - flow control off
[Thu Oct  1 09:12:34 2026] caninos-dwmac e0220000.ethernet end0: Link is Down
[Thu Oct  1 09:12:37 2026] caninos-dwmac e0220000.ethernet end0: Link is Up - 100Mbps/Full - flow control off
[Thu Oct  1 09:13:20 2026] caninos-dwmac e0220000.ethernet end0: Link is Down
[Thu Oct  1 09:13:23 2026] caninos-dwmac e0220000.ethernet end0: Link is Up - 100Mbps/Full - flow control off
[Thu Oct  1 09:13:23 2026] caninos-dwmac e0220000.ethernet end0: Link is Down
[Thu Oct  1 09:13:26 2026] caninos-dwmac e0220000.ethernet end0: Link is Up - 100Mbps/Full - flow control off
[Thu Oct  1 09:14:09 2026] caninos-dwmac e0220000.ethernet end0: Link is Down
[Thu Oct  1 09:14:12 2026] caninos-dwmac e0220000.ethernet end0: Link is Up - 100Mbps/Full - flow control off
[Thu Oct  1 09:14:12 2026] caninos-dwmac e0220000.ethernet end0: Link is Down
[Thu Oct  1 09:14:15 2026] caninos-dwmac e0220000.ethernet end0: Link is Up - 100Mbps/Full - flow control off
[Thu Oct  1 09:14:58 2026] caninos-dwmac e0220000.ethernet end0: Link is Down
[Thu Oct  1 09:15:01 2026] caninos-dwmac e0220000.ethernet end0: Link is Up - 100Mbps/Full - flow control off
[Thu Oct  1 09:15:01 2026] caninos-dwmac e0220000.ethernet end0: Link is Down
[Thu Oct  1 09:15:04 2026] caninos-dwmac e0220000.ethernet end0: Link is Up - 100Mbps/Full - flow control off
[Thu Oct  1 09:15:47 2026] caninos-dwmac e0220000.ethernet end0: Link is Down
[Thu Oct  1 09:15:50 2026] caninos-dwmac e0220000.ethernet end0: Link is Up - 100Mbps/Full - flow control off
[Thu Oct  1 09:15:50 2026] caninos-dwmac e0220000.ethernet end0: Link is Down
[Thu Oct  1 09:15:53 2026] caninos-dwmac e0220000.ethernet end0: Link is Up - 100Mbps/Full - flow control off
[Thu Oct  1 09:16:36 2026] caninos-dwmac e0220000.ethernet end0: Link is Down
[Thu Oct  1 09:16:39 2026] caninos-dwmac e0220000.ethernet end0: Link is Up - 100Mbps/Full - flow control off
[Thu Oct  1 09:16:39 2026] caninos-dwmac e0220000.ethernet end0: Link is Down
[Thu Oct  1 09:16:42 2026] caninos-dwmac e0220000.ethernet end0: Link is Up - 100Mbps/Full - flow control off
[Thu Oct  1 09:17:25 2026] caninos-dwmac e0220000.ethernet end0: Link is Down
[Thu Oct  1 09:17:28 2026] caninos-dwmac e0220000.ethernet end0: Link is Up - 100Mbps/Full - flow control off
[Thu Oct  1 09:17:28 2026] caninos-dwmac e0220000.ethernet end0: Link is Down
[Thu Oct  1 09:17:31 2026] caninos-dwmac e0220000.ethernet end0: Link is Up - 100Mbps/Full - flow control off
[Thu Oct  1 09:18:14 2026] caninos-dwmac e0220000.ethernet end0: Link is Down
[Thu Oct  1 09:18:17 2026] caninos-dwmac e0220000.ethernet end0: Link is Up - 100Mbps/Full - flow control off
[Thu Oct  1 09:18:17 2026] caninos-dwmac e0220000.ethernet end0: Link is Down
[Thu Oct  1 09:18:20 2026] caninos-dwmac e0220000.ethernet end0: Link is Up - 100Mbps/Full - flow control off
[Thu Oct  1 09:19:03 2026] caninos-dwmac e0220000.ethernet end0: Link is Down
[Thu Oct  1 09:19:05 2026] caninos-dwmac e0220000.ethernet end0: Link is Up - 100Mbps/Full - flow control off
[Thu Oct  1 09:19:05 2026] caninos-dwmac e0220000.ethernet end0: Link is Down
[Thu Oct  1 09:19:08 2026] caninos-dwmac e0220000.ethernet end0: Link is Up - 100Mbps/Full - flow control off
",,,data/runs/20261001T151649Z/hosts/192.168.50.129/raw.txt,
node11,192.168.50.143,True,0,lab6,11b02da9cc614528b947d24bad602e6d,"Caninos Labrador 7 (Base 2.1) 
caninos,k7

cat: /proc/device-tree/serial-number: No such file or directory

",Caninos Labrador 7 (Base 2.1),aarch64,4,"Linux lab6 6.1.76 #1 SMP Fri Feb 28 17:06:14 UTC 2025 aarch64 GNU/Linux
Architecture:                       aarch64
CPU op-mode(s):                     32-bit, 64-bit
Byte Order:                         Little Endian
CPU(s):                             4
On-line CPU(s) list:                0-3
Vendor ID:                          ARM
Model name:                         Cortex-A53
Model:                              4
Thread(s) per core:                 1
Core(s) per cluster:                4
Socket(s):                          -
Cluster(s):                         1
Stepping:                           r0p4
BogoMIPS:                           48.00
Flags:                              fp asimd evtstrm crc32 cpuid
Vulnerability Gather data sampling: Not affected
Vulnerability Itlb multihit:        Not affected
Vulnerability L1tf:                 Not affected
Vulnerability Mds:                  Not affected
Vulnerability Meltdown:             Not affected
Vulnerability Mmio stale data:      Not affected
Vulnerability Retbleed:             Not affected
Vulnerability Spec rstack overflow: Not affected
Vulnerability Spec store bypass:    Not affected
Vulnerability Spectre v1:           Mitigation; __user pointer sanitization
Vulnerability Spectre v2:           Not affected
Vulnerability Srbds:                Not affected
Vulnerability Tsx async abort:      Not affected
processor	: 0
BogoMIPS	: 48.00
Features	: fp asimd evtstrm crc32 cpuid
processor	: 1
BogoMIPS	: 48.00
Features	: fp asimd evtstrm crc32 cpuid
processor	: 2
BogoMIPS	: 48.00
Features	: fp asimd evtstrm crc32 cpuid
processor	: 3
BogoMIPS	: 48.00
Features	: fp asimd evtstrm crc32 cpuid
","PRETTY_NAME=""Debian GNU/Linux 12 (bookworm)""
NAME=""Debian GNU/Linux""
VERSION_ID=""12""
VERSION=""12 (bookworm)""
VERSION_CODENAME=bookworm
ID=debian
HOME_URL=""https://www.debian.org/""
SUPPORT_URL=""https://www.debian.org/support""
BUG_REPORT_URL=""https://bugs.debian.org/""
6.1.76
2026-09-26 12:10:07
 12:17:04 up 5 days, 6 min,  1 user,  load average: 0.36, 0.43, 0.45
2026-10-01T15:17:04Z
","               total        used        free      shared  buff/cache   available
Mem:      2034073600   225587200  1489858560     2981888   401018880  1808486400
Swap:              0           0           0
bash: line 9: swapon: command not found
MemTotal:        1986400 kB
MemFree:         1454688 kB
MemAvailable:    1765848 kB
Buffers:           67880 kB
Cached:           292544 kB
SwapCached:            0 kB
Active:           161476 kB
Inactive:         241416 kB
Active(anon):       2764 kB
Inactive(anon):    42616 kB
Active(file):     158712 kB
Inactive(file):   198800 kB
Unevictable:           0 kB
Mlocked:               0 kB
SwapTotal:             0 kB
SwapFree:              0 kB
Zswap:                 0 kB
Zswapped:              0 kB
Dirty:               448 kB
Writeback:             0 kB
AnonPages:         42484 kB
Mapped:            72968 kB
Shmem:              2912 kB
KReclaimable:      31196 kB
Slab:              58876 kB
SReclaimable:      31196 kB
SUnreclaim:        27680 kB
KernelStack:        2096 kB
PageTables:         1664 kB
SecPageTables:         0 kB
","ALIGNMENT DISC-ALN DAX DISC-GRAN DISC-MAX DISC-ZERO FSAVAIL FSROOTS FSSIZE FSTYPE FSUSED FSUSE% FSVER GROUP HCTL HOTPLUG KNAME     LABEL LOG-SEC MAJ:MIN MIN-IO MODE       MODEL NAME        OPT-IO OWNER PARTFLAGS PARTLABEL PARTTYPE PARTTYPENAME PARTUUID                             PATH           PHY-SEC PKNAME  PTTYPE PTUUID                                RA RAND  REV RM RO ROTA RQ-SIZE SCHED       SERIAL      SIZE START STATE SUBSYSTEMS                  MOUNTPOINT MOUNTPOINTS TRAN TYPE UUID                                 VENDOR WSAME WWN ZONED ZONE-SZ ZONE-WGRAN ZONE-APP ZONE-NR ZONE-OMAX ZONE-AMAX
        0        0   0        0B       0B         0                                                   disk             0 nbd0                512  43:0      512 brw-rw----       nbd0             0 root                                                                                 /dev/nbd0          512                                                     128    0       0  0    0     256 mq-deadline               0B             block                                                   disk                                                0B     none       0B         0B       0B       0         0         0
        0        0   0        0B       0B         0                                                   disk             0 nbd1                512  43:32     512 brw-rw----       nbd1             0 root                                                                                 /dev/nbd1          512                                                     128    0       0  0    0     256 mq-deadline               0B             block                                                   disk                                                0B     none       0B         0B       0B       0         0         0
        0        0   0        0B       0B         0                                                   disk             0 nbd2                512  43:64     512 brw-rw----       nbd2             0 root                                                                                 /dev/nbd2          512                                                     128    0       0  0    0     256 mq-deadline               0B             block                                                   disk                                                0B     none       0B         0B       0B       0         0         0
        0        0   0        0B       0B         0                                                   disk             0 nbd3                512  43:96     512 brw-rw----       nbd3             0 root                                                                                 /dev/nbd3          512                                                     128    0       0  0    0     256 mq-deadline               0B             block                                                   disk                                                0B     none       0B         0B       0B       0         0         0
        0        0   0        0B       0B         0                                                   disk             0 nbd4                512  43:128    512 brw-rw----       nbd4             0 root                                                                                 /dev/nbd4          512                                                     128    0       0  0    0     256 mq-deadline               0B             block                                                   disk                                                0B     none       0B         0B       0B       0         0         0
        0        0   0        0B       0B         0                                                   disk             0 nbd5                512  43:160    512 brw-rw----       nbd5             0 root                                                                                 /dev/nbd5          512                                                     128    0       0  0    0     256 mq-deadline               0B             block                                                   disk                                                0B     none       0B         0B       0B       0         0         0
        0        0   0        0B       0B         0                                                   disk             0 nbd6                512  43:192    512 brw-rw----       nbd6             0 root                                                                                 /dev/nbd6          512                                                     128    0       0  0    0     256 mq-deadline               0B             block                                                   disk                                                0B     none       0B         0B       0B       0         0         0
        0        0   0        0B       0B         0                                                   disk             0 nbd7                512  43:224    512 brw-rw----       nbd7             0 root                                                                                 /dev/nbd7          512                                                     128    0       0  0    0     256 mq-deadline               0B             block                                                   disk                                                0B     none       0B         0B       0B       0         0         0
        0        0   0        4M    49.5M         0                                                   disk             1 mmcblk2             512 179:0      512 brw-rw----       mmcblk2          0 root                                                                                 /dev/mmcblk2       512         dos    a7fdbae6                             128    0  0x8  0  0    0     128 mq-deadline 0xcb1c00e4 14.6G             block:mmc:mmc_host:platform                             disk                                                0B     none       0B         0B       0B       0         0         0
        0  3145728   0        4M    49.5M         0    9.5G /        14.2G ext4       4G    28% 1.0   disk             1 mmcblk2p1           512 179:1      512 brw-rw----       └─mmcblk2p1      0 root  0x80                0x83     Linux        a7fdbae6-01                          /dev/mmcblk2p1     512 mmcblk2 dos    a7fdbae6                             128    0       0  0    0     128 mq-deadline            14.6G  2048       block:mmc:mmc_host:platform /          /                part 7185f996-e72d-4800-8437-88e8ca2ba3c5           0B     none       0B         0B       0B       0         0         0
        0        0   0        0B       0B         0                                                   disk             0 nullb0              512 253:0      512 brw-rw----       nullb0           0 root                                                                                 /dev/nullb0        512                                                     128    0       0  0    0      64 none                    250G             block                                                   disk                                                0B     none       0B         0B       0B       0         0         0
        0        0   0        0B       0B         0                                                   disk             0 nbd8                512  43:256    512 brw-rw----       nbd8             0 root                                                                                 /dev/nbd8          512                                                     128    0       0  0    0     256 mq-deadline               0B             block                                                   disk                                                0B     none       0B         0B       0B       0         0         0
        0        0   0        0B       0B         0                                                   disk             0 nbd9                512  43:288    512 brw-rw----       nbd9             0 root                                                                                 /dev/nbd9          512                                                     128    0       0  0    0     256 mq-deadline               0B             block                                                   disk                                                0B     none       0B         0B       0B       0         0         0
        0        0   0        0B       0B         0                                                   disk             0 nbd10               512  43:320    512 brw-rw----       nbd10            0 root                                                                                 /dev/nbd10         512                                                     128    0       0  0    0     256 mq-deadline               0B             block                                                   disk                                                0B     none       0B         0B       0B       0         0         0
        0        0   0        0B       0B         0                                                   disk             0 nbd11               512  43:352    512 brw-rw----       nbd11            0 root                                                                                 /dev/nbd11         512                                                     128    0       0  0    0     256 mq-deadline               0B             block                                                   disk                                                0B     none       0B         0B       0B       0         0         0
        0        0   0        0B       0B         0                                                   disk             0 nbd12               512  43:384    512 brw-rw----       nbd12            0 root                                                                                 /dev/nbd12         512                                                     128    0       0  0    0     256 mq-deadline               0B             block                                                   disk                                                0B     none       0B         0B       0B       0         0         0
        0        0   0        0B       0B         0                                                   disk             0 nbd13               512  43:416    512 brw-rw----       nbd13            0 root                                                                                 /dev/nbd13         512                                                     128    0       0  0    0     256 mq-deadline               0B             block                                                   disk                                                0B     none       0B         0B       0B       0         0         0
        0        0   0        0B       0B         0                                                   disk             0 nbd14               512  43:448    512 brw-rw----       nbd14            0 root                                                                                 /dev/nbd14         512                                                     128    0       0  0    0     256 mq-deadline               0B             block                                                   disk                                                0B     none       0B         0B       0B       0         0         0
        0        0   0        0B       0B         0                                                   disk             0 nbd15               512  43:480    512 brw-rw----       nbd15            0 root                                                                                 /dev/nbd15         512                                                     128    0       0  0    0     256 mq-deadline               0B             block                                                   disk                                                0B     none       0B         0B       0B       0         0         0
Filesystem     Type      Size  Used Avail Use% Mounted on
/dev/root      ext4       15G  4.0G  9.5G  30% /
devtmpfs       devtmpfs  712M     0  712M   0% /dev
tmpfs          tmpfs     970M     0  970M   0% /dev/shm
tmpfs          tmpfs     388M  2.9M  386M   1% /run
tmpfs          tmpfs     5.0M     0  5.0M   0% /run/lock
tmpfs          tmpfs     194M     0  194M   0% /run/user/1000
","[{""ifindex"":1,""ifname"":""lo"",""flags"":[""LOOPBACK"",""UP"",""LOWER_UP""],""mtu"":65536,""qdisc"":""noqueue"",""operstate"":""UNKNOWN"",""group"":""default"",""txqlen"":1000,""link_type"":""loopback"",""address"":""00:00:00:00:00:00"",""broadcast"":""00:00:00:00:00:00"",""addr_info"":[{""family"":""inet"",""local"":""127.0.0.1"",""prefixlen"":8,""scope"":""host"",""label"":""lo"",""valid_life_time"":4294967295,""preferred_life_time"":4294967295},{""family"":""inet6"",""local"":""::1"",""prefixlen"":128,""scope"":""host"",""noprefixroute"":true,""valid_life_time"":4294967295,""preferred_life_time"":4294967295}]},{""ifindex"":2,""link"":null,""ifname"":""tunl0"",""flags"":[""NOARP""],""mtu"":1480,""qdisc"":""noop"",""operstate"":""DOWN"",""group"":""default"",""txqlen"":1000,""link_type"":""ipip"",""address"":""0.0.0.0"",""broadcast"":""0.0.0.0"",""addr_info"":[]},{""ifindex"":3,""link"":null,""ifname"":""ip6tnl0"",""flags"":[""NOARP""],""mtu"":1452,""qdisc"":""noop"",""operstate"":""DOWN"",""group"":""default"",""txqlen"":1000,""link_type"":""tunnel6"",""address"":""::"",""broadcast"":""::"",""permaddr"":""ab7:751f:ac4f::"",""addr_info"":[]},{""ifindex"":4,""ifname"":""end0"",""flags"":[""BROADCAST"",""MULTICAST"",""UP"",""LOWER_UP""],""mtu"":1500,""qdisc"":""mq"",""operstate"":""UP"",""group"":""default"",""txqlen"":1000,""link_type"":""ether"",""address"":""3e:0a:4a:b6:58:f6"",""broadcast"":""ff:ff:ff:ff:ff:ff"",""addr_info"":[{""family"":""inet"",""local"":""192.168.50.6"",""prefixlen"":16,""broadcast"":""192.168.255.255"",""scope"":""global"",""noprefixroute"":true,""label"":""end0"",""valid_life_time"":4294967295,""preferred_life_time"":4294967295},{""family"":""inet"",""local"":""192.168.50.143"",""prefixlen"":24,""broadcast"":""192.168.50.255"",""scope"":""global"",""dynamic"":true,""noprefixroute"":true,""label"":""end0"",""valid_life_time"":6650,""preferred_life_time"":6650},{""family"":""inet6"",""local"":""fe80::3b6f:6f44:80ed:2a94"",""prefixlen"":64,""scope"":""link"",""noprefixroute"":true,""valid_life_time"":4294967295,""preferred_life_time"":4294967295}]}]
[{""ifindex"":1,""ifname"":""lo"",""flags"":[""LOOPBACK"",""UP"",""LOWER_UP""],""mtu"":65536,""qdisc"":""noqueue"",""operstate"":""UNKNOWN"",""linkmode"":""DEFAULT"",""group"":""default"",""txqlen"":1000,""link_type"":""loopback"",""address"":""00:00:00:00:00:00"",""broadcast"":""00:00:00:00:00:00""},{""ifindex"":2,""link"":null,""ifname"":""tunl0"",""flags"":[""NOARP""],""mtu"":1480,""qdisc"":""noop"",""operstate"":""DOWN"",""linkmode"":""DEFAULT"",""group"":""default"",""txqlen"":1000,""link_type"":""ipip"",""address"":""0.0.0.0"",""broadcast"":""0.0.0.0""},{""ifindex"":3,""link"":null,""ifname"":""ip6tnl0"",""flags"":[""NOARP""],""mtu"":1452,""qdisc"":""noop"",""operstate"":""DOWN"",""linkmode"":""DEFAULT"",""group"":""default"",""txqlen"":1000,""link_type"":""tunnel6"",""address"":""::"",""broadcast"":""::"",""permaddr"":""ab7:751f:ac4f::""},{""ifindex"":4,""ifname"":""end0"",""flags"":[""BROADCAST"",""MULTICAST"",""UP"",""LOWER_UP""],""mtu"":1500,""qdisc"":""mq"",""operstate"":""UP"",""linkmode"":""DEFAULT"",""group"":""default"",""txqlen"":1000,""link_type"":""ether"",""address"":""3e:0a:4a:b6:58:f6"",""broadcast"":""ff:ff:ff:ff:ff:ff""}]
[{""dst"":""default"",""gateway"":""192.168.50.1"",""dev"":""end0"",""protocol"":""dhcp"",""prefsrc"":""192.168.50.143"",""metric"":100,""flags"":[]},{""dst"":""192.168.0.0/16"",""dev"":""end0"",""protocol"":""kernel"",""scope"":""link"",""prefsrc"":""192.168.50.6"",""metric"":100,""flags"":[]},{""dst"":""192.168.50.0/24"",""dev"":""end0"",""protocol"":""kernel"",""scope"":""link"",""prefsrc"":""192.168.50.143"",""metric"":100,""flags"":[]}]
/sys/class/net/end0/address=3e:0a:4a:b6:58:f6
/sys/class/net/ip6tnl0/address=00:00:00:00:00:00:00:00:00:00:00:00:00:00:00:00
/sys/class/net/lo/address=00:00:00:00:00:00
/sys/class/net/tunl0/address=00:00:00:00
","IF=end0
bash: line 13: ethtool: command not found
4: end0: <BROADCAST,MULTICAST,UP,LOWER_UP> mtu 1500 qdisc mq state UP mode DEFAULT group default qlen 1000
    link/ether 3e:0a:4a:b6:58:f6 brd ff:ff:ff:ff:ff:ff
    RX:  bytes packets errors dropped  missed   mcast           
       6196422   48299      0       0       0       0 
    TX:  bytes packets errors dropped carrier collsns           
       2738512   19972      0       0       0       0 
IF=ip6tnl0
bash: line 13: ethtool: command not found
3: ip6tnl0@NONE: <NOARP> mtu 1452 qdisc noop state DOWN mode DEFAULT group default qlen 1000
    link/tunnel6 :: brd :: permaddr ab7:751f:ac4f::
    RX:  bytes packets errors dropped  missed   mcast           
             0       0      0       0       0       0 
    TX:  bytes packets errors dropped carrier collsns           
             0       0      0       0       0       0 
IF=lo
bash: line 13: ethtool: command not found
1: lo: <LOOPBACK,UP,LOWER_UP> mtu 65536 qdisc noqueue state UNKNOWN mode DEFAULT group default qlen 1000
    link/loopback 00:00:00:00:00:00 brd 00:00:00:00:00:00
    RX:  bytes packets errors dropped  missed   mcast           
         88208     938      0       0       0       0 
    TX:  bytes packets errors dropped carrier collsns           
         88208     938      0       0       0       0 
IF=tunl0
bash: line 13: ethtool: command not found
2: tunl0@NONE: <NOARP> mtu 1480 qdisc noop state DOWN mode DEFAULT group default qlen 1000
    link/ipip 0.0.0.0 brd 0.0.0.0
    RX:  bytes packets errors dropped  missed   mcast           
             0       0      0       0       0       0 
    TX:  bytes packets errors dropped carrier collsns           
             0       0      0       0       0       0 
","0.36 0.43 0.45 1/124 12096
    PID COMMAND         %CPU %MEM     ELAPSED COMMAND
  12097 ps               100  0.1       00:00 ps -eo pid,comm,pcpu,pmem,etime,args --sort=-pcpu
  12053 systemd-hostnam 31.7  0.2       00:00 /lib/systemd/systemd-hostnamed
  12039 sshd             7.4  0.4       00:01 sshd: caninos [priv]
  12046 bash             6.1  0.1       00:00 bash -s
  12045 sshd             2.9  0.3       00:01 sshd: caninos@notty
  11555 kworker/1:3-eve  0.8  0.0    03:03:04 [kworker/1:3-events]
  11748 kworker/2:0-eve  0.5  0.0    01:32:24 [kworker/2:0-events_freezable]
  11683 kworker/2:3-eve  0.4  0.0    02:31:41 [kworker/2:3-events_power_efficient]
  12029 kworker/2:2-eve  0.2  0.0       03:59 [kworker/2:2-events_power_efficient]
    357 NetworkManager   0.0  0.9  5-00:06:48 /usr/sbin/NetworkManager --no-daemon
  11897 kworker/2:1-eve  0.0  0.0       09:10 [kworker/2:1-events_power_efficient]
    266 systemd-timesyn  0.0  0.3  5-00:06:50 /lib/systemd/systemd-timesyncd
  12030 kworker/3:2-eve  0.0  0.0       02:12 [kworker/3:2-events]
      1 systemd          0.0  0.6  5-00:06:57 /sbin/init
    235 systemd-journal  0.0  3.4  5-00:06:52 /lib/systemd/systemd-journald
  11884 kworker/2:2H-kb  0.0  0.0       10:30 [kworker/2:2H-kblockd]
  11900 kworker/3:0-eve  0.0  0.0       07:13 [kworker/3:0-events_power_efficient]
  11460 kworker/0:3-eve  0.0  0.0    03:25:12 [kworker/0:3-events]
    322 dbus-daemon      0.0  0.2  5-00:06:49 /usr/bin/dbus-daemon --system --address=systemd: --nofork --nopidfile --systemd-activation --syslog-only
    325 rsyslogd         0.0  0.2  5-00:06:49 /usr/sbin/rsyslogd -n -iNONE
  11476 kworker/0:0H-mm  0.0  0.0    03:21:33 [kworker/0:0H-mmc_complete]
  11868 kworker/u8:1-fl  0.0  0.0       19:31 [kworker/u8:1-flush-179:0]
     40 kcompactd0       0.0  0.0  5-00:06:57 [kcompactd0]
   7022 systemd          0.0  0.5    19:38:27 /lib/systemd/systemd --user
  UNIT                       LOAD   ACTIVE SUB     DESCRIPTION
  cron.service               loaded active running Regular background program processing daemon
  dbus.service               loaded active running D-Bus System Message Bus
  getty@tty1.service         loaded active running Getty on tty1
  led-udp.service            loaded active running LED UDP Control Service
  ModemManager.service       loaded active running Modem Manager
  NetworkManager.service     loaded active running Network Manager
  polkit.service             loaded active running Authorization Manager
  rsyslog.service            loaded active running System Logging Service
  serial-getty@ttyS3.service loaded active running Serial Getty on ttyS3
  ssh.service                loaded active running OpenBSD Secure Shell server
  systemd-hostnamed.service  loaded active running Hostname Service
  systemd-journald.service   loaded active running Journal Service
  systemd-logind.service     loaded active running User Login Management
  systemd-timesyncd.service  loaded active running Network Time Synchronization
  systemd-udevd.service      loaded active running Rule-based Manager for Device Events and Files
  user@1000.service          loaded active running User Manager for UID 1000

LOAD   = Reflects whether the unit definition was properly loaded.
ACTIVE = The high-level unit activation state, i.e. generalization of SUB.
SUB    = The low-level unit activation state, values depend on unit type.
16 loaded units listed.
","/sys/class/thermal/thermal_zone0/type=cpu-temp
/sys/class/thermal/thermal_zone1/type=gpu-temp
/sys/class/thermal/thermal_zone2/type=corelogic-temp
/sys/class/thermal/thermal_zone0/temp=30610
/sys/class/thermal/thermal_zone1/temp=69408
/sys/class/thermal/thermal_zone2/temp=49811
/sys/class/hwmon/hwmon0/name=cpu_temp
/sys/class/hwmon/hwmon1/name=gpu_temp
/sys/class/hwmon/hwmon2/name=corelogic_temp
/sys/class/hwmon/hwmon0/temp1_input=30610
/sys/class/hwmon/hwmon1/temp1_input=69408
/sys/class/hwmon/hwmon2/temp1_input=49811
","CMD=gcc PATH=/usr/bin/gcc
gcc (Debian 12.2.0-14+deb12u1) 12.2.0
Copyright (C) 2022 Free Software Foundation, Inc.
CMD=g++ PATH=/usr/bin/g++
g++ (Debian 12.2.0-14+deb12u1) 12.2.0
Copyright (C) 2022 Free Software Foundation, Inc.
CMD=clang PATH=/usr/bin/clang
Debian clang version 14.0.6
Target: aarch64-unknown-linux-gnu
CMD=make PATH=/usr/bin/make
GNU Make 4.3
Built for aarch64-unknown-linux-gnu
CMD=cmake PATH=/usr/bin/cmake
cmake version 3.25.1

CMD=python3 PATH=/usr/bin/python3
Python 3.11.2
CMD=python PATH=bash: line 14: python: command not found
CMD=git PATH=/usr/bin/git
git version 2.39.5
CMD=pip3 PATH=/usr/bin/pip3
pip 23.0.1 from /usr/lib/python3/dist-packages/pip (python 3.11)
CMD=llama-cli PATH=bash: line 14: llama-cli: command not found
CMD=llama-server PATH=bash: line 14: llama-server: command not found
CMD=ollama PATH=bash: line 14: ollama: command not found
CMD=vllm PATH=bash: line 14: vllm: command not found
CMD=torchrun PATH=bash: line 14: torchrun: command not found
CMD=mpirun PATH=bash: line 14: mpirun: command not found
CMD=iperf3 PATH=bash: line 14: iperf3: command not found
",,"[Thu Oct  1 09:06:26 2026] caninos-dwmac e0220000.ethernet end0: Link is Up - 100Mbps/Full - flow control off
[Thu Oct  1 09:06:26 2026] caninos-dwmac e0220000.ethernet end0: Link is Down
[Thu Oct  1 09:06:29 2026] caninos-dwmac e0220000.ethernet end0: Link is Up - 100Mbps/Full - flow control off
[Thu Oct  1 09:07:12 2026] caninos-dwmac e0220000.ethernet end0: Link is Down
[Thu Oct  1 09:07:15 2026] caninos-dwmac e0220000.ethernet end0: Link is Up - 100Mbps/Full - flow control off
[Thu Oct  1 09:07:15 2026] caninos-dwmac e0220000.ethernet end0: Link is Down
[Thu Oct  1 09:07:18 2026] caninos-dwmac e0220000.ethernet end0: Link is Up - 100Mbps/Full - flow control off
[Thu Oct  1 09:08:01 2026] caninos-dwmac e0220000.ethernet end0: Link is Down
[Thu Oct  1 09:08:04 2026] caninos-dwmac e0220000.ethernet end0: Link is Up - 100Mbps/Full - flow control off
[Thu Oct  1 09:08:04 2026] caninos-dwmac e0220000.ethernet end0: Link is Down
[Thu Oct  1 09:08:07 2026] caninos-dwmac e0220000.ethernet end0: Link is Up - 100Mbps/Full - flow control off
[Thu Oct  1 09:08:50 2026] caninos-dwmac e0220000.ethernet end0: Link is Down
[Thu Oct  1 09:08:53 2026] caninos-dwmac e0220000.ethernet end0: Link is Up - 100Mbps/Full - flow control off
[Thu Oct  1 09:08:53 2026] caninos-dwmac e0220000.ethernet end0: Link is Down
[Thu Oct  1 09:08:56 2026] caninos-dwmac e0220000.ethernet end0: Link is Up - 100Mbps/Full - flow control off
[Thu Oct  1 09:09:07 2026] caninos-dwmac e0220000.ethernet end0: Link is Down
[Thu Oct  1 09:09:23 2026] caninos-dwmac e0220000.ethernet end0: Link is Up - 100Mbps/Full - flow control off
[Thu Oct  1 09:09:23 2026] caninos-dwmac e0220000.ethernet end0: Link is Down
[Thu Oct  1 09:09:26 2026] caninos-dwmac e0220000.ethernet end0: Link is Up - 100Mbps/Full - flow control off
[Thu Oct  1 09:10:09 2026] caninos-dwmac e0220000.ethernet end0: Link is Down
[Thu Oct  1 09:10:12 2026] caninos-dwmac e0220000.ethernet end0: Link is Up - 100Mbps/Full - flow control off
[Thu Oct  1 09:10:12 2026] caninos-dwmac e0220000.ethernet end0: Link is Down
[Thu Oct  1 09:10:15 2026] caninos-dwmac e0220000.ethernet end0: Link is Up - 100Mbps/Full - flow control off
[Thu Oct  1 09:10:58 2026] caninos-dwmac e0220000.ethernet end0: Link is Down
[Thu Oct  1 09:11:01 2026] caninos-dwmac e0220000.ethernet end0: Link is Up - 100Mbps/Full - flow control off
[Thu Oct  1 09:11:01 2026] caninos-dwmac e0220000.ethernet end0: Link is Down
[Thu Oct  1 09:11:04 2026] caninos-dwmac e0220000.ethernet end0: Link is Up - 100Mbps/Full - flow control off
[Thu Oct  1 09:11:47 2026] caninos-dwmac e0220000.ethernet end0: Link is Down
[Thu Oct  1 09:11:50 2026] caninos-dwmac e0220000.ethernet end0: Link is Up - 100Mbps/Full - flow control off
[Thu Oct  1 09:11:50 2026] caninos-dwmac e0220000.ethernet end0: Link is Down
[Thu Oct  1 09:11:53 2026] caninos-dwmac e0220000.ethernet end0: Link is Up - 100Mbps/Full - flow control off
[Thu Oct  1 09:12:36 2026] caninos-dwmac e0220000.ethernet end0: Link is Down
[Thu Oct  1 09:12:39 2026] caninos-dwmac e0220000.ethernet end0: Link is Up - 100Mbps/Full - flow control off
[Thu Oct  1 09:12:39 2026] caninos-dwmac e0220000.ethernet end0: Link is Down
[Thu Oct  1 09:12:42 2026] caninos-dwmac e0220000.ethernet end0: Link is Up - 100Mbps/Full - flow control off
[Thu Oct  1 09:13:25 2026] caninos-dwmac e0220000.ethernet end0: Link is Down
[Thu Oct  1 09:13:28 2026] caninos-dwmac e0220000.ethernet end0: Link is Up - 100Mbps/Full - flow control off
[Thu Oct  1 09:13:28 2026] caninos-dwmac e0220000.ethernet end0: Link is Down
[Thu Oct  1 09:13:31 2026] caninos-dwmac e0220000.ethernet end0: Link is Up - 100Mbps/Full - flow control off
[Thu Oct  1 09:14:14 2026] caninos-dwmac e0220000.ethernet end0: Link is Down
[Thu Oct  1 09:14:16 2026] caninos-dwmac e0220000.ethernet end0: Link is Up - 100Mbps/Full - flow control off
[Thu Oct  1 09:14:16 2026] caninos-dwmac e0220000.ethernet end0: Link is Down
[Thu Oct  1 09:14:19 2026] caninos-dwmac e0220000.ethernet end0: Link is Up - 100Mbps/Full - flow control off
[Thu Oct  1 09:15:02 2026] caninos-dwmac e0220000.ethernet end0: Link is Down
[Thu Oct  1 09:15:05 2026] caninos-dwmac e0220000.ethernet end0: Link is Up - 100Mbps/Full - flow control off
[Thu Oct  1 09:15:05 2026] caninos-dwmac e0220000.ethernet end0: Link is Down
[Thu Oct  1 09:15:08 2026] caninos-dwmac e0220000.ethernet end0: Link is Up - 100Mbps/Full - flow control off
[Thu Oct  1 09:15:51 2026] caninos-dwmac e0220000.ethernet end0: Link is Down
[Thu Oct  1 09:15:53 2026] caninos-dwmac e0220000.ethernet end0: Link is Up - 100Mbps/Full - flow control off
[Thu Oct  1 09:15:53 2026] caninos-dwmac e0220000.ethernet end0: Link is Down
[Thu Oct  1 09:15:56 2026] caninos-dwmac e0220000.ethernet end0: Link is Up - 100Mbps/Full - flow control off
[Thu Oct  1 09:16:39 2026] caninos-dwmac e0220000.ethernet end0: Link is Down
[Thu Oct  1 09:16:42 2026] caninos-dwmac e0220000.ethernet end0: Link is Up - 100Mbps/Full - flow control off
[Thu Oct  1 09:16:42 2026] caninos-dwmac e0220000.ethernet end0: Link is Down
[Thu Oct  1 09:16:45 2026] caninos-dwmac e0220000.ethernet end0: Link is Up - 100Mbps/Full - flow control off
[Thu Oct  1 09:17:28 2026] caninos-dwmac e0220000.ethernet end0: Link is Down
[Thu Oct  1 09:17:31 2026] caninos-dwmac e0220000.ethernet end0: Link is Up - 100Mbps/Full - flow control off
[Thu Oct  1 09:17:31 2026] caninos-dwmac e0220000.ethernet end0: Link is Down
[Thu Oct  1 09:17:34 2026] caninos-dwmac e0220000.ethernet end0: Link is Up - 100Mbps/Full - flow control off
[Thu Oct  1 09:18:17 2026] caninos-dwmac e0220000.ethernet end0: Link is Down
[Thu Oct  1 09:18:20 2026] caninos-dwmac e0220000.ethernet end0: Link is Up - 100Mbps/Full - flow control off
[Thu Oct  1 09:18:20 2026] caninos-dwmac e0220000.ethernet end0: Link is Down
[Thu Oct  1 09:18:23 2026] caninos-dwmac e0220000.ethernet end0: Link is Up - 100Mbps/Full - flow control off
[Thu Oct  1 09:19:06 2026] caninos-dwmac e0220000.ethernet end0: Link is Down
[Thu Oct  1 09:19:09 2026] caninos-dwmac e0220000.ethernet end0: Link is Up - 100Mbps/Full - flow control off
[Thu Oct  1 09:19:09 2026] caninos-dwmac e0220000.ethernet end0: Link is Down
[Thu Oct  1 09:19:11 2026] caninos-dwmac e0220000.ethernet end0: Link is Up - 100Mbps/Full - flow control off
",,,data/runs/20261001T151649Z/hosts/192.168.50.143/raw.txt,
node12,192.168.50.195,True,0,lab8,11b02da9cc614528b947d24bad602e6d,"Caninos Labrador 7 (Base 2.1) 
caninos,k7

cat: /proc/device-tree/serial-number: No such file or directory

",Caninos Labrador 7 (Base 2.1),aarch64,4,"Linux lab8 6.1.76 #1 SMP Mon Jan 26 19:02:43 -03 2026 aarch64 GNU/Linux
Architecture:                       aarch64
CPU op-mode(s):                     32-bit, 64-bit
Byte Order:                         Little Endian
CPU(s):                             4
On-line CPU(s) list:                0-3
Vendor ID:                          ARM
Model name:                         Cortex-A53
Model:                              4
Thread(s) per core:                 1
Core(s) per cluster:                4
Socket(s):                          -
Cluster(s):                         1
Stepping:                           r0p4
BogoMIPS:                           48.00
Flags:                              fp asimd evtstrm crc32 cpuid
Vulnerability Gather data sampling: Not affected
Vulnerability Itlb multihit:        Not affected
Vulnerability L1tf:                 Not affected
Vulnerability Mds:                  Not affected
Vulnerability Meltdown:             Not affected
Vulnerability Mmio stale data:      Not affected
Vulnerability Retbleed:             Not affected
Vulnerability Spec rstack overflow: Not affected
Vulnerability Spec store bypass:    Not affected
Vulnerability Spectre v1:           Mitigation; __user pointer sanitization
Vulnerability Spectre v2:           Not affected
Vulnerability Srbds:                Not affected
Vulnerability Tsx async abort:      Not affected
processor	: 0
BogoMIPS	: 48.00
Features	: fp asimd evtstrm crc32 cpuid
processor	: 1
BogoMIPS	: 48.00
Features	: fp asimd evtstrm crc32 cpuid
processor	: 2
BogoMIPS	: 48.00
Features	: fp asimd evtstrm crc32 cpuid
processor	: 3
BogoMIPS	: 48.00
Features	: fp asimd evtstrm crc32 cpuid
","PRETTY_NAME=""Debian GNU/Linux 12 (bookworm)""
NAME=""Debian GNU/Linux""
VERSION_ID=""12""
VERSION=""12 (bookworm)""
VERSION_CODENAME=bookworm
ID=debian
HOME_URL=""https://www.debian.org/""
SUPPORT_URL=""https://www.debian.org/support""
BUG_REPORT_URL=""https://bugs.debian.org/""
6.1.76
2026-09-26 12:09:51
 12:17:08 up 5 days, 7 min,  0 user,  load average: 2.23, 2.21, 2.19
2026-10-01T15:17:08Z
","               total        used        free      shared  buff/cache   available
Mem:      2033942528   385327104    64430080     3121152  1677213696  1648615424
Swap:              0           0           0
bash: line 9: swapon: command not found
MemTotal:        1986272 kB
MemFree:           62668 kB
MemAvailable:    1609724 kB
Buffers:           68928 kB
Cached:          1517276 kB
SwapCached:            0 kB
Active:           771228 kB
Inactive:         980632 kB
Active(anon):       2880 kB
Inactive(anon):   165824 kB
Active(file):     768348 kB
Inactive(file):   814808 kB
Unevictable:           0 kB
Mlocked:               0 kB
SwapTotal:             0 kB
SwapFree:              0 kB
Zswap:                 0 kB
Zswapped:              0 kB
Dirty:              1104 kB
Writeback:             0 kB
AnonPages:        163800 kB
Mapped:          1283344 kB
Shmem:              3048 kB
KReclaimable:      51700 kB
Slab:              97796 kB
SReclaimable:      51700 kB
SUnreclaim:        46096 kB
KernelStack:        2912 kB
PageTables:         5348 kB
SecPageTables:         0 kB
","ALIGNMENT DISC-ALN DAX DISC-GRAN DISC-MAX DISC-ZERO FSAVAIL FSROOTS FSSIZE FSTYPE FSUSED FSUSE% FSVER GROUP HCTL HOTPLUG KNAME     LABEL LOG-SEC MAJ:MIN MIN-IO MODE       MODEL NAME        OPT-IO OWNER PARTFLAGS PARTLABEL PARTTYPE PARTTYPENAME PARTUUID                             PATH           PHY-SEC PKNAME  PTTYPE PTUUID                                RA RAND  REV RM RO ROTA RQ-SIZE SCHED       SERIAL      SIZE START STATE SUBSYSTEMS                  MOUNTPOINT MOUNTPOINTS TRAN TYPE UUID                                 VENDOR WSAME WWN ZONED ZONE-SZ ZONE-WGRAN ZONE-APP ZONE-NR ZONE-OMAX ZONE-AMAX
        0        0   0        0B       0B         0                                                   disk             0 nbd0                512  43:0      512 brw-rw----       nbd0             0 root                                                                                 /dev/nbd0          512                                                     128    0       0  0    0     256 mq-deadline               0B             block                                                   disk                                                0B     none       0B         0B       0B       0         0         0
        0        0   0        0B       0B         0                                                   disk             0 nbd1                512  43:32     512 brw-rw----       nbd1             0 root                                                                                 /dev/nbd1          512                                                     128    0       0  0    0     256 mq-deadline               0B             block                                                   disk                                                0B     none       0B         0B       0B       0         0         0
        0        0   0        0B       0B         0                                                   disk             0 nbd2                512  43:64     512 brw-rw----       nbd2             0 root                                                                                 /dev/nbd2          512                                                     128    0       0  0    0     256 mq-deadline               0B             block                                                   disk                                                0B     none       0B         0B       0B       0         0         0
        0        0   0        0B       0B         0                                                   disk             0 nbd3                512  43:96     512 brw-rw----       nbd3             0 root                                                                                 /dev/nbd3          512                                                     128    0       0  0    0     256 mq-deadline               0B             block                                                   disk                                                0B     none       0B         0B       0B       0         0         0
        0        0   0        0B       0B         0                                                   disk             0 nbd4                512  43:128    512 brw-rw----       nbd4             0 root                                                                                 /dev/nbd4          512                                                     128    0       0  0    0     256 mq-deadline               0B             block                                                   disk                                                0B     none       0B         0B       0B       0         0         0
        0        0   0        0B       0B         0                                                   disk             0 nbd5                512  43:160    512 brw-rw----       nbd5             0 root                                                                                 /dev/nbd5          512                                                     128    0       0  0    0     256 mq-deadline               0B             block                                                   disk                                                0B     none       0B         0B       0B       0         0         0
        0        0   0        0B       0B         0                                                   disk             0 nbd6                512  43:192    512 brw-rw----       nbd6             0 root                                                                                 /dev/nbd6          512                                                     128    0       0  0    0     256 mq-deadline               0B             block                                                   disk                                                0B     none       0B         0B       0B       0         0         0
        0        0   0        0B       0B         0                                                   disk             0 nbd7                512  43:224    512 brw-rw----       nbd7             0 root                                                                                 /dev/nbd7          512                                                     128    0       0  0    0     256 mq-deadline               0B             block                                                   disk                                                0B     none       0B         0B       0B       0         0         0
        0        0   0        4M    49.5M         0                                                   disk             1 mmcblk2             512 179:0      512 brw-rw----       mmcblk2          0 root                                                                                 /dev/mmcblk2       512         dos    adfc8c05                             128    0  0x8  0  0    0     128 mq-deadline 0xcb2001d5 14.6G             block:mmc:mmc_host:platform                             disk                                                0B     none       0B         0B       0B       0         0         0
        0  3145728   0        4M    49.5M         0      5G /        14.2G ext4     8.5G    60% 1.0   disk             1 mmcblk2p1           512 179:1      512 brw-rw----       └─mmcblk2p1      0 root  0x80                0x83     Linux        adfc8c05-01                          /dev/mmcblk2p1     512 mmcblk2 dos    adfc8c05                             128    0       0  0    0     128 mq-deadline            14.6G  2048       block:mmc:mmc_host:platform /          /                part 4c9c0407-2816-49b8-b56c-34466c4d7bcf           0B     none       0B         0B       0B       0         0         0
        0        0   0        0B       0B         0                                                   disk             0 nullb0              512 253:0      512 brw-rw----       nullb0           0 root                                                                                 /dev/nullb0        512                                                     128    0       0  0    0      64 none                    250G             block                                                   disk                                                0B     none       0B         0B       0B       0         0         0
        0        0   0        0B       0B         0                                                   disk             0 nbd8                512  43:256    512 brw-rw----       nbd8             0 root                                                                                 /dev/nbd8          512                                                     128    0       0  0    0     256 mq-deadline               0B             block                                                   disk                                                0B     none       0B         0B       0B       0         0         0
        0        0   0        0B       0B         0                                                   disk             0 nbd9                512  43:288    512 brw-rw----       nbd9             0 root                                                                                 /dev/nbd9          512                                                     128    0       0  0    0     256 mq-deadline               0B             block                                                   disk                                                0B     none       0B         0B       0B       0         0         0
        0        0   0        0B       0B         0                                                   disk             0 nbd10               512  43:320    512 brw-rw----       nbd10            0 root                                                                                 /dev/nbd10         512                                                     128    0       0  0    0     256 mq-deadline               0B             block                                                   disk                                                0B     none       0B         0B       0B       0         0         0
        0        0   0        0B       0B         0                                                   disk             0 nbd11               512  43:352    512 brw-rw----       nbd11            0 root                                                                                 /dev/nbd11         512                                                     128    0       0  0    0     256 mq-deadline               0B             block                                                   disk                                                0B     none       0B         0B       0B       0         0         0
        0        0   0        0B       0B         0                                                   disk             0 nbd12               512  43:384    512 brw-rw----       nbd12            0 root                                                                                 /dev/nbd12         512                                                     128    0       0  0    0     256 mq-deadline               0B             block                                                   disk                                                0B     none       0B         0B       0B       0         0         0
        0        0   0        0B       0B         0                                                   disk             0 nbd13               512  43:416    512 brw-rw----       nbd13            0 root                                                                                 /dev/nbd13         512                                                     128    0       0  0    0     256 mq-deadline               0B             block                                                   disk                                                0B     none       0B         0B       0B       0         0         0
        0        0   0        0B       0B         0                                                   disk             0 nbd14               512  43:448    512 brw-rw----       nbd14            0 root                                                                                 /dev/nbd14         512                                                     128    0       0  0    0     256 mq-deadline               0B             block                                                   disk                                                0B     none       0B         0B       0B       0         0         0
        0        0   0        0B       0B         0                                                   disk             0 nbd15               512  43:480    512 brw-rw----       nbd15            0 root                                                                                 /dev/nbd15         512                                                     128    0       0  0    0     256 mq-deadline               0B             block                                                   disk                                                0B     none       0B         0B       0B       0         0         0
Filesystem     Type      Size  Used Avail Use% Mounted on
/dev/root      ext4       15G  8.5G  5.1G  63% /
devtmpfs       devtmpfs  712M     0  712M   0% /dev
tmpfs          tmpfs     970M     0  970M   0% /dev/shm
tmpfs          tmpfs     388M  3.0M  386M   1% /run
tmpfs          tmpfs     5.0M   12K  5.0M   1% /run/lock
tmpfs          tmpfs     194M   40K  194M   1% /run/user/1000
","[{""ifindex"":1,""ifname"":""lo"",""flags"":[""LOOPBACK"",""UP"",""LOWER_UP""],""mtu"":65536,""qdisc"":""noqueue"",""operstate"":""UNKNOWN"",""group"":""default"",""txqlen"":1000,""link_type"":""loopback"",""address"":""00:00:00:00:00:00"",""broadcast"":""00:00:00:00:00:00"",""addr_info"":[{""family"":""inet"",""local"":""127.0.0.1"",""prefixlen"":8,""scope"":""host"",""label"":""lo"",""valid_life_time"":4294967295,""preferred_life_time"":4294967295},{""family"":""inet6"",""local"":""::1"",""prefixlen"":128,""scope"":""host"",""noprefixroute"":true,""valid_life_time"":4294967295,""preferred_life_time"":4294967295}]},{""ifindex"":2,""link"":null,""ifname"":""tunl0"",""flags"":[""NOARP""],""mtu"":1480,""qdisc"":""noop"",""operstate"":""DOWN"",""group"":""default"",""txqlen"":1000,""link_type"":""ipip"",""address"":""0.0.0.0"",""broadcast"":""0.0.0.0"",""addr_info"":[]},{""ifindex"":3,""link"":null,""ifname"":""ip6tnl0"",""flags"":[""NOARP""],""mtu"":1452,""qdisc"":""noop"",""operstate"":""DOWN"",""group"":""default"",""txqlen"":1000,""link_type"":""tunnel6"",""address"":""::"",""broadcast"":""::"",""permaddr"":""bacd:69e7:8d83::"",""addr_info"":[]},{""ifindex"":4,""ifname"":""wlan0"",""flags"":[""NO-CARRIER"",""BROADCAST"",""MULTICAST"",""UP""],""mtu"":1500,""qdisc"":""mq"",""operstate"":""DOWN"",""group"":""default"",""txqlen"":1000,""link_type"":""ether"",""address"":""14:6b:9c:7b:0d:e8"",""broadcast"":""ff:ff:ff:ff:ff:ff"",""addr_info"":[]},{""ifindex"":5,""ifname"":""end0"",""flags"":[""BROADCAST"",""MULTICAST"",""UP"",""LOWER_UP""],""mtu"":1500,""qdisc"":""mq"",""operstate"":""UP"",""group"":""default"",""txqlen"":1000,""link_type"":""ether"",""address"":""3e:b1:de:25:6a:41"",""broadcast"":""ff:ff:ff:ff:ff:ff"",""addr_info"":[{""family"":""inet"",""local"":""192.168.50.195"",""prefixlen"":24,""broadcast"":""192.168.50.255"",""scope"":""global"",""dynamic"":true,""noprefixroute"":true,""label"":""end0"",""valid_life_time"":6642,""preferred_life_time"":6642}]}]
[{""ifindex"":1,""ifname"":""lo"",""flags"":[""LOOPBACK"",""UP"",""LOWER_UP""],""mtu"":65536,""qdisc"":""noqueue"",""operstate"":""UNKNOWN"",""linkmode"":""DEFAULT"",""group"":""default"",""txqlen"":1000,""link_type"":""loopback"",""address"":""00:00:00:00:00:00"",""broadcast"":""00:00:00:00:00:00""},{""ifindex"":2,""link"":null,""ifname"":""tunl0"",""flags"":[""NOARP""],""mtu"":1480,""qdisc"":""noop"",""operstate"":""DOWN"",""linkmode"":""DEFAULT"",""group"":""default"",""txqlen"":1000,""link_type"":""ipip"",""address"":""0.0.0.0"",""broadcast"":""0.0.0.0""},{""ifindex"":3,""link"":null,""ifname"":""ip6tnl0"",""flags"":[""NOARP""],""mtu"":1452,""qdisc"":""noop"",""operstate"":""DOWN"",""linkmode"":""DEFAULT"",""group"":""default"",""txqlen"":1000,""link_type"":""tunnel6"",""address"":""::"",""broadcast"":""::"",""permaddr"":""bacd:69e7:8d83::""},{""ifindex"":4,""ifname"":""wlan0"",""flags"":[""NO-CARRIER"",""BROADCAST"",""MULTICAST"",""UP""],""mtu"":1500,""qdisc"":""mq"",""operstate"":""DOWN"",""linkmode"":""DORMANT"",""group"":""default"",""txqlen"":1000,""link_type"":""ether"",""address"":""14:6b:9c:7b:0d:e8"",""broadcast"":""ff:ff:ff:ff:ff:ff""},{""ifindex"":5,""ifname"":""end0"",""flags"":[""BROADCAST"",""MULTICAST"",""UP"",""LOWER_UP""],""mtu"":1500,""qdisc"":""mq"",""operstate"":""UP"",""linkmode"":""DEFAULT"",""group"":""default"",""txqlen"":1000,""link_type"":""ether"",""address"":""3e:b1:de:25:6a:41"",""broadcast"":""ff:ff:ff:ff:ff:ff""}]
[{""dst"":""default"",""gateway"":""192.168.50.1"",""dev"":""end0"",""protocol"":""dhcp"",""prefsrc"":""192.168.50.195"",""metric"":100,""flags"":[]},{""dst"":""192.168.50.0/24"",""dev"":""end0"",""protocol"":""kernel"",""scope"":""link"",""prefsrc"":""192.168.50.195"",""metric"":100,""flags"":[]}]
/sys/class/net/end0/address=3e:b1:de:25:6a:41
/sys/class/net/ip6tnl0/address=00:00:00:00:00:00:00:00:00:00:00:00:00:00:00:00
/sys/class/net/lo/address=00:00:00:00:00:00
/sys/class/net/tunl0/address=00:00:00:00
/sys/class/net/wlan0/address=14:6b:9c:7b:0d:e8
","IF=end0
bash: line 13: ethtool: command not found
5: end0: <BROADCAST,MULTICAST,UP,LOWER_UP> mtu 1500 qdisc mq state UP mode DEFAULT group default qlen 1000
    link/ether 3e:b1:de:25:6a:41 brd ff:ff:ff:ff:ff:ff
    RX:  bytes packets errors dropped  missed   mcast           
      14331083   77964      0       0       0       0 
    TX:  bytes packets errors dropped carrier collsns           
      11909214   49027      0       0       0       0 
IF=ip6tnl0
bash: line 13: ethtool: command not found
3: ip6tnl0@NONE: <NOARP> mtu 1452 qdisc noop state DOWN mode DEFAULT group default qlen 1000
    link/tunnel6 :: brd :: permaddr bacd:69e7:8d83::
    RX:  bytes packets errors dropped  missed   mcast           
             0       0      0       0       0       0 
    TX:  bytes packets errors dropped carrier collsns           
             0       0      0       0       0       0 
IF=lo
bash: line 13: ethtool: command not found
1: lo: <LOOPBACK,UP,LOWER_UP> mtu 65536 qdisc noqueue state UNKNOWN mode DEFAULT group default qlen 1000
    link/loopback 00:00:00:00:00:00 brd 00:00:00:00:00:00
    RX:  bytes packets errors dropped  missed   mcast           
        350388    3725      0       0       0       0 
    TX:  bytes packets errors dropped carrier collsns           
        350388    3725      0       0       0       0 
IF=tunl0
bash: line 13: ethtool: command not found
2: tunl0@NONE: <NOARP> mtu 1480 qdisc noop state DOWN mode DEFAULT group default qlen 1000
    link/ipip 0.0.0.0 brd 0.0.0.0
    RX:  bytes packets errors dropped  missed   mcast           
             0       0      0       0       0       0 
    TX:  bytes packets errors dropped carrier collsns           
             0       0      0       0       0       0 
IF=wlan0
bash: line 13: ethtool: command not found
4: wlan0: <NO-CARRIER,BROADCAST,MULTICAST,UP> mtu 1500 qdisc mq state DOWN mode DORMANT group default qlen 1000
    link/ether 14:6b:9c:7b:0d:e8 brd ff:ff:ff:ff:ff:ff
    RX:  bytes packets errors dropped  missed   mcast           
    1241044819 5713758      0 5761470       0       0 
    TX:  bytes packets errors dropped carrier collsns           
       5154477   36224      0       7       0       0 
","2.23 2.21 2.19 1/177 742175
    PID COMMAND         %CPU %MEM     ELAPSED COMMAND
 742176 ps               150  0.1       00:00 ps -eo pid,comm,pcpu,pmem,etime,args --sort=-pcpu
 742071 systemd         52.8  0.5       00:03 /lib/systemd/systemd --user
 742114 systemd-hostnam 32.3  0.2       00:01 /lib/systemd/systemd-hostnamed
 742089 wireplumber     28.6  0.7       00:01 /usr/bin/wireplumber
 742090 pipewire-pulse   8.5  0.4       00:01 /usr/bin/pipewire-pulse
 742088 pipewire         8.4  0.3       00:01 /usr/bin/pipewire
 742099 bash             6.9  0.1       00:01 bash -s
 742096 dbus-daemon      3.3  0.1       00:01 /usr/bin/dbus-daemon --session --address=systemd: --nofork --nopidfile --systemd-activation --syslog-only
 742067 sshd             2.8  0.4       00:03 sshd: caninos [priv]
 742095 sshd             2.4  0.3       00:01 sshd: caninos@notty
 723259 kworker/2:4-eve  0.5  0.0    02:38:39 [kworker/2:4-events_power_efficient]
    416 NetworkManager   0.4  1.1  5-00:07:07 /usr/sbin/NetworkManager --no-daemon
 728331 kworker/2:1-eve  0.3  0.0    01:54:53 [kworker/2:1-events_power_efficient]
    373 ksdioirqd/mmc1   0.1  0.0  5-00:07:09 [ksdioirqd/mmc1]
    479 RTW_XMIT_THREAD  0.1  0.0  5-00:07:04 [RTW_XMIT_THREAD]
    480 RTW_CMD_THREAD   0.1  0.0  5-00:07:04 [RTW_CMD_THREAD]
    351 avahi-daemon     0.1  0.1  5-00:07:10 avahi-daemon: running [lab8.local]
    481 RTWHALXT         0.1  0.0  5-00:07:04 [RTWHALXT]
    562 verifica_rede_l  0.0  0.1  5-00:06:56 /bin/bash /usr/local/bin/verifica_rede_led.sh
 736884 kworker/2:0-mm_  0.0  0.0       41:13 [kworker/2:0-mm_percpu_wq]
    236 systemd-journal  0.0  2.7  5-00:07:12 /lib/systemd/systemd-journald
     30 ksoftirqd/3      0.0  0.0  5-00:07:17 [ksoftirqd/3]
    354 dbus-daemon      0.0  0.2  5-00:07:10 /usr/bin/dbus-daemon --system --address=systemd: --nofork --nopidfile --systemd-activation --syslog-only
    486 wpa_supplicant   0.0  0.5  5-00:07:04 /sbin/wpa_supplicant -u -s -O DIR=/run/wpa_supplicant GROUP=netdev
  UNIT                       LOAD   ACTIVE SUB     DESCRIPTION
  avahi-daemon.service       loaded active running Avahi mDNS/DNS-SD Stack
  bluetooth.service          loaded active running Bluetooth service
  colord.service             loaded active running Manage, Install and Generate Color Profiles
  cron.service               loaded active running Regular background program processing daemon
  cups-browsed.service       loaded active running Make remote CUPS printers available locally
  cups.service               loaded active running CUPS Scheduler
  dbus.service               loaded active running D-Bus System Message Bus
  getty@tty1.service         loaded active running Getty on tty1
  llama-server.service       loaded active running Servidor llama.cpp com Qwen2.5 1.5B
  ModemManager.service       loaded active running Modem Manager
  NetworkManager.service     loaded active running Network Manager
  polkit.service             loaded active running Authorization Manager
  rsyslog.service            loaded active running System Logging Service
  rtkit-daemon.service       loaded active running RealtimeKit Scheduling Policy Service
  serial-getty@ttyS3.service loaded active running Serial Getty on ttyS3
  ssh.service                loaded active running OpenBSD Secure Shell server
  systemd-hostnamed.service  loaded active running Hostname Service
  systemd-journald.service   loaded active running Journal Service
  systemd-logind.service     loaded active running User Login Management
  systemd-timesyncd.service  loaded active running Network Time Synchronization
  systemd-udevd.service      loaded active running Rule-based Manager for Device Events and Files
  user@1000.service          loaded active running User Manager for UID 1000
  verifica-rede-led.service  loaded active running Verifica rede end0 e controla LEDs da Labrador
  wifi_bt_start.service      loaded active running LSB: Bluetooth Start
  wpa_supplicant.service     loaded active running WPA supplicant

LOAD   = Reflects whether the unit definition was properly loaded.
ACTIVE = The high-level unit activation state, i.e. generalization of SUB.
SUB    = The low-level unit activation state, values depend on unit type.
25 loaded units listed.
","/sys/class/thermal/thermal_zone0/type=cpu-temp
/sys/class/thermal/thermal_zone1/type=gpu-temp
/sys/class/thermal/thermal_zone2/type=corelogic-temp
/sys/class/thermal/thermal_zone0/temp=84491
/sys/class/thermal/thermal_zone1/temp=77367
/sys/class/thermal/thermal_zone2/temp=77117
/sys/class/hwmon/hwmon0/name=cpu_temp
/sys/class/hwmon/hwmon1/name=gpu_temp
/sys/class/hwmon/hwmon2/name=corelogic_temp
/sys/class/hwmon/hwmon0/temp1_input=84491
/sys/class/hwmon/hwmon1/temp1_input=77367
/sys/class/hwmon/hwmon2/temp1_input=77117
","CMD=gcc PATH=/usr/bin/gcc
gcc (Debian 12.2.0-14+deb12u1) 12.2.0
Copyright (C) 2022 Free Software Foundation, Inc.
CMD=g++ PATH=/usr/bin/g++
g++ (Debian 12.2.0-14+deb12u1) 12.2.0
Copyright (C) 2022 Free Software Foundation, Inc.
CMD=clang PATH=bash: line 14: clang: command not found
CMD=make PATH=/usr/bin/make
GNU Make 4.3
Built for aarch64-unknown-linux-gnu
CMD=cmake PATH=/usr/bin/cmake
cmake version 3.25.1

CMD=python3 PATH=/usr/bin/python3
Python 3.11.2
CMD=python PATH=bash: line 14: python: command not found
CMD=git PATH=/usr/bin/git
git version 2.39.5
CMD=pip3 PATH=/usr/bin/pip3
pip 23.0.1 from /usr/lib/python3/dist-packages/pip (python 3.11)
CMD=llama-cli PATH=bash: line 14: llama-cli: command not found
CMD=llama-server PATH=bash: line 14: llama-server: command not found
CMD=ollama PATH=bash: line 14: ollama: command not found
CMD=vllm PATH=bash: line 14: vllm: command not found
CMD=torchrun PATH=bash: line 14: torchrun: command not found
CMD=mpirun PATH=/usr/bin/mpirun
mpirun (Open MPI) 4.1.4

CMD=iperf3 PATH=/usr/bin/iperf3
iperf 3.12 (cJSON 1.7.15)
Linux lab8 6.1.76 #1 SMP Mon Jan 26 19:02:43 -03 2026 aarch64
/home/caninos/llama-offline/llama.cpp/convert_llama_ggml_to_gguf.py 19112
",,"[Thu Oct  1 09:04:45 2026] caninos-dwmac e0220000.ethernet end0: Link is Up - 100Mbps/Full - flow control off
[Thu Oct  1 09:04:45 2026] caninos-dwmac e0220000.ethernet end0: Link is Down
[Thu Oct  1 09:04:48 2026] caninos-dwmac e0220000.ethernet end0: Link is Up - 100Mbps/Full - flow control off
[Thu Oct  1 09:05:31 2026] caninos-dwmac e0220000.ethernet end0: Link is Down
[Thu Oct  1 09:05:34 2026] caninos-dwmac e0220000.ethernet end0: Link is Up - 100Mbps/Full - flow control off
[Thu Oct  1 09:05:34 2026] caninos-dwmac e0220000.ethernet end0: Link is Down
[Thu Oct  1 09:05:37 2026] caninos-dwmac e0220000.ethernet end0: Link is Up - 100Mbps/Full - flow control off
[Thu Oct  1 09:06:20 2026] caninos-dwmac e0220000.ethernet end0: Link is Down
[Thu Oct  1 09:06:23 2026] caninos-dwmac e0220000.ethernet end0: Link is Up - 100Mbps/Full - flow control off
[Thu Oct  1 09:06:23 2026] caninos-dwmac e0220000.ethernet end0: Link is Down
[Thu Oct  1 09:06:26 2026] caninos-dwmac e0220000.ethernet end0: Link is Up - 100Mbps/Full - flow control off
[Thu Oct  1 09:07:09 2026] caninos-dwmac e0220000.ethernet end0: Link is Down
[Thu Oct  1 09:07:12 2026] caninos-dwmac e0220000.ethernet end0: Link is Up - 100Mbps/Full - flow control off
[Thu Oct  1 09:07:12 2026] caninos-dwmac e0220000.ethernet end0: Link is Down
[Thu Oct  1 09:07:15 2026] caninos-dwmac e0220000.ethernet end0: Link is Up - 100Mbps/Full - flow control off
[Thu Oct  1 09:07:58 2026] caninos-dwmac e0220000.ethernet end0: Link is Down
[Thu Oct  1 09:08:01 2026] caninos-dwmac e0220000.ethernet end0: Link is Up - 100Mbps/Full - flow control off
[Thu Oct  1 09:08:01 2026] caninos-dwmac e0220000.ethernet end0: Link is Down
[Thu Oct  1 09:08:04 2026] caninos-dwmac e0220000.ethernet end0: Link is Up - 100Mbps/Full - flow control off
[Thu Oct  1 09:08:47 2026] caninos-dwmac e0220000.ethernet end0: Link is Down
[Thu Oct  1 09:08:50 2026] caninos-dwmac e0220000.ethernet end0: Link is Up - 100Mbps/Full - flow control off
[Thu Oct  1 09:08:50 2026] caninos-dwmac e0220000.ethernet end0: Link is Down
[Thu Oct  1 09:08:53 2026] caninos-dwmac e0220000.ethernet end0: Link is Up - 100Mbps/Full - flow control off
[Thu Oct  1 09:09:05 2026] caninos-dwmac e0220000.ethernet end0: Link is Down
[Thu Oct  1 09:09:20 2026] caninos-dwmac e0220000.ethernet end0: Link is Up - 100Mbps/Full - flow control off
[Thu Oct  1 09:09:20 2026] caninos-dwmac e0220000.ethernet end0: Link is Down
[Thu Oct  1 09:09:24 2026] caninos-dwmac e0220000.ethernet end0: Link is Up - 100Mbps/Full - flow control off
[Thu Oct  1 09:10:06 2026] caninos-dwmac e0220000.ethernet end0: Link is Down
[Thu Oct  1 09:10:09 2026] caninos-dwmac e0220000.ethernet end0: Link is Up - 100Mbps/Full - flow control off
[Thu Oct  1 09:10:09 2026] caninos-dwmac e0220000.ethernet end0: Link is Down
[Thu Oct  1 09:10:12 2026] caninos-dwmac e0220000.ethernet end0: Link is Up - 100Mbps/Full - flow control off
[Thu Oct  1 09:10:55 2026] caninos-dwmac e0220000.ethernet end0: Link is Down
[Thu Oct  1 09:10:57 2026] caninos-dwmac e0220000.ethernet end0: Link is Up - 100Mbps/Full - flow control off
[Thu Oct  1 09:10:57 2026] caninos-dwmac e0220000.ethernet end0: Link is Down
[Thu Oct  1 09:11:00 2026] caninos-dwmac e0220000.ethernet end0: Link is Up - 100Mbps/Full - flow control off
[Thu Oct  1 09:11:43 2026] caninos-dwmac e0220000.ethernet end0: Link is Down
[Thu Oct  1 09:11:46 2026] caninos-dwmac e0220000.ethernet end0: Link is Up - 100Mbps/Full - flow control off
[Thu Oct  1 09:11:46 2026] caninos-dwmac e0220000.ethernet end0: Link is Down
[Thu Oct  1 09:11:49 2026] caninos-dwmac e0220000.ethernet end0: Link is Up - 100Mbps/Full - flow control off
[Thu Oct  1 09:12:32 2026] caninos-dwmac e0220000.ethernet end0: Link is Down
[Thu Oct  1 09:12:35 2026] caninos-dwmac e0220000.ethernet end0: Link is Up - 100Mbps/Full - flow control off
[Thu Oct  1 09:12:35 2026] caninos-dwmac e0220000.ethernet end0: Link is Down
[Thu Oct  1 09:12:38 2026] caninos-dwmac e0220000.ethernet end0: Link is Up - 100Mbps/Full - flow control off
[Thu Oct  1 09:13:21 2026] caninos-dwmac e0220000.ethernet end0: Link is Down
[Thu Oct  1 09:13:24 2026] caninos-dwmac e0220000.ethernet end0: Link is Up - 100Mbps/Full - flow control off
[Thu Oct  1 09:13:24 2026] caninos-dwmac e0220000.ethernet end0: Link is Down
[Thu Oct  1 09:13:27 2026] caninos-dwmac e0220000.ethernet end0: Link is Up - 100Mbps/Full - flow control off
[Thu Oct  1 09:14:10 2026] caninos-dwmac e0220000.ethernet end0: Link is Down
[Thu Oct  1 09:14:13 2026] caninos-dwmac e0220000.ethernet end0: Link is Up - 100Mbps/Full - flow control off
[Thu Oct  1 09:14:13 2026] caninos-dwmac e0220000.ethernet end0: Link is Down
[Thu Oct  1 09:14:16 2026] caninos-dwmac e0220000.ethernet end0: Link is Up - 100Mbps/Full - flow control off
[Thu Oct  1 09:14:59 2026] caninos-dwmac e0220000.ethernet end0: Link is Down
[Thu Oct  1 09:15:02 2026] caninos-dwmac e0220000.ethernet end0: Link is Up - 100Mbps/Full - flow control off
[Thu Oct  1 09:15:02 2026] caninos-dwmac e0220000.ethernet end0: Link is Down
[Thu Oct  1 09:15:05 2026] caninos-dwmac e0220000.ethernet end0: Link is Up - 100Mbps/Full - flow control off
[Thu Oct  1 09:15:48 2026] caninos-dwmac e0220000.ethernet end0: Link is Down
[Thu Oct  1 09:15:51 2026] caninos-dwmac e0220000.ethernet end0: Link is Up - 100Mbps/Full - flow control off
[Thu Oct  1 09:15:51 2026] caninos-dwmac e0220000.ethernet end0: Link is Down
[Thu Oct  1 09:15:54 2026] caninos-dwmac e0220000.ethernet end0: Link is Up - 100Mbps/Full - flow control off
[Thu Oct  1 09:16:37 2026] caninos-dwmac e0220000.ethernet end0: Link is Down
[Thu Oct  1 09:16:40 2026] caninos-dwmac e0220000.ethernet end0: Link is Up - 100Mbps/Full - flow control off
[Thu Oct  1 09:16:40 2026] caninos-dwmac e0220000.ethernet end0: Link is Down
[Thu Oct  1 09:16:43 2026] caninos-dwmac e0220000.ethernet end0: Link is Up - 100Mbps/Full - flow control off
[Thu Oct  1 09:17:26 2026] caninos-dwmac e0220000.ethernet end0: Link is Down
[Thu Oct  1 09:17:29 2026] caninos-dwmac e0220000.ethernet end0: Link is Up - 100Mbps/Full - flow control off
[Thu Oct  1 09:17:29 2026] caninos-dwmac e0220000.ethernet end0: Link is Down
[Thu Oct  1 09:17:32 2026] caninos-dwmac e0220000.ethernet end0: Link is Up - 100Mbps/Full - flow control off
[Thu Oct  1 09:18:15 2026] caninos-dwmac e0220000.ethernet end0: Link is Down
[Thu Oct  1 09:18:17 2026] caninos-dwmac e0220000.ethernet end0: Link is Up - 100Mbps/Full - flow control off
[Thu Oct  1 09:18:17 2026] caninos-dwmac e0220000.ethernet end0: Link is Down
[Thu Oct  1 09:18:20 2026] caninos-dwmac e0220000.ethernet end0: Link is Up - 100Mbps/Full - flow control off
[Thu Oct  1 09:19:03 2026] caninos-dwmac e0220000.ethernet end0: Link is Down
[Thu Oct  1 09:19:06 2026] caninos-dwmac e0220000.ethernet end0: Link is Up - 100Mbps/Full - flow control off
[Thu Oct  1 09:19:06 2026] caninos-dwmac e0220000.ethernet end0: Link is Down
[Thu Oct  1 09:19:09 2026] caninos-dwmac e0220000.ethernet end0: Link is Up - 100Mbps/Full - flow control off
",,,data/runs/20261001T151649Z/hosts/192.168.50.195/raw.txt,
node13,192.168.50.144,True,0,lab7,11b02da9cc614528b947d24bad602e6d,"Caninos Labrador 7 (Base 2.1) 
caninos,k7

cat: /proc/device-tree/serial-number: No such file or directory

",Caninos Labrador 7 (Base 2.1),aarch64,4,"Linux lab7 6.1.76 #1 SMP Fri Feb 28 17:06:14 UTC 2025 aarch64 GNU/Linux
Architecture:                       aarch64
CPU op-mode(s):                     32-bit, 64-bit
Byte Order:                         Little Endian
CPU(s):                             4
On-line CPU(s) list:                0-3
Vendor ID:                          ARM
Model name:                         Cortex-A53
Model:                              4
Thread(s) per core:                 1
Core(s) per cluster:                4
Socket(s):                          -
Cluster(s):                         1
Stepping:                           r0p4
BogoMIPS:                           48.00
Flags:                              fp asimd evtstrm crc32 cpuid
Vulnerability Gather data sampling: Not affected
Vulnerability Itlb multihit:        Not affected
Vulnerability L1tf:                 Not affected
Vulnerability Mds:                  Not affected
Vulnerability Meltdown:             Not affected
Vulnerability Mmio stale data:      Not affected
Vulnerability Retbleed:             Not affected
Vulnerability Spec rstack overflow: Not affected
Vulnerability Spec store bypass:    Not affected
Vulnerability Spectre v1:           Mitigation; __user pointer sanitization
Vulnerability Spectre v2:           Not affected
Vulnerability Srbds:                Not affected
Vulnerability Tsx async abort:      Not affected
processor	: 0
BogoMIPS	: 48.00
Features	: fp asimd evtstrm crc32 cpuid
processor	: 1
BogoMIPS	: 48.00
Features	: fp asimd evtstrm crc32 cpuid
processor	: 2
BogoMIPS	: 48.00
Features	: fp asimd evtstrm crc32 cpuid
processor	: 3
BogoMIPS	: 48.00
Features	: fp asimd evtstrm crc32 cpuid
","PRETTY_NAME=""Debian GNU/Linux 12 (bookworm)""
NAME=""Debian GNU/Linux""
VERSION_ID=""12""
VERSION=""12 (bookworm)""
VERSION_CODENAME=bookworm
ID=debian
HOME_URL=""https://www.debian.org/""
SUPPORT_URL=""https://www.debian.org/support""
BUG_REPORT_URL=""https://bugs.debian.org/""
6.1.76
2026-09-26 12:09:53
 12:17:07 up 5 days, 7 min,  1 user,  load average: 0.24, 0.18, 0.18
2026-10-01T15:17:07Z
","               total        used        free      shared  buff/cache   available
Mem:      2034073600   226996224  1487269888     2985984   402231296  1807077376
Swap:              0           0           0
bash: line 9: swapon: command not found
MemTotal:        1986400 kB
MemFree:         1452160 kB
MemAvailable:    1764472 kB
Buffers:           68012 kB
Cached:           293544 kB
SwapCached:            0 kB
Active:           161596 kB
Inactive:         242404 kB
Active(anon):       2784 kB
Inactive(anon):    42576 kB
Active(file):     158812 kB
Inactive(file):   199828 kB
Unevictable:           0 kB
Mlocked:               0 kB
SwapTotal:             0 kB
SwapFree:              0 kB
Zswap:                 0 kB
Zswapped:              0 kB
Dirty:               352 kB
Writeback:             0 kB
AnonPages:         42492 kB
Mapped:            73040 kB
Shmem:              2916 kB
KReclaimable:      31248 kB
Slab:              58832 kB
SReclaimable:      31248 kB
SUnreclaim:        27584 kB
KernelStack:        2096 kB
PageTables:         1640 kB
SecPageTables:         0 kB
","ALIGNMENT DISC-ALN DAX DISC-GRAN DISC-MAX DISC-ZERO FSAVAIL FSROOTS FSSIZE FSTYPE FSUSED FSUSE% FSVER GROUP HCTL HOTPLUG KNAME     LABEL LOG-SEC MAJ:MIN MIN-IO MODE       MODEL NAME        OPT-IO OWNER PARTFLAGS PARTLABEL PARTTYPE PARTTYPENAME PARTUUID                             PATH           PHY-SEC PKNAME  PTTYPE PTUUID                                RA RAND  REV RM RO ROTA RQ-SIZE SCHED       SERIAL      SIZE START STATE SUBSYSTEMS                  MOUNTPOINT MOUNTPOINTS TRAN TYPE UUID                                 VENDOR WSAME WWN ZONED ZONE-SZ ZONE-WGRAN ZONE-APP ZONE-NR ZONE-OMAX ZONE-AMAX
        0        0   0        0B       0B         0                                                   disk             0 nbd0                512  43:0      512 brw-rw----       nbd0             0 root                                                                                 /dev/nbd0          512                                                     128    0       0  0    0     256 mq-deadline               0B             block                                                   disk                                                0B     none       0B         0B       0B       0         0         0
        0        0   0        0B       0B         0                                                   disk             0 nbd1                512  43:32     512 brw-rw----       nbd1             0 root                                                                                 /dev/nbd1          512                                                     128    0       0  0    0     256 mq-deadline               0B             block                                                   disk                                                0B     none       0B         0B       0B       0         0         0
        0        0   0        0B       0B         0                                                   disk             0 nbd2                512  43:64     512 brw-rw----       nbd2             0 root                                                                                 /dev/nbd2          512                                                     128    0       0  0    0     256 mq-deadline               0B             block                                                   disk                                                0B     none       0B         0B       0B       0         0         0
        0        0   0        0B       0B         0                                                   disk             0 nbd3                512  43:96     512 brw-rw----       nbd3             0 root                                                                                 /dev/nbd3          512                                                     128    0       0  0    0     256 mq-deadline               0B             block                                                   disk                                                0B     none       0B         0B       0B       0         0         0
        0        0   0        0B       0B         0                                                   disk             0 nbd4                512  43:128    512 brw-rw----       nbd4             0 root                                                                                 /dev/nbd4          512                                                     128    0       0  0    0     256 mq-deadline               0B             block                                                   disk                                                0B     none       0B         0B       0B       0         0         0
        0        0   0        0B       0B         0                                                   disk             0 nbd5                512  43:160    512 brw-rw----       nbd5             0 root                                                                                 /dev/nbd5          512                                                     128    0       0  0    0     256 mq-deadline               0B             block                                                   disk                                                0B     none       0B         0B       0B       0         0         0
        0        0   0        0B       0B         0                                                   disk             0 nbd6                512  43:192    512 brw-rw----       nbd6             0 root                                                                                 /dev/nbd6          512                                                     128    0       0  0    0     256 mq-deadline               0B             block                                                   disk                                                0B     none       0B         0B       0B       0         0         0
        0        0   0        0B       0B         0                                                   disk             0 nbd7                512  43:224    512 brw-rw----       nbd7             0 root                                                                                 /dev/nbd7          512                                                     128    0       0  0    0     256 mq-deadline               0B             block                                                   disk                                                0B     none       0B         0B       0B       0         0         0
        0        0   0        4M    49.5M         0                                                   disk             1 mmcblk2             512 179:0      512 brw-rw----       mmcblk2          0 root                                                                                 /dev/mmcblk2       512         dos    e525fa0e                             128    0  0x8  0  0    0     128 mq-deadline 0xcb1c0105 14.6G             block:mmc:mmc_host:platform                             disk                                                0B     none       0B         0B       0B       0         0         0
        0  3145728   0        4M    49.5M         0    9.5G /        14.2G ext4       4G    28% 1.0   disk             1 mmcblk2p1           512 179:1      512 brw-rw----       └─mmcblk2p1      0 root  0x80                0x83     Linux        e525fa0e-01                          /dev/mmcblk2p1     512 mmcblk2 dos    e525fa0e                             128    0       0  0    0     128 mq-deadline            14.6G  2048       block:mmc:mmc_host:platform /          /                part 70de4887-e23d-496f-9207-0664659f23ba           0B     none       0B         0B       0B       0         0         0
        0        0   0        0B       0B         0                                                   disk             0 nullb0              512 253:0      512 brw-rw----       nullb0           0 root                                                                                 /dev/nullb0        512                                                     128    0       0  0    0      64 none                    250G             block                                                   disk                                                0B     none       0B         0B       0B       0         0         0
        0        0   0        0B       0B         0                                                   disk             0 nbd8                512  43:256    512 brw-rw----       nbd8             0 root                                                                                 /dev/nbd8          512                                                     128    0       0  0    0     256 mq-deadline               0B             block                                                   disk                                                0B     none       0B         0B       0B       0         0         0
        0        0   0        0B       0B         0                                                   disk             0 nbd9                512  43:288    512 brw-rw----       nbd9             0 root                                                                                 /dev/nbd9          512                                                     128    0       0  0    0     256 mq-deadline               0B             block                                                   disk                                                0B     none       0B         0B       0B       0         0         0
        0        0   0        0B       0B         0                                                   disk             0 nbd10               512  43:320    512 brw-rw----       nbd10            0 root                                                                                 /dev/nbd10         512                                                     128    0       0  0    0     256 mq-deadline               0B             block                                                   disk                                                0B     none       0B         0B       0B       0         0         0
        0        0   0        0B       0B         0                                                   disk             0 nbd11               512  43:352    512 brw-rw----       nbd11            0 root                                                                                 /dev/nbd11         512                                                     128    0       0  0    0     256 mq-deadline               0B             block                                                   disk                                                0B     none       0B         0B       0B       0         0         0
        0        0   0        0B       0B         0                                                   disk             0 nbd12               512  43:384    512 brw-rw----       nbd12            0 root                                                                                 /dev/nbd12         512                                                     128    0       0  0    0     256 mq-deadline               0B             block                                                   disk                                                0B     none       0B         0B       0B       0         0         0
        0        0   0        0B       0B         0                                                   disk             0 nbd13               512  43:416    512 brw-rw----       nbd13            0 root                                                                                 /dev/nbd13         512                                                     128    0       0  0    0     256 mq-deadline               0B             block                                                   disk                                                0B     none       0B         0B       0B       0         0         0
        0        0   0        0B       0B         0                                                   disk             0 nbd14               512  43:448    512 brw-rw----       nbd14            0 root                                                                                 /dev/nbd14         512                                                     128    0       0  0    0     256 mq-deadline               0B             block                                                   disk                                                0B     none       0B         0B       0B       0         0         0
        0        0   0        0B       0B         0                                                   disk             0 nbd15               512  43:480    512 brw-rw----       nbd15            0 root                                                                                 /dev/nbd15         512                                                     128    0       0  0    0     256 mq-deadline               0B             block                                                   disk                                                0B     none       0B         0B       0B       0         0         0
Filesystem     Type      Size  Used Avail Use% Mounted on
/dev/root      ext4       15G  4.0G  9.5G  30% /
devtmpfs       devtmpfs  712M     0  712M   0% /dev
tmpfs          tmpfs     970M     0  970M   0% /dev/shm
tmpfs          tmpfs     388M  2.9M  386M   1% /run
tmpfs          tmpfs     5.0M     0  5.0M   0% /run/lock
tmpfs          tmpfs     194M     0  194M   0% /run/user/1000
","[{""ifindex"":1,""ifname"":""lo"",""flags"":[""LOOPBACK"",""UP"",""LOWER_UP""],""mtu"":65536,""qdisc"":""noqueue"",""operstate"":""UNKNOWN"",""group"":""default"",""txqlen"":1000,""link_type"":""loopback"",""address"":""00:00:00:00:00:00"",""broadcast"":""00:00:00:00:00:00"",""addr_info"":[{""family"":""inet"",""local"":""127.0.0.1"",""prefixlen"":8,""scope"":""host"",""label"":""lo"",""valid_life_time"":4294967295,""preferred_life_time"":4294967295},{""family"":""inet6"",""local"":""::1"",""prefixlen"":128,""scope"":""host"",""noprefixroute"":true,""valid_life_time"":4294967295,""preferred_life_time"":4294967295}]},{""ifindex"":2,""link"":null,""ifname"":""tunl0"",""flags"":[""NOARP""],""mtu"":1480,""qdisc"":""noop"",""operstate"":""DOWN"",""group"":""default"",""txqlen"":1000,""link_type"":""ipip"",""address"":""0.0.0.0"",""broadcast"":""0.0.0.0"",""addr_info"":[]},{""ifindex"":3,""link"":null,""ifname"":""ip6tnl0"",""flags"":[""NOARP""],""mtu"":1452,""qdisc"":""noop"",""operstate"":""DOWN"",""group"":""default"",""txqlen"":1000,""link_type"":""tunnel6"",""address"":""::"",""broadcast"":""::"",""permaddr"":""26bd:62fa:c72f::"",""addr_info"":[]},{""ifindex"":4,""ifname"":""end0"",""flags"":[""BROADCAST"",""MULTICAST"",""UP"",""LOWER_UP""],""mtu"":1500,""qdisc"":""mq"",""operstate"":""UP"",""group"":""default"",""txqlen"":1000,""link_type"":""ether"",""address"":""3e:0a:4a:b6:58:f7"",""broadcast"":""ff:ff:ff:ff:ff:ff"",""addr_info"":[{""family"":""inet"",""local"":""192.168.50.7"",""prefixlen"":16,""broadcast"":""192.168.255.255"",""scope"":""global"",""noprefixroute"":true,""label"":""end0"",""valid_life_time"":4294967295,""preferred_life_time"":4294967295},{""family"":""inet"",""local"":""192.168.50.144"",""prefixlen"":24,""broadcast"":""192.168.50.255"",""scope"":""global"",""dynamic"":true,""noprefixroute"":true,""label"":""end0"",""valid_life_time"":6728,""preferred_life_time"":6728},{""family"":""inet6"",""local"":""fe80::cb47:546c:7290:6dc0"",""prefixlen"":64,""scope"":""link"",""noprefixroute"":true,""valid_life_time"":4294967295,""preferred_life_time"":4294967295}]}]
[{""ifindex"":1,""ifname"":""lo"",""flags"":[""LOOPBACK"",""UP"",""LOWER_UP""],""mtu"":65536,""qdisc"":""noqueue"",""operstate"":""UNKNOWN"",""linkmode"":""DEFAULT"",""group"":""default"",""txqlen"":1000,""link_type"":""loopback"",""address"":""00:00:00:00:00:00"",""broadcast"":""00:00:00:00:00:00""},{""ifindex"":2,""link"":null,""ifname"":""tunl0"",""flags"":[""NOARP""],""mtu"":1480,""qdisc"":""noop"",""operstate"":""DOWN"",""linkmode"":""DEFAULT"",""group"":""default"",""txqlen"":1000,""link_type"":""ipip"",""address"":""0.0.0.0"",""broadcast"":""0.0.0.0""},{""ifindex"":3,""link"":null,""ifname"":""ip6tnl0"",""flags"":[""NOARP""],""mtu"":1452,""qdisc"":""noop"",""operstate"":""DOWN"",""linkmode"":""DEFAULT"",""group"":""default"",""txqlen"":1000,""link_type"":""tunnel6"",""address"":""::"",""broadcast"":""::"",""permaddr"":""26bd:62fa:c72f::""},{""ifindex"":4,""ifname"":""end0"",""flags"":[""BROADCAST"",""MULTICAST"",""UP"",""LOWER_UP""],""mtu"":1500,""qdisc"":""mq"",""operstate"":""UP"",""linkmode"":""DEFAULT"",""group"":""default"",""txqlen"":1000,""link_type"":""ether"",""address"":""3e:0a:4a:b6:58:f7"",""broadcast"":""ff:ff:ff:ff:ff:ff""}]
[{""dst"":""default"",""gateway"":""192.168.50.1"",""dev"":""end0"",""protocol"":""dhcp"",""prefsrc"":""192.168.50.144"",""metric"":100,""flags"":[]},{""dst"":""192.168.0.0/16"",""dev"":""end0"",""protocol"":""kernel"",""scope"":""link"",""prefsrc"":""192.168.50.7"",""metric"":100,""flags"":[]},{""dst"":""192.168.50.0/24"",""dev"":""end0"",""protocol"":""kernel"",""scope"":""link"",""prefsrc"":""192.168.50.144"",""metric"":100,""flags"":[]}]
/sys/class/net/end0/address=3e:0a:4a:b6:58:f7
/sys/class/net/ip6tnl0/address=00:00:00:00:00:00:00:00:00:00:00:00:00:00:00:00
/sys/class/net/lo/address=00:00:00:00:00:00
/sys/class/net/tunl0/address=00:00:00:00
","IF=end0
bash: line 13: ethtool: command not found
4: end0: <BROADCAST,MULTICAST,UP,LOWER_UP> mtu 1500 qdisc mq state UP mode DEFAULT group default qlen 1000
    link/ether 3e:0a:4a:b6:58:f7 brd ff:ff:ff:ff:ff:ff
    RX:  bytes packets errors dropped  missed   mcast           
       6935106   50492      0       0       0       0 
    TX:  bytes packets errors dropped carrier collsns           
       2751630   20056      0       0       0       0 
IF=ip6tnl0
bash: line 13: ethtool: command not found
3: ip6tnl0@NONE: <NOARP> mtu 1452 qdisc noop state DOWN mode DEFAULT group default qlen 1000
    link/tunnel6 :: brd :: permaddr 26bd:62fa:c72f::
    RX:  bytes packets errors dropped  missed   mcast           
             0       0      0       0       0       0 
    TX:  bytes packets errors dropped carrier collsns           
             0       0      0       0       0       0 
IF=lo
bash: line 13: ethtool: command not found
1: lo: <LOOPBACK,UP,LOWER_UP> mtu 65536 qdisc noqueue state UNKNOWN mode DEFAULT group default qlen 1000
    link/loopback 00:00:00:00:00:00 brd 00:00:00:00:00:00
    RX:  bytes packets errors dropped  missed   mcast           
         88208     938      0       0       0       0 
    TX:  bytes packets errors dropped carrier collsns           
         88208     938      0       0       0       0 
IF=tunl0
bash: line 13: ethtool: command not found
2: tunl0@NONE: <NOARP> mtu 1480 qdisc noop state DOWN mode DEFAULT group default qlen 1000
    link/ipip 0.0.0.0 brd 0.0.0.0
    RX:  bytes packets errors dropped  missed   mcast           
             0       0      0       0       0       0 
    TX:  bytes packets errors dropped carrier collsns           
             0       0      0       0       0       0 
","0.24 0.18 0.18 1/126 10966
    PID COMMAND         %CPU %MEM     ELAPSED COMMAND
  10967 ps               100  0.1       00:00 ps -eo pid,comm,pcpu,pmem,etime,args --sort=-pcpu
  10923 systemd-hostnam 31.0  0.2       00:00 /lib/systemd/systemd-hostnamed
  10909 sshd             7.4  0.4       00:01 sshd: caninos [priv]
  10916 bash             6.1  0.1       00:00 bash -s
  10915 sshd             2.9  0.3       00:01 sshd: caninos@notty
  10067 kworker/0:2-eve  0.4  0.0    04:16:40 [kworker/0:2-events_power_efficient]
   9997 kworker/0:4-eve  0.4  0.0    04:32:55 [kworker/0:4-events]
   9914 kworker/0:3-mm_  0.1  0.0    04:48:48 [kworker/0:3-mm_percpu_wq]
    355 NetworkManager   0.0  0.9  5-00:07:05 /usr/sbin/NetworkManager --no-daemon
    280 systemd-timesyn  0.0  0.3  5-00:07:08 /lib/systemd/systemd-timesyncd
      1 systemd          0.0  0.6  5-00:07:15 /sbin/init
    233 systemd-journal  0.0  3.4  5-00:07:10 /lib/systemd/systemd-journald
  10898 kworker/3:1-eve  0.0  0.0       04:57 [kworker/3:1-events]
  10884 kworker/1:1-eve  0.0  0.0       06:26 [kworker/1:1-events]
  10730 kworker/2:2-eve  0.0  0.0       28:28 [kworker/2:2-events]
  10756 kworker/3:0-mm_  0.0  0.0       09:59 [kworker/3:0-mm_percpu_wq]
   9566 kworker/2:2H-mm  0.0  0.0    05:57:25 [kworker/2:2H-mmc_complete]
    336 dbus-daemon      0.0  0.2  5-00:07:06 /usr/bin/dbus-daemon --system --address=systemd: --nofork --nopidfile --systemd-activation --syslog-only
    339 rsyslogd         0.0  0.2  5-00:07:06 /usr/sbin/rsyslogd -n -iNONE
     40 kcompactd0       0.0  0.0  5-00:07:15 [kcompactd0]
   5930 systemd          0.0  0.5    19:42:53 /lib/systemd/systemd --user
  10358 kworker/1:0H-kb  0.0  0.0    03:08:58 [kworker/1:0H-kblockd]
   9730 kworker/0:0H-kb  0.0  0.0    05:31:58 [kworker/0:0H-kblockd]
  10739 kworker/u8:1-ev  0.0  0.0       19:03 [kworker/u8:1-events_unbound]
  UNIT                       LOAD   ACTIVE SUB     DESCRIPTION
  cron.service               loaded active running Regular background program processing daemon
  dbus.service               loaded active running D-Bus System Message Bus
  getty@tty1.service         loaded active running Getty on tty1
  led-udp.service            loaded active running LED UDP Control Service
  ModemManager.service       loaded active running Modem Manager
  NetworkManager.service     loaded active running Network Manager
  polkit.service             loaded active running Authorization Manager
  rsyslog.service            loaded active running System Logging Service
  serial-getty@ttyS3.service loaded active running Serial Getty on ttyS3
  ssh.service                loaded active running OpenBSD Secure Shell server
  systemd-hostnamed.service  loaded active running Hostname Service
  systemd-journald.service   loaded active running Journal Service
  systemd-logind.service     loaded active running User Login Management
  systemd-timesyncd.service  loaded active running Network Time Synchronization
  systemd-udevd.service      loaded active running Rule-based Manager for Device Events and Files
  user@1000.service          loaded active running User Manager for UID 1000

LOAD   = Reflects whether the unit definition was properly loaded.
ACTIVE = The high-level unit activation state, i.e. generalization of SUB.
SUB    = The low-level unit activation state, values depend on unit type.
16 loaded units listed.
","/sys/class/thermal/thermal_zone0/type=cpu-temp
/sys/class/thermal/thermal_zone1/type=gpu-temp
/sys/class/thermal/thermal_zone2/type=corelogic-temp
/sys/class/thermal/thermal_zone0/temp=37909
/sys/class/thermal/thermal_zone1/temp=74087
/sys/class/thermal/thermal_zone2/temp=20482
/sys/class/hwmon/hwmon0/name=cpu_temp
/sys/class/hwmon/hwmon1/name=gpu_temp
/sys/class/hwmon/hwmon2/name=corelogic_temp
/sys/class/hwmon/hwmon0/temp1_input=37909
/sys/class/hwmon/hwmon1/temp1_input=74087
/sys/class/hwmon/hwmon2/temp1_input=20482
","CMD=gcc PATH=/usr/bin/gcc
gcc (Debian 12.2.0-14+deb12u1) 12.2.0
Copyright (C) 2022 Free Software Foundation, Inc.
CMD=g++ PATH=/usr/bin/g++
g++ (Debian 12.2.0-14+deb12u1) 12.2.0
Copyright (C) 2022 Free Software Foundation, Inc.
CMD=clang PATH=/usr/bin/clang
Debian clang version 14.0.6
Target: aarch64-unknown-linux-gnu
CMD=make PATH=/usr/bin/make
GNU Make 4.3
Built for aarch64-unknown-linux-gnu
CMD=cmake PATH=/usr/bin/cmake
cmake version 3.25.1

CMD=python3 PATH=/usr/bin/python3
Python 3.11.2
CMD=python PATH=bash: line 14: python: command not found
CMD=git PATH=/usr/bin/git
git version 2.39.5
CMD=pip3 PATH=/usr/bin/pip3
pip 23.0.1 from /usr/lib/python3/dist-packages/pip (python 3.11)
CMD=llama-cli PATH=bash: line 14: llama-cli: command not found
CMD=llama-server PATH=bash: line 14: llama-server: command not found
CMD=ollama PATH=bash: line 14: ollama: command not found
CMD=vllm PATH=bash: line 14: vllm: command not found
CMD=torchrun PATH=bash: line 14: torchrun: command not found
CMD=mpirun PATH=bash: line 14: mpirun: command not found
CMD=iperf3 PATH=bash: line 14: iperf3: command not found
",,"[Thu Oct  1 09:06:23 2026] caninos-dwmac e0220000.ethernet end0: Link is Up - 100Mbps/Full - flow control off
[Thu Oct  1 09:06:23 2026] caninos-dwmac e0220000.ethernet end0: Link is Down
[Thu Oct  1 09:06:26 2026] caninos-dwmac e0220000.ethernet end0: Link is Up - 100Mbps/Full - flow control off
[Thu Oct  1 09:07:08 2026] caninos-dwmac e0220000.ethernet end0: Link is Down
[Thu Oct  1 09:07:11 2026] caninos-dwmac e0220000.ethernet end0: Link is Up - 100Mbps/Full - flow control off
[Thu Oct  1 09:07:11 2026] caninos-dwmac e0220000.ethernet end0: Link is Down
[Thu Oct  1 09:07:14 2026] caninos-dwmac e0220000.ethernet end0: Link is Up - 100Mbps/Full - flow control off
[Thu Oct  1 09:07:56 2026] caninos-dwmac e0220000.ethernet end0: Link is Down
[Thu Oct  1 09:08:00 2026] caninos-dwmac e0220000.ethernet end0: Link is Up - 100Mbps/Full - flow control off
[Thu Oct  1 09:08:00 2026] caninos-dwmac e0220000.ethernet end0: Link is Down
[Thu Oct  1 09:08:03 2026] caninos-dwmac e0220000.ethernet end0: Link is Up - 100Mbps/Full - flow control off
[Thu Oct  1 09:08:45 2026] caninos-dwmac e0220000.ethernet end0: Link is Down
[Thu Oct  1 09:08:49 2026] caninos-dwmac e0220000.ethernet end0: Link is Up - 100Mbps/Full - flow control off
[Thu Oct  1 09:08:49 2026] caninos-dwmac e0220000.ethernet end0: Link is Down
[Thu Oct  1 09:08:52 2026] caninos-dwmac e0220000.ethernet end0: Link is Up - 100Mbps/Full - flow control off
[Thu Oct  1 09:09:09 2026] caninos-dwmac e0220000.ethernet end0: Link is Down
[Thu Oct  1 09:09:24 2026] caninos-dwmac e0220000.ethernet end0: Link is Up - 100Mbps/Full - flow control off
[Thu Oct  1 09:09:24 2026] caninos-dwmac e0220000.ethernet end0: Link is Down
[Thu Oct  1 09:09:27 2026] caninos-dwmac e0220000.ethernet end0: Link is Up - 100Mbps/Full - flow control off
[Thu Oct  1 09:10:09 2026] caninos-dwmac e0220000.ethernet end0: Link is Down
[Thu Oct  1 09:10:13 2026] caninos-dwmac e0220000.ethernet end0: Link is Up - 100Mbps/Full - flow control off
[Thu Oct  1 09:10:13 2026] caninos-dwmac e0220000.ethernet end0: Link is Down
[Thu Oct  1 09:10:16 2026] caninos-dwmac e0220000.ethernet end0: Link is Up - 100Mbps/Full - flow control off
[Thu Oct  1 09:10:58 2026] caninos-dwmac e0220000.ethernet end0: Link is Down
[Thu Oct  1 09:11:02 2026] caninos-dwmac e0220000.ethernet end0: Link is Up - 100Mbps/Full - flow control off
[Thu Oct  1 09:11:02 2026] caninos-dwmac e0220000.ethernet end0: Link is Down
[Thu Oct  1 09:11:05 2026] caninos-dwmac e0220000.ethernet end0: Link is Up - 100Mbps/Full - flow control off
[Thu Oct  1 09:11:47 2026] caninos-dwmac e0220000.ethernet end0: Link is Down
[Thu Oct  1 09:11:51 2026] caninos-dwmac e0220000.ethernet end0: Link is Up - 100Mbps/Full - flow control off
[Thu Oct  1 09:11:51 2026] caninos-dwmac e0220000.ethernet end0: Link is Down
[Thu Oct  1 09:11:54 2026] caninos-dwmac e0220000.ethernet end0: Link is Up - 100Mbps/Full - flow control off
[Thu Oct  1 09:12:36 2026] caninos-dwmac e0220000.ethernet end0: Link is Down
[Thu Oct  1 09:12:40 2026] caninos-dwmac e0220000.ethernet end0: Link is Up - 100Mbps/Full - flow control off
[Thu Oct  1 09:12:40 2026] caninos-dwmac e0220000.ethernet end0: Link is Down
[Thu Oct  1 09:12:42 2026] caninos-dwmac e0220000.ethernet end0: Link is Up - 100Mbps/Full - flow control off
[Thu Oct  1 09:13:25 2026] caninos-dwmac e0220000.ethernet end0: Link is Down
[Thu Oct  1 09:13:29 2026] caninos-dwmac e0220000.ethernet end0: Link is Up - 100Mbps/Full - flow control off
[Thu Oct  1 09:13:29 2026] caninos-dwmac e0220000.ethernet end0: Link is Down
[Thu Oct  1 09:13:32 2026] caninos-dwmac e0220000.ethernet end0: Link is Up - 100Mbps/Full - flow control off
[Thu Oct  1 09:14:14 2026] caninos-dwmac e0220000.ethernet end0: Link is Down
[Thu Oct  1 09:14:18 2026] caninos-dwmac e0220000.ethernet end0: Link is Up - 100Mbps/Full - flow control off
[Thu Oct  1 09:14:18 2026] caninos-dwmac e0220000.ethernet end0: Link is Down
[Thu Oct  1 09:14:21 2026] caninos-dwmac e0220000.ethernet end0: Link is Up - 100Mbps/Full - flow control off
[Thu Oct  1 09:15:03 2026] caninos-dwmac e0220000.ethernet end0: Link is Down
[Thu Oct  1 09:15:06 2026] caninos-dwmac e0220000.ethernet end0: Link is Up - 100Mbps/Full - flow control off
[Thu Oct  1 09:15:06 2026] caninos-dwmac e0220000.ethernet end0: Link is Down
[Thu Oct  1 09:15:09 2026] caninos-dwmac e0220000.ethernet end0: Link is Up - 100Mbps/Full - flow control off
[Thu Oct  1 09:15:51 2026] caninos-dwmac e0220000.ethernet end0: Link is Down
[Thu Oct  1 09:15:54 2026] caninos-dwmac e0220000.ethernet end0: Link is Up - 100Mbps/Full - flow control off
[Thu Oct  1 09:15:54 2026] caninos-dwmac e0220000.ethernet end0: Link is Down
[Thu Oct  1 09:15:57 2026] caninos-dwmac e0220000.ethernet end0: Link is Up - 100Mbps/Full - flow control off
[Thu Oct  1 09:16:39 2026] caninos-dwmac e0220000.ethernet end0: Link is Down
[Thu Oct  1 09:16:43 2026] caninos-dwmac e0220000.ethernet end0: Link is Up - 100Mbps/Full - flow control off
[Thu Oct  1 09:16:43 2026] caninos-dwmac e0220000.ethernet end0: Link is Down
[Thu Oct  1 09:16:46 2026] caninos-dwmac e0220000.ethernet end0: Link is Up - 100Mbps/Full - flow control off
[Thu Oct  1 09:17:28 2026] caninos-dwmac e0220000.ethernet end0: Link is Down
[Thu Oct  1 09:17:32 2026] caninos-dwmac e0220000.ethernet end0: Link is Up - 100Mbps/Full - flow control off
[Thu Oct  1 09:17:32 2026] caninos-dwmac e0220000.ethernet end0: Link is Down
[Thu Oct  1 09:17:35 2026] caninos-dwmac e0220000.ethernet end0: Link is Up - 100Mbps/Full - flow control off
[Thu Oct  1 09:18:17 2026] caninos-dwmac e0220000.ethernet end0: Link is Down
[Thu Oct  1 09:18:21 2026] caninos-dwmac e0220000.ethernet end0: Link is Up - 100Mbps/Full - flow control off
[Thu Oct  1 09:18:21 2026] caninos-dwmac e0220000.ethernet end0: Link is Down
[Thu Oct  1 09:18:23 2026] caninos-dwmac e0220000.ethernet end0: Link is Up - 100Mbps/Full - flow control off
[Thu Oct  1 09:19:06 2026] caninos-dwmac e0220000.ethernet end0: Link is Down
[Thu Oct  1 09:19:10 2026] caninos-dwmac e0220000.ethernet end0: Link is Up - 100Mbps/Full - flow control off
[Thu Oct  1 09:19:10 2026] caninos-dwmac e0220000.ethernet end0: Link is Down
[Thu Oct  1 09:19:13 2026] caninos-dwmac e0220000.ethernet end0: Link is Up - 100Mbps/Full - flow control off
",,,data/runs/20261001T151649Z/hosts/192.168.50.144/raw.txt,
node14,192.168.50.140,True,0,lab3,11b02da9cc614528b947d24bad602e6d,"Caninos Labrador 7 (Base 2.1) 
caninos,k7

cat: /proc/device-tree/serial-number: No such file or directory

",Caninos Labrador 7 (Base 2.1),aarch64,4,"Linux lab3 6.1.76 #1 SMP Fri Feb 28 17:06:14 UTC 2025 aarch64 GNU/Linux
Architecture:                       aarch64
CPU op-mode(s):                     32-bit, 64-bit
Byte Order:                         Little Endian
CPU(s):                             4
On-line CPU(s) list:                0-3
Vendor ID:                          ARM
Model name:                         Cortex-A53
Model:                              4
Thread(s) per core:                 1
Core(s) per cluster:                4
Socket(s):                          -
Cluster(s):                         1
Stepping:                           r0p4
BogoMIPS:                           48.00
Flags:                              fp asimd evtstrm crc32 cpuid
Vulnerability Gather data sampling: Not affected
Vulnerability Itlb multihit:        Not affected
Vulnerability L1tf:                 Not affected
Vulnerability Mds:                  Not affected
Vulnerability Meltdown:             Not affected
Vulnerability Mmio stale data:      Not affected
Vulnerability Retbleed:             Not affected
Vulnerability Spec rstack overflow: Not affected
Vulnerability Spec store bypass:    Not affected
Vulnerability Spectre v1:           Mitigation; __user pointer sanitization
Vulnerability Spectre v2:           Not affected
Vulnerability Srbds:                Not affected
Vulnerability Tsx async abort:      Not affected
processor	: 0
BogoMIPS	: 48.00
Features	: fp asimd evtstrm crc32 cpuid
processor	: 1
BogoMIPS	: 48.00
Features	: fp asimd evtstrm crc32 cpuid
processor	: 2
BogoMIPS	: 48.00
Features	: fp asimd evtstrm crc32 cpuid
processor	: 3
BogoMIPS	: 48.00
Features	: fp asimd evtstrm crc32 cpuid
","PRETTY_NAME=""Debian GNU/Linux 12 (bookworm)""
NAME=""Debian GNU/Linux""
VERSION_ID=""12""
VERSION=""12 (bookworm)""
VERSION_CODENAME=bookworm
ID=debian
HOME_URL=""https://www.debian.org/""
SUPPORT_URL=""https://www.debian.org/support""
BUG_REPORT_URL=""https://bugs.debian.org/""
6.1.76
2026-09-26 12:12:01
 12:17:08 up 5 days, 5 min,  1 user,  load average: 0.12, 0.17, 0.17
2026-10-01T15:17:08Z
","               total        used        free      shared  buff/cache   available
Mem:      2034073600   224284672  1490501632     2985984   401727488  1809788928
Swap:              0           0           0
bash: line 9: swapon: command not found
MemTotal:        1986400 kB
MemFree:         1455316 kB
MemAvailable:    1767120 kB
Buffers:           67188 kB
Cached:           293852 kB
SwapCached:            0 kB
Active:           161012 kB
Inactive:         244256 kB
Active(anon):       2768 kB
Inactive(anon):    44380 kB
Active(file):     158244 kB
Inactive(file):   199876 kB
Unevictable:           0 kB
Mlocked:               0 kB
SwapTotal:             0 kB
SwapFree:              0 kB
Zswap:                 0 kB
Zswapped:              0 kB
Dirty:               368 kB
Writeback:             0 kB
AnonPages:         41756 kB
Mapped:            72236 kB
Shmem:              2916 kB
KReclaimable:      31272 kB
Slab:              58844 kB
SReclaimable:      31272 kB
SUnreclaim:        27572 kB
KernelStack:        2096 kB
PageTables:         1668 kB
SecPageTables:         0 kB
","ALIGNMENT DISC-ALN DAX DISC-GRAN DISC-MAX DISC-ZERO FSAVAIL FSROOTS FSSIZE FSTYPE FSUSED FSUSE% FSVER GROUP HCTL HOTPLUG KNAME     LABEL LOG-SEC MAJ:MIN MIN-IO MODE       MODEL NAME        OPT-IO OWNER PARTFLAGS PARTLABEL PARTTYPE PARTTYPENAME PARTUUID                             PATH           PHY-SEC PKNAME  PTTYPE PTUUID                                RA RAND  REV RM RO ROTA RQ-SIZE SCHED       SERIAL      SIZE START STATE SUBSYSTEMS                  MOUNTPOINT MOUNTPOINTS TRAN TYPE UUID                                 VENDOR WSAME WWN ZONED ZONE-SZ ZONE-WGRAN ZONE-APP ZONE-NR ZONE-OMAX ZONE-AMAX
        0        0   0        0B       0B         0                                                   disk             0 nbd0                512  43:0      512 brw-rw----       nbd0             0 root                                                                                 /dev/nbd0          512                                                     128    0       0  0    0     256 mq-deadline               0B             block                                                   disk                                                0B     none       0B         0B       0B       0         0         0
        0        0   0        0B       0B         0                                                   disk             0 nbd1                512  43:32     512 brw-rw----       nbd1             0 root                                                                                 /dev/nbd1          512                                                     128    0       0  0    0     256 mq-deadline               0B             block                                                   disk                                                0B     none       0B         0B       0B       0         0         0
        0        0   0        0B       0B         0                                                   disk             0 nbd2                512  43:64     512 brw-rw----       nbd2             0 root                                                                                 /dev/nbd2          512                                                     128    0       0  0    0     256 mq-deadline               0B             block                                                   disk                                                0B     none       0B         0B       0B       0         0         0
        0        0   0        0B       0B         0                                                   disk             0 nbd3                512  43:96     512 brw-rw----       nbd3             0 root                                                                                 /dev/nbd3          512                                                     128    0       0  0    0     256 mq-deadline               0B             block                                                   disk                                                0B     none       0B         0B       0B       0         0         0
        0        0   0        0B       0B         0                                                   disk             0 nbd4                512  43:128    512 brw-rw----       nbd4             0 root                                                                                 /dev/nbd4          512                                                     128    0       0  0    0     256 mq-deadline               0B             block                                                   disk                                                0B     none       0B         0B       0B       0         0         0
        0        0   0        0B       0B         0                                                   disk             0 nbd5                512  43:160    512 brw-rw----       nbd5             0 root                                                                                 /dev/nbd5          512                                                     128    0       0  0    0     256 mq-deadline               0B             block                                                   disk                                                0B     none       0B         0B       0B       0         0         0
        0        0   0        0B       0B         0                                                   disk             0 nbd6                512  43:192    512 brw-rw----       nbd6             0 root                                                                                 /dev/nbd6          512                                                     128    0       0  0    0     256 mq-deadline               0B             block                                                   disk                                                0B     none       0B         0B       0B       0         0         0
        0        0   0        0B       0B         0                                                   disk             0 nbd7                512  43:224    512 brw-rw----       nbd7             0 root                                                                                 /dev/nbd7          512                                                     128    0       0  0    0     256 mq-deadline               0B             block                                                   disk                                                0B     none       0B         0B       0B       0         0         0
        0        0   0        4M    49.5M         0                                                   disk             1 mmcblk2             512 179:0      512 brw-rw----       mmcblk2          0 root                                                                                 /dev/mmcblk2       512         dos    c5c252e8                             128    0  0x8  0  0    0     128 mq-deadline 0xcb18018f 14.6G             block:mmc:mmc_host:platform                             disk                                                0B     none       0B         0B       0B       0         0         0
        0  3145728   0        4M    49.5M         0    9.5G /        14.2G ext4       4G    28% 1.0   disk             1 mmcblk2p1           512 179:1      512 brw-rw----       └─mmcblk2p1      0 root  0x80                0x83     Linux        c5c252e8-01                          /dev/mmcblk2p1     512 mmcblk2 dos    c5c252e8                             128    0       0  0    0     128 mq-deadline            14.6G  2048       block:mmc:mmc_host:platform /          /                part 940d45f5-0e11-4251-b45e-cf1f5a25aca6           0B     none       0B         0B       0B       0         0         0
        0        0   0        0B       0B         0                                                   disk             0 nullb0              512 253:0      512 brw-rw----       nullb0           0 root                                                                                 /dev/nullb0        512                                                     128    0       0  0    0      64 none                    250G             block                                                   disk                                                0B     none       0B         0B       0B       0         0         0
        0        0   0        0B       0B         0                                                   disk             0 nbd8                512  43:256    512 brw-rw----       nbd8             0 root                                                                                 /dev/nbd8          512                                                     128    0       0  0    0     256 mq-deadline               0B             block                                                   disk                                                0B     none       0B         0B       0B       0         0         0
        0        0   0        0B       0B         0                                                   disk             0 nbd9                512  43:288    512 brw-rw----       nbd9             0 root                                                                                 /dev/nbd9          512                                                     128    0       0  0    0     256 mq-deadline               0B             block                                                   disk                                                0B     none       0B         0B       0B       0         0         0
        0        0   0        0B       0B         0                                                   disk             0 nbd10               512  43:320    512 brw-rw----       nbd10            0 root                                                                                 /dev/nbd10         512                                                     128    0       0  0    0     256 mq-deadline               0B             block                                                   disk                                                0B     none       0B         0B       0B       0         0         0
        0        0   0        0B       0B         0                                                   disk             0 nbd11               512  43:352    512 brw-rw----       nbd11            0 root                                                                                 /dev/nbd11         512                                                     128    0       0  0    0     256 mq-deadline               0B             block                                                   disk                                                0B     none       0B         0B       0B       0         0         0
        0        0   0        0B       0B         0                                                   disk             0 nbd12               512  43:384    512 brw-rw----       nbd12            0 root                                                                                 /dev/nbd12         512                                                     128    0       0  0    0     256 mq-deadline               0B             block                                                   disk                                                0B     none       0B         0B       0B       0         0         0
        0        0   0        0B       0B         0                                                   disk             0 nbd13               512  43:416    512 brw-rw----       nbd13            0 root                                                                                 /dev/nbd13         512                                                     128    0       0  0    0     256 mq-deadline               0B             block                                                   disk                                                0B     none       0B         0B       0B       0         0         0
        0        0   0        0B       0B         0                                                   disk             0 nbd14               512  43:448    512 brw-rw----       nbd14            0 root                                                                                 /dev/nbd14         512                                                     128    0       0  0    0     256 mq-deadline               0B             block                                                   disk                                                0B     none       0B         0B       0B       0         0         0
        0        0   0        0B       0B         0                                                   disk             0 nbd15               512  43:480    512 brw-rw----       nbd15            0 root                                                                                 /dev/nbd15         512                                                     128    0       0  0    0     256 mq-deadline               0B             block                                                   disk                                                0B     none       0B         0B       0B       0         0         0
Filesystem     Type      Size  Used Avail Use% Mounted on
/dev/root      ext4       15G  4.1G  9.5G  30% /
devtmpfs       devtmpfs  712M     0  712M   0% /dev
tmpfs          tmpfs     970M     0  970M   0% /dev/shm
tmpfs          tmpfs     388M  2.9M  386M   1% /run
tmpfs          tmpfs     5.0M     0  5.0M   0% /run/lock
tmpfs          tmpfs     194M     0  194M   0% /run/user/1000
","[{""ifindex"":1,""ifname"":""lo"",""flags"":[""LOOPBACK"",""UP"",""LOWER_UP""],""mtu"":65536,""qdisc"":""noqueue"",""operstate"":""UNKNOWN"",""group"":""default"",""txqlen"":1000,""link_type"":""loopback"",""address"":""00:00:00:00:00:00"",""broadcast"":""00:00:00:00:00:00"",""addr_info"":[{""family"":""inet"",""local"":""127.0.0.1"",""prefixlen"":8,""scope"":""host"",""label"":""lo"",""valid_life_time"":4294967295,""preferred_life_time"":4294967295},{""family"":""inet6"",""local"":""::1"",""prefixlen"":128,""scope"":""host"",""noprefixroute"":true,""valid_life_time"":4294967295,""preferred_life_time"":4294967295}]},{""ifindex"":2,""link"":null,""ifname"":""tunl0"",""flags"":[""NOARP""],""mtu"":1480,""qdisc"":""noop"",""operstate"":""DOWN"",""group"":""default"",""txqlen"":1000,""link_type"":""ipip"",""address"":""0.0.0.0"",""broadcast"":""0.0.0.0"",""addr_info"":[]},{""ifindex"":3,""link"":null,""ifname"":""ip6tnl0"",""flags"":[""NOARP""],""mtu"":1452,""qdisc"":""noop"",""operstate"":""DOWN"",""group"":""default"",""txqlen"":1000,""link_type"":""tunnel6"",""address"":""::"",""broadcast"":""::"",""permaddr"":""ca0d:2abc:7cff::"",""addr_info"":[]},{""ifindex"":4,""ifname"":""end0"",""flags"":[""BROADCAST"",""MULTICAST"",""UP"",""LOWER_UP""],""mtu"":1500,""qdisc"":""mq"",""operstate"":""UP"",""group"":""default"",""txqlen"":1000,""link_type"":""ether"",""address"":""3e:0a:4a:b6:58:f3"",""broadcast"":""ff:ff:ff:ff:ff:ff"",""addr_info"":[{""family"":""inet"",""local"":""192.168.50.3"",""prefixlen"":16,""broadcast"":""192.168.255.255"",""scope"":""global"",""noprefixroute"":true,""label"":""end0"",""valid_life_time"":4294967295,""preferred_life_time"":4294967295},{""family"":""inet"",""local"":""192.168.50.140"",""prefixlen"":24,""broadcast"":""192.168.50.255"",""scope"":""global"",""dynamic"":true,""noprefixroute"":true,""label"":""end0"",""valid_life_time"":6694,""preferred_life_time"":6694},{""family"":""inet6"",""local"":""fe80::614a:67c1:61d2:6962"",""prefixlen"":64,""scope"":""link"",""noprefixroute"":true,""valid_life_time"":4294967295,""preferred_life_time"":4294967295}]}]
[{""ifindex"":1,""ifname"":""lo"",""flags"":[""LOOPBACK"",""UP"",""LOWER_UP""],""mtu"":65536,""qdisc"":""noqueue"",""operstate"":""UNKNOWN"",""linkmode"":""DEFAULT"",""group"":""default"",""txqlen"":1000,""link_type"":""loopback"",""address"":""00:00:00:00:00:00"",""broadcast"":""00:00:00:00:00:00""},{""ifindex"":2,""link"":null,""ifname"":""tunl0"",""flags"":[""NOARP""],""mtu"":1480,""qdisc"":""noop"",""operstate"":""DOWN"",""linkmode"":""DEFAULT"",""group"":""default"",""txqlen"":1000,""link_type"":""ipip"",""address"":""0.0.0.0"",""broadcast"":""0.0.0.0""},{""ifindex"":3,""link"":null,""ifname"":""ip6tnl0"",""flags"":[""NOARP""],""mtu"":1452,""qdisc"":""noop"",""operstate"":""DOWN"",""linkmode"":""DEFAULT"",""group"":""default"",""txqlen"":1000,""link_type"":""tunnel6"",""address"":""::"",""broadcast"":""::"",""permaddr"":""ca0d:2abc:7cff::""},{""ifindex"":4,""ifname"":""end0"",""flags"":[""BROADCAST"",""MULTICAST"",""UP"",""LOWER_UP""],""mtu"":1500,""qdisc"":""mq"",""operstate"":""UP"",""linkmode"":""DEFAULT"",""group"":""default"",""txqlen"":1000,""link_type"":""ether"",""address"":""3e:0a:4a:b6:58:f3"",""broadcast"":""ff:ff:ff:ff:ff:ff""}]
[{""dst"":""default"",""gateway"":""192.168.50.1"",""dev"":""end0"",""protocol"":""dhcp"",""prefsrc"":""192.168.50.140"",""metric"":100,""flags"":[]},{""dst"":""192.168.0.0/16"",""dev"":""end0"",""protocol"":""kernel"",""scope"":""link"",""prefsrc"":""192.168.50.3"",""metric"":100,""flags"":[]},{""dst"":""192.168.50.0/24"",""dev"":""end0"",""protocol"":""kernel"",""scope"":""link"",""prefsrc"":""192.168.50.140"",""metric"":100,""flags"":[]}]
/sys/class/net/end0/address=3e:0a:4a:b6:58:f3
/sys/class/net/ip6tnl0/address=00:00:00:00:00:00:00:00:00:00:00:00:00:00:00:00
/sys/class/net/lo/address=00:00:00:00:00:00
/sys/class/net/tunl0/address=00:00:00:00
","IF=end0
bash: line 13: ethtool: command not found
4: end0: <BROADCAST,MULTICAST,UP,LOWER_UP> mtu 1500 qdisc mq state UP mode DEFAULT group default qlen 1000
    link/ether 3e:0a:4a:b6:58:f3 brd ff:ff:ff:ff:ff:ff
    RX:  bytes packets errors dropped  missed   mcast           
       6710737   45926      0       0       0       0 
    TX:  bytes packets errors dropped carrier collsns           
       2719306   20021      0       0       0       0 
IF=ip6tnl0
bash: line 13: ethtool: command not found
3: ip6tnl0@NONE: <NOARP> mtu 1452 qdisc noop state DOWN mode DEFAULT group default qlen 1000
    link/tunnel6 :: brd :: permaddr ca0d:2abc:7cff::
    RX:  bytes packets errors dropped  missed   mcast           
             0       0      0       0       0       0 
    TX:  bytes packets errors dropped carrier collsns           
             0       0      0       0       0       0 
IF=lo
bash: line 13: ethtool: command not found
1: lo: <LOOPBACK,UP,LOWER_UP> mtu 65536 qdisc noqueue state UNKNOWN mode DEFAULT group default qlen 1000
    link/loopback 00:00:00:00:00:00 brd 00:00:00:00:00:00
    RX:  bytes packets errors dropped  missed   mcast           
         87370     922      0       0       0       0 
    TX:  bytes packets errors dropped carrier collsns           
         87370     922      0       0       0       0 
IF=tunl0
bash: line 13: ethtool: command not found
2: tunl0@NONE: <NOARP> mtu 1480 qdisc noop state DOWN mode DEFAULT group default qlen 1000
    link/ipip 0.0.0.0 brd 0.0.0.0
    RX:  bytes packets errors dropped  missed   mcast           
             0       0      0       0       0       0 
    TX:  bytes packets errors dropped carrier collsns           
             0       0      0       0       0       0 
","0.19 0.19 0.18 1/126 10527
    PID COMMAND         %CPU %MEM     ELAPSED COMMAND
  10528 ps               150  0.1       00:00 ps -eo pid,comm,pcpu,pmem,etime,args --sort=-pcpu
  10484 systemd-hostnam 30.9  0.2       00:00 /lib/systemd/systemd-hostnamed
  10470 sshd             7.3  0.4       00:01 sshd: caninos [priv]
  10477 bash             7.3  0.1       00:00 bash -s
  10476 sshd             3.0  0.3       00:01 sshd: caninos@notty
   9997 kworker/1:2+eve  0.4  0.0    03:08:18 [kworker/1:2+events_freezable]
   9931 kworker/1:0-eve  0.4  0.0    03:23:47 [kworker/1:0-events]
   9743 kworker/1:1-eve  0.1  0.0    04:06:55 [kworker/1:1-events_freezable]
    414 NetworkManager   0.0  0.9  5-00:04:58 /usr/sbin/NetworkManager --no-daemon
  10460 kworker/3:2-mm_  0.0  0.0       01:32 [kworker/3:2-mm_percpu_wq]
    279 systemd-timesyn  0.0  0.3  5-00:05:01 /lib/systemd/systemd-timesyncd
  10442 kworker/3:1-mm_  0.0  0.0       06:39 [kworker/3:1-mm_percpu_wq]
      1 systemd          0.0  0.6  5-00:05:08 /sbin/init
    246 systemd-journal  0.0  3.3  5-00:05:02 /lib/systemd/systemd-journald
    335 dbus-daemon      0.0  0.2  5-00:05:00 /usr/bin/dbus-daemon --system --address=systemd: --nofork --nopidfile --systemd-activation --syslog-only
  10458 kworker/0:2-eve  0.0  0.0       04:45 [kworker/0:2-events]
   9814 kworker/2:1H-mm  0.0  0.0    03:50:15 [kworker/2:1H-mmc_complete]
    338 rsyslogd         0.0  0.1  5-00:05:00 /usr/sbin/rsyslogd -n -iNONE
   9850 kworker/0:0H-kb  0.0  0.0    03:42:57 [kworker/0:0H-kblockd]
  10227 kworker/3:1H-kb  0.0  0.0       46:50 [kworker/3:1H-kblockd]
     40 kcompactd0       0.0  0.0  5-00:05:07 [kcompactd0]
   5646 systemd          0.0  0.5    20:05:31 /lib/systemd/systemd --user
  10302 kworker/u8:0-fl  0.0  0.0       17:07 [kworker/u8:0-flush-179:0]
     41 khugepaged       0.0  0.0  5-00:05:07 [khugepaged]
  UNIT                       LOAD   ACTIVE SUB     DESCRIPTION
  cron.service               loaded active running Regular background program processing daemon
  dbus.service               loaded active running D-Bus System Message Bus
  getty@tty1.service         loaded active running Getty on tty1
  led-udp.service            loaded active running LED UDP Control Service
  ModemManager.service       loaded active running Modem Manager
  NetworkManager.service     loaded active running Network Manager
  polkit.service             loaded active running Authorization Manager
  rsyslog.service            loaded active running System Logging Service
  serial-getty@ttyS3.service loaded active running Serial Getty on ttyS3
  ssh.service                loaded active running OpenBSD Secure Shell server
  systemd-hostnamed.service  loaded active running Hostname Service
  systemd-journald.service   loaded active running Journal Service
  systemd-logind.service     loaded active running User Login Management
  systemd-timesyncd.service  loaded active running Network Time Synchronization
  systemd-udevd.service      loaded active running Rule-based Manager for Device Events and Files
  user@1000.service          loaded active running User Manager for UID 1000

LOAD   = Reflects whether the unit definition was properly loaded.
ACTIVE = The high-level unit activation state, i.e. generalization of SUB.
SUB    = The low-level unit activation state, values depend on unit type.
16 loaded units listed.
","/sys/class/thermal/thermal_zone0/type=cpu-temp
/sys/class/thermal/thermal_zone1/type=gpu-temp
/sys/class/thermal/thermal_zone2/type=corelogic-temp
/sys/class/thermal/thermal_zone0/temp=87605
/sys/class/thermal/thermal_zone1/temp=87491
/sys/class/thermal/thermal_zone2/temp=91178
/sys/class/hwmon/hwmon0/name=cpu_temp
/sys/class/hwmon/hwmon1/name=gpu_temp
/sys/class/hwmon/hwmon2/name=corelogic_temp
/sys/class/hwmon/hwmon0/temp1_input=87605
/sys/class/hwmon/hwmon1/temp1_input=87491
/sys/class/hwmon/hwmon2/temp1_input=91178
","CMD=gcc PATH=/usr/bin/gcc
gcc (Debian 12.2.0-14+deb12u1) 12.2.0
Copyright (C) 2022 Free Software Foundation, Inc.
CMD=g++ PATH=/usr/bin/g++
g++ (Debian 12.2.0-14+deb12u1) 12.2.0
Copyright (C) 2022 Free Software Foundation, Inc.
CMD=clang PATH=/usr/bin/clang
Debian clang version 14.0.6
Target: aarch64-unknown-linux-gnu
CMD=make PATH=/usr/bin/make
GNU Make 4.3
Built for aarch64-unknown-linux-gnu
CMD=cmake PATH=/usr/bin/cmake
cmake version 3.25.1

CMD=python3 PATH=/usr/bin/python3
Python 3.11.2
CMD=python PATH=bash: line 14: python: command not found
CMD=git PATH=/usr/bin/git
git version 2.39.5
CMD=pip3 PATH=/usr/bin/pip3
pip 23.0.1 from /usr/lib/python3/dist-packages/pip (python 3.11)
CMD=llama-cli PATH=bash: line 14: llama-cli: command not found
CMD=llama-server PATH=bash: line 14: llama-server: command not found
CMD=ollama PATH=bash: line 14: ollama: command not found
CMD=vllm PATH=bash: line 14: vllm: command not found
CMD=torchrun PATH=bash: line 14: torchrun: command not found
CMD=mpirun PATH=bash: line 14: mpirun: command not found
CMD=iperf3 PATH=bash: line 14: iperf3: command not found
",,"[Thu Oct  1 09:05:12 2026] caninos-dwmac e0220000.ethernet end0: Link is Up - 100Mbps/Full - flow control off
[Thu Oct  1 09:05:12 2026] caninos-dwmac e0220000.ethernet end0: Link is Down
[Thu Oct  1 09:05:16 2026] caninos-dwmac e0220000.ethernet end0: Link is Up - 100Mbps/Full - flow control off
[Thu Oct  1 09:05:58 2026] caninos-dwmac e0220000.ethernet end0: Link is Down
[Thu Oct  1 09:06:01 2026] caninos-dwmac e0220000.ethernet end0: Link is Up - 100Mbps/Full - flow control off
[Thu Oct  1 09:06:01 2026] caninos-dwmac e0220000.ethernet end0: Link is Down
[Thu Oct  1 09:06:05 2026] caninos-dwmac e0220000.ethernet end0: Link is Up - 100Mbps/Full - flow control off
[Thu Oct  1 09:06:47 2026] caninos-dwmac e0220000.ethernet end0: Link is Down
[Thu Oct  1 09:06:49 2026] caninos-dwmac e0220000.ethernet end0: Link is Up - 100Mbps/Full - flow control off
[Thu Oct  1 09:06:49 2026] caninos-dwmac e0220000.ethernet end0: Link is Down
[Thu Oct  1 09:06:53 2026] caninos-dwmac e0220000.ethernet end0: Link is Up - 100Mbps/Full - flow control off
[Thu Oct  1 09:07:35 2026] caninos-dwmac e0220000.ethernet end0: Link is Down
[Thu Oct  1 09:07:38 2026] caninos-dwmac e0220000.ethernet end0: Link is Up - 100Mbps/Full - flow control off
[Thu Oct  1 09:07:38 2026] caninos-dwmac e0220000.ethernet end0: Link is Down
[Thu Oct  1 09:07:41 2026] caninos-dwmac e0220000.ethernet end0: Link is Up - 100Mbps/Full - flow control off
[Thu Oct  1 09:08:24 2026] caninos-dwmac e0220000.ethernet end0: Link is Down
[Thu Oct  1 09:08:27 2026] caninos-dwmac e0220000.ethernet end0: Link is Up - 100Mbps/Full - flow control off
[Thu Oct  1 09:08:27 2026] caninos-dwmac e0220000.ethernet end0: Link is Down
[Thu Oct  1 09:08:31 2026] caninos-dwmac e0220000.ethernet end0: Link is Up - 100Mbps/Full - flow control off
[Thu Oct  1 09:08:48 2026] caninos-dwmac e0220000.ethernet end0: Link is Down
[Thu Oct  1 09:09:04 2026] caninos-dwmac e0220000.ethernet end0: Link is Up - 100Mbps/Full - flow control off
[Thu Oct  1 09:09:04 2026] caninos-dwmac e0220000.ethernet end0: Link is Down
[Thu Oct  1 09:09:07 2026] caninos-dwmac e0220000.ethernet end0: Link is Up - 100Mbps/Full - flow control off
[Thu Oct  1 09:09:49 2026] caninos-dwmac e0220000.ethernet end0: Link is Down
[Thu Oct  1 09:09:51 2026] caninos-dwmac e0220000.ethernet end0: Link is Up - 100Mbps/Full - flow control off
[Thu Oct  1 09:09:51 2026] caninos-dwmac e0220000.ethernet end0: Link is Down
[Thu Oct  1 09:09:55 2026] caninos-dwmac e0220000.ethernet end0: Link is Up - 100Mbps/Full - flow control off
[Thu Oct  1 09:10:37 2026] caninos-dwmac e0220000.ethernet end0: Link is Down
[Thu Oct  1 09:10:39 2026] caninos-dwmac e0220000.ethernet end0: Link is Up - 100Mbps/Full - flow control off
[Thu Oct  1 09:10:39 2026] caninos-dwmac e0220000.ethernet end0: Link is Down
[Thu Oct  1 09:10:42 2026] caninos-dwmac e0220000.ethernet end0: Link is Up - 100Mbps/Full - flow control off
[Thu Oct  1 09:11:25 2026] caninos-dwmac e0220000.ethernet end0: Link is Down
[Thu Oct  1 09:11:28 2026] caninos-dwmac e0220000.ethernet end0: Link is Up - 100Mbps/Full - flow control off
[Thu Oct  1 09:11:28 2026] caninos-dwmac e0220000.ethernet end0: Link is Down
[Thu Oct  1 09:11:32 2026] caninos-dwmac e0220000.ethernet end0: Link is Up - 100Mbps/Full - flow control off
[Thu Oct  1 09:12:14 2026] caninos-dwmac e0220000.ethernet end0: Link is Down
[Thu Oct  1 09:12:17 2026] caninos-dwmac e0220000.ethernet end0: Link is Up - 100Mbps/Full - flow control off
[Thu Oct  1 09:12:17 2026] caninos-dwmac e0220000.ethernet end0: Link is Down
[Thu Oct  1 09:12:20 2026] caninos-dwmac e0220000.ethernet end0: Link is Up - 100Mbps/Full - flow control off
[Thu Oct  1 09:13:03 2026] caninos-dwmac e0220000.ethernet end0: Link is Down
[Thu Oct  1 09:13:06 2026] caninos-dwmac e0220000.ethernet end0: Link is Up - 100Mbps/Full - flow control off
[Thu Oct  1 09:13:06 2026] caninos-dwmac e0220000.ethernet end0: Link is Down
[Thu Oct  1 09:13:09 2026] caninos-dwmac e0220000.ethernet end0: Link is Up - 100Mbps/Full - flow control off
[Thu Oct  1 09:13:52 2026] caninos-dwmac e0220000.ethernet end0: Link is Down
[Thu Oct  1 09:13:55 2026] caninos-dwmac e0220000.ethernet end0: Link is Up - 100Mbps/Full - flow control off
[Thu Oct  1 09:13:55 2026] caninos-dwmac e0220000.ethernet end0: Link is Down
[Thu Oct  1 09:13:58 2026] caninos-dwmac e0220000.ethernet end0: Link is Up - 100Mbps/Full - flow control off
[Thu Oct  1 09:14:41 2026] caninos-dwmac e0220000.ethernet end0: Link is Down
[Thu Oct  1 09:14:44 2026] caninos-dwmac e0220000.ethernet end0: Link is Up - 100Mbps/Full - flow control off
[Thu Oct  1 09:14:44 2026] caninos-dwmac e0220000.ethernet end0: Link is Down
[Thu Oct  1 09:14:47 2026] caninos-dwmac e0220000.ethernet end0: Link is Up - 100Mbps/Full - flow control off
[Thu Oct  1 09:15:30 2026] caninos-dwmac e0220000.ethernet end0: Link is Down
[Thu Oct  1 09:15:33 2026] caninos-dwmac e0220000.ethernet end0: Link is Up - 100Mbps/Full - flow control off
[Thu Oct  1 09:15:33 2026] caninos-dwmac e0220000.ethernet end0: Link is Down
[Thu Oct  1 09:15:36 2026] caninos-dwmac e0220000.ethernet end0: Link is Up - 100Mbps/Full - flow control off
[Thu Oct  1 09:16:19 2026] caninos-dwmac e0220000.ethernet end0: Link is Down
[Thu Oct  1 09:16:22 2026] caninos-dwmac e0220000.ethernet end0: Link is Up - 100Mbps/Full - flow control off
[Thu Oct  1 09:16:22 2026] caninos-dwmac e0220000.ethernet end0: Link is Down
[Thu Oct  1 09:16:25 2026] caninos-dwmac e0220000.ethernet end0: Link is Up - 100Mbps/Full - flow control off
[Thu Oct  1 09:17:08 2026] caninos-dwmac e0220000.ethernet end0: Link is Down
[Thu Oct  1 09:17:11 2026] caninos-dwmac e0220000.ethernet end0: Link is Up - 100Mbps/Full - flow control off
[Thu Oct  1 09:17:11 2026] caninos-dwmac e0220000.ethernet end0: Link is Down
[Thu Oct  1 09:17:14 2026] caninos-dwmac e0220000.ethernet end0: Link is Up - 100Mbps/Full - flow control off
[Thu Oct  1 09:17:57 2026] caninos-dwmac e0220000.ethernet end0: Link is Down
[Thu Oct  1 09:17:59 2026] caninos-dwmac e0220000.ethernet end0: Link is Up - 100Mbps/Full - flow control off
[Thu Oct  1 09:17:59 2026] caninos-dwmac e0220000.ethernet end0: Link is Down
[Thu Oct  1 09:18:02 2026] caninos-dwmac e0220000.ethernet end0: Link is Up - 100Mbps/Full - flow control off
",,,data/runs/20261001T151649Z/hosts/192.168.50.140/raw.txt,
node15,192.168.50.54,True,0,lab5,11b02da9cc614528b947d24bad602e6d,"Caninos Labrador 7 (Base 2.1) 
caninos,k7

cat: /proc/device-tree/serial-number: No such file or directory

",Caninos Labrador 7 (Base 2.1),aarch64,4,"Linux lab5 6.1.76 #1 SMP Mon Jan 26 19:02:43 -03 2026 aarch64 GNU/Linux
Architecture:                       aarch64
CPU op-mode(s):                     32-bit, 64-bit
Byte Order:                         Little Endian
CPU(s):                             4
On-line CPU(s) list:                0-3
Vendor ID:                          ARM
Model name:                         Cortex-A53
Model:                              4
Thread(s) per core:                 1
Core(s) per cluster:                4
Socket(s):                          -
Cluster(s):                         1
Stepping:                           r0p4
BogoMIPS:                           48.00
Flags:                              fp asimd evtstrm crc32 cpuid
Vulnerability Gather data sampling: Not affected
Vulnerability Itlb multihit:        Not affected
Vulnerability L1tf:                 Not affected
Vulnerability Mds:                  Not affected
Vulnerability Meltdown:             Not affected
Vulnerability Mmio stale data:      Not affected
Vulnerability Retbleed:             Not affected
Vulnerability Spec rstack overflow: Not affected
Vulnerability Spec store bypass:    Not affected
Vulnerability Spectre v1:           Mitigation; __user pointer sanitization
Vulnerability Spectre v2:           Not affected
Vulnerability Srbds:                Not affected
Vulnerability Tsx async abort:      Not affected
processor	: 0
BogoMIPS	: 48.00
Features	: fp asimd evtstrm crc32 cpuid
processor	: 1
BogoMIPS	: 48.00
Features	: fp asimd evtstrm crc32 cpuid
processor	: 2
BogoMIPS	: 48.00
Features	: fp asimd evtstrm crc32 cpuid
processor	: 3
BogoMIPS	: 48.00
Features	: fp asimd evtstrm crc32 cpuid
","PRETTY_NAME=""Debian GNU/Linux 12 (bookworm)""
NAME=""Debian GNU/Linux""
VERSION_ID=""12""
VERSION=""12 (bookworm)""
VERSION_CODENAME=bookworm
ID=debian
HOME_URL=""https://www.debian.org/""
SUPPORT_URL=""https://www.debian.org/support""
BUG_REPORT_URL=""https://bugs.debian.org/""
6.1.76
2026-09-30 16:05:23
 12:17:10 up 20:11,  0 user,  load average: 2.33, 2.25, 2.20
2026-10-01T15:17:10Z
","               total        used        free      shared  buff/cache   available
Mem:      2033942528   365019136    69615616     3141632  1689722880  1668923392
Swap:              0           0           0
bash: line 9: swapon: command not found
MemTotal:        1986272 kB
MemFree:           67480 kB
MemAvailable:    1629428 kB
Buffers:           47768 kB
Cached:          1555924 kB
SwapCached:            0 kB
Active:           295876 kB
Inactive:        1478308 kB
Active(anon):       2880 kB
Inactive(anon):   170680 kB
Active(file):     292996 kB
Inactive(file):  1307628 kB
Unevictable:           0 kB
Mlocked:               0 kB
SwapTotal:             0 kB
SwapFree:              0 kB
Zswap:                 0 kB
Zswapped:              0 kB
Dirty:              1324 kB
Writeback:             0 kB
AnonPages:        166768 kB
Mapped:          1344108 kB
Shmem:              3068 kB
KReclaimable:      46552 kB
Slab:              78208 kB
SReclaimable:      46552 kB
SUnreclaim:        31656 kB
KernelStack:        2880 kB
PageTables:         5292 kB
SecPageTables:         0 kB
","ALIGNMENT DISC-ALN DAX DISC-GRAN DISC-MAX DISC-ZERO FSAVAIL FSROOTS FSSIZE FSTYPE FSUSED FSUSE% FSVER GROUP HCTL HOTPLUG KNAME     LABEL LOG-SEC MAJ:MIN MIN-IO MODE       MODEL NAME        OPT-IO OWNER PARTFLAGS PARTLABEL PARTTYPE PARTTYPENAME PARTUUID                             PATH           PHY-SEC PKNAME  PTTYPE PTUUID                                RA RAND  REV RM RO ROTA RQ-SIZE SCHED       SERIAL      SIZE START STATE SUBSYSTEMS                  MOUNTPOINT MOUNTPOINTS TRAN TYPE UUID                                 VENDOR WSAME WWN ZONED ZONE-SZ ZONE-WGRAN ZONE-APP ZONE-NR ZONE-OMAX ZONE-AMAX
        0        0   0        0B       0B         0                                                   disk             0 nbd0                512  43:0      512 brw-rw----       nbd0             0 root                                                                                 /dev/nbd0          512                                                     128    0       0  0    0     256 mq-deadline               0B             block                                                   disk                                                0B     none       0B         0B       0B       0         0         0
        0        0   0        0B       0B         0                                                   disk             0 nbd1                512  43:32     512 brw-rw----       nbd1             0 root                                                                                 /dev/nbd1          512                                                     128    0       0  0    0     256 mq-deadline               0B             block                                                   disk                                                0B     none       0B         0B       0B       0         0         0
        0        0   0        0B       0B         0                                                   disk             0 nbd2                512  43:64     512 brw-rw----       nbd2             0 root                                                                                 /dev/nbd2          512                                                     128    0       0  0    0     256 mq-deadline               0B             block                                                   disk                                                0B     none       0B         0B       0B       0         0         0
        0        0   0        0B       0B         0                                                   disk             0 nbd3                512  43:96     512 brw-rw----       nbd3             0 root                                                                                 /dev/nbd3          512                                                     128    0       0  0    0     256 mq-deadline               0B             block                                                   disk                                                0B     none       0B         0B       0B       0         0         0
        0        0   0        0B       0B         0                                                   disk             0 nbd4                512  43:128    512 brw-rw----       nbd4             0 root                                                                                 /dev/nbd4          512                                                     128    0       0  0    0     256 mq-deadline               0B             block                                                   disk                                                0B     none       0B         0B       0B       0         0         0
        0        0   0        0B       0B         0                                                   disk             0 nbd5                512  43:160    512 brw-rw----       nbd5             0 root                                                                                 /dev/nbd5          512                                                     128    0       0  0    0     256 mq-deadline               0B             block                                                   disk                                                0B     none       0B         0B       0B       0         0         0
        0        0   0        0B       0B         0                                                   disk             0 nbd6                512  43:192    512 brw-rw----       nbd6             0 root                                                                                 /dev/nbd6          512                                                     128    0       0  0    0     256 mq-deadline               0B             block                                                   disk                                                0B     none       0B         0B       0B       0         0         0
        0        0   0        0B       0B         0                                                   disk             0 nbd7                512  43:224    512 brw-rw----       nbd7             0 root                                                                                 /dev/nbd7          512                                                     128    0       0  0    0     256 mq-deadline               0B             block                                                   disk                                                0B     none       0B         0B       0B       0         0         0
        0        0   0        4M    49.5M         0                                                   disk             1 mmcblk2             512 179:0      512 brw-rw----       mmcblk2          0 root                                                                                 /dev/mmcblk2       512         dos    65066145                             128    0  0x8  0  0    0     128 mq-deadline 0xcb1c010f 14.6G             block:mmc:mmc_host:platform                             disk                                                0B     none       0B         0B       0B       0         0         0
        0  3145728   0        4M    49.5M         0    5.8G /        14.2G ext4     7.7G    54% 1.0   disk             1 mmcblk2p1           512 179:1      512 brw-rw----       └─mmcblk2p1      0 root  0x80                0x83     Linux        65066145-01                          /dev/mmcblk2p1     512 mmcblk2 dos    65066145                             128    0       0  0    0     128 mq-deadline            14.6G  2048       block:mmc:mmc_host:platform /          /                part 9bd20495-3270-4b70-be1e-3b2b519f0dce           0B     none       0B         0B       0B       0         0         0
        0        0   0        0B       0B         0                                                   disk             0 nullb0              512 253:0      512 brw-rw----       nullb0           0 root                                                                                 /dev/nullb0        512                                                     128    0       0  0    0      64 none                    250G             block                                                   disk                                                0B     none       0B         0B       0B       0         0         0
        0        0   0        0B       0B         0                                                   disk             0 nbd8                512  43:256    512 brw-rw----       nbd8             0 root                                                                                 /dev/nbd8          512                                                     128    0       0  0    0     256 mq-deadline               0B             block                                                   disk                                                0B     none       0B         0B       0B       0         0         0
        0        0   0        0B       0B         0                                                   disk             0 nbd9                512  43:288    512 brw-rw----       nbd9             0 root                                                                                 /dev/nbd9          512                                                     128    0       0  0    0     256 mq-deadline               0B             block                                                   disk                                                0B     none       0B         0B       0B       0         0         0
        0        0   0        0B       0B         0                                                   disk             0 nbd10               512  43:320    512 brw-rw----       nbd10            0 root                                                                                 /dev/nbd10         512                                                     128    0       0  0    0     256 mq-deadline               0B             block                                                   disk                                                0B     none       0B         0B       0B       0         0         0
        0        0   0        0B       0B         0                                                   disk             0 nbd11               512  43:352    512 brw-rw----       nbd11            0 root                                                                                 /dev/nbd11         512                                                     128    0       0  0    0     256 mq-deadline               0B             block                                                   disk                                                0B     none       0B         0B       0B       0         0         0
        0        0   0        0B       0B         0                                                   disk             0 nbd12               512  43:384    512 brw-rw----       nbd12            0 root                                                                                 /dev/nbd12         512                                                     128    0       0  0    0     256 mq-deadline               0B             block                                                   disk                                                0B     none       0B         0B       0B       0         0         0
        0        0   0        0B       0B         0                                                   disk             0 nbd13               512  43:416    512 brw-rw----       nbd13            0 root                                                                                 /dev/nbd13         512                                                     128    0       0  0    0     256 mq-deadline               0B             block                                                   disk                                                0B     none       0B         0B       0B       0         0         0
        0        0   0        0B       0B         0                                                   disk             0 nbd14               512  43:448    512 brw-rw----       nbd14            0 root                                                                                 /dev/nbd14         512                                                     128    0       0  0    0     256 mq-deadline               0B             block                                                   disk                                                0B     none       0B         0B       0B       0         0         0
        0        0   0        0B       0B         0                                                   disk             0 nbd15               512  43:480    512 brw-rw----       nbd15            0 root                                                                                 /dev/nbd15         512                                                     128    0       0  0    0     256 mq-deadline               0B             block                                                   disk                                                0B     none       0B         0B       0B       0         0         0
Filesystem     Type      Size  Used Avail Use% Mounted on
/dev/root      ext4       15G  7.7G  5.9G  57% /
devtmpfs       devtmpfs  712M     0  712M   0% /dev
tmpfs          tmpfs     970M     0  970M   0% /dev/shm
tmpfs          tmpfs     388M  3.0M  386M   1% /run
tmpfs          tmpfs     5.0M   12K  5.0M   1% /run/lock
tmpfs          tmpfs     194M   40K  194M   1% /run/user/1000
","[{""ifindex"":1,""ifname"":""lo"",""flags"":[""LOOPBACK"",""UP"",""LOWER_UP""],""mtu"":65536,""qdisc"":""noqueue"",""operstate"":""UNKNOWN"",""group"":""default"",""txqlen"":1000,""link_type"":""loopback"",""address"":""00:00:00:00:00:00"",""broadcast"":""00:00:00:00:00:00"",""addr_info"":[{""family"":""inet"",""local"":""127.0.0.1"",""prefixlen"":8,""scope"":""host"",""label"":""lo"",""valid_life_time"":4294967295,""preferred_life_time"":4294967295},{""family"":""inet6"",""local"":""::1"",""prefixlen"":128,""scope"":""host"",""noprefixroute"":true,""valid_life_time"":4294967295,""preferred_life_time"":4294967295}]},{""ifindex"":2,""link"":null,""ifname"":""tunl0"",""flags"":[""NOARP""],""mtu"":1480,""qdisc"":""noop"",""operstate"":""DOWN"",""group"":""default"",""txqlen"":1000,""link_type"":""ipip"",""address"":""0.0.0.0"",""broadcast"":""0.0.0.0"",""addr_info"":[]},{""ifindex"":3,""link"":null,""ifname"":""ip6tnl0"",""flags"":[""NOARP""],""mtu"":1452,""qdisc"":""noop"",""operstate"":""DOWN"",""group"":""default"",""txqlen"":1000,""link_type"":""tunnel6"",""address"":""::"",""broadcast"":""::"",""permaddr"":""2af5:5ab7:3a3b::"",""addr_info"":[]},{""ifindex"":4,""ifname"":""wlan0"",""flags"":[""NO-CARRIER"",""BROADCAST"",""MULTICAST"",""UP""],""mtu"":1500,""qdisc"":""mq"",""operstate"":""DOWN"",""group"":""default"",""txqlen"":1000,""link_type"":""ether"",""address"":""14:6b:9c:7c:46:c0"",""broadcast"":""ff:ff:ff:ff:ff:ff"",""addr_info"":[]},{""ifindex"":5,""ifname"":""end0"",""flags"":[""BROADCAST"",""MULTICAST"",""UP"",""LOWER_UP""],""mtu"":1500,""qdisc"":""mq"",""operstate"":""UP"",""group"":""default"",""txqlen"":1000,""link_type"":""ether"",""address"":""4e:e5:41:88:5a:f9"",""broadcast"":""ff:ff:ff:ff:ff:ff"",""addr_info"":[{""family"":""inet"",""local"":""192.168.50.54"",""prefixlen"":24,""broadcast"":""192.168.50.255"",""scope"":""global"",""dynamic"":true,""noprefixroute"":true,""label"":""end0"",""valid_life_time"":6374,""preferred_life_time"":6374}]}]
[{""ifindex"":1,""ifname"":""lo"",""flags"":[""LOOPBACK"",""UP"",""LOWER_UP""],""mtu"":65536,""qdisc"":""noqueue"",""operstate"":""UNKNOWN"",""linkmode"":""DEFAULT"",""group"":""default"",""txqlen"":1000,""link_type"":""loopback"",""address"":""00:00:00:00:00:00"",""broadcast"":""00:00:00:00:00:00""},{""ifindex"":2,""link"":null,""ifname"":""tunl0"",""flags"":[""NOARP""],""mtu"":1480,""qdisc"":""noop"",""operstate"":""DOWN"",""linkmode"":""DEFAULT"",""group"":""default"",""txqlen"":1000,""link_type"":""ipip"",""address"":""0.0.0.0"",""broadcast"":""0.0.0.0""},{""ifindex"":3,""link"":null,""ifname"":""ip6tnl0"",""flags"":[""NOARP""],""mtu"":1452,""qdisc"":""noop"",""operstate"":""DOWN"",""linkmode"":""DEFAULT"",""group"":""default"",""txqlen"":1000,""link_type"":""tunnel6"",""address"":""::"",""broadcast"":""::"",""permaddr"":""2af5:5ab7:3a3b::""},{""ifindex"":4,""ifname"":""wlan0"",""flags"":[""NO-CARRIER"",""BROADCAST"",""MULTICAST"",""UP""],""mtu"":1500,""qdisc"":""mq"",""operstate"":""DOWN"",""linkmode"":""DORMANT"",""group"":""default"",""txqlen"":1000,""link_type"":""ether"",""address"":""14:6b:9c:7c:46:c0"",""broadcast"":""ff:ff:ff:ff:ff:ff""},{""ifindex"":5,""ifname"":""end0"",""flags"":[""BROADCAST"",""MULTICAST"",""UP"",""LOWER_UP""],""mtu"":1500,""qdisc"":""mq"",""operstate"":""UP"",""linkmode"":""DEFAULT"",""group"":""default"",""txqlen"":1000,""link_type"":""ether"",""address"":""4e:e5:41:88:5a:f9"",""broadcast"":""ff:ff:ff:ff:ff:ff""}]
[{""dst"":""default"",""gateway"":""192.168.50.1"",""dev"":""end0"",""protocol"":""dhcp"",""prefsrc"":""192.168.50.54"",""metric"":100,""flags"":[]},{""dst"":""192.168.50.0/24"",""dev"":""end0"",""protocol"":""kernel"",""scope"":""link"",""prefsrc"":""192.168.50.54"",""metric"":100,""flags"":[]}]
/sys/class/net/end0/address=4e:e5:41:88:5a:f9
/sys/class/net/ip6tnl0/address=00:00:00:00:00:00:00:00:00:00:00:00:00:00:00:00
/sys/class/net/lo/address=00:00:00:00:00:00
/sys/class/net/tunl0/address=00:00:00:00
/sys/class/net/wlan0/address=14:6b:9c:7c:46:c0
","IF=end0
bash: line 13: ethtool: command not found
5: end0: <BROADCAST,MULTICAST,UP,LOWER_UP> mtu 1500 qdisc mq state UP mode DEFAULT group default qlen 1000
    link/ether 4e:e5:41:88:5a:f9 brd ff:ff:ff:ff:ff:ff
    RX:  bytes packets errors dropped  missed   mcast           
       6697162   44376      0       0       0       0 
    TX:  bytes packets errors dropped carrier collsns           
       2331462   15176      0       0       0       0 
IF=ip6tnl0
bash: line 13: ethtool: command not found
3: ip6tnl0@NONE: <NOARP> mtu 1452 qdisc noop state DOWN mode DEFAULT group default qlen 1000
    link/tunnel6 :: brd :: permaddr 2af5:5ab7:3a3b::
    RX:  bytes packets errors dropped  missed   mcast           
             0       0      0       0       0       0 
    TX:  bytes packets errors dropped carrier collsns           
             0       0      0       0       0       0 
IF=lo
bash: line 13: ethtool: command not found
1: lo: <LOOPBACK,UP,LOWER_UP> mtu 65536 qdisc noqueue state UNKNOWN mode DEFAULT group default qlen 1000
    link/loopback 00:00:00:00:00:00 brd 00:00:00:00:00:00
    RX:  bytes packets errors dropped  missed   mcast           
        212472    2101      0       0       0       0 
    TX:  bytes packets errors dropped carrier collsns           
        212472    2101      0       0       0       0 
IF=tunl0
bash: line 13: ethtool: command not found
2: tunl0@NONE: <NOARP> mtu 1480 qdisc noop state DOWN mode DEFAULT group default qlen 1000
    link/ipip 0.0.0.0 brd 0.0.0.0
    RX:  bytes packets errors dropped  missed   mcast           
             0       0      0       0       0       0 
    TX:  bytes packets errors dropped carrier collsns           
             0       0      0       0       0       0 
IF=wlan0
bash: line 13: ethtool: command not found
4: wlan0: <NO-CARRIER,BROADCAST,MULTICAST,UP> mtu 1500 qdisc mq state DOWN mode DORMANT group default qlen 1000
    link/ether 14:6b:9c:7c:46:c0 brd ff:ff:ff:ff:ff:ff
    RX:  bytes packets errors dropped  missed   mcast           
             0       0      0       0       0       0 
    TX:  bytes packets errors dropped carrier collsns           
             0       0      0       0       0       0 
","2.33 2.25 2.20 1/177 124521
    PID COMMAND         %CPU %MEM     ELAPSED COMMAND
 124522 ps               150  0.1       00:00 ps -eo pid,comm,pcpu,pmem,etime,args --sort=-pcpu
 124418 systemd         51.2  0.5       00:03 /lib/systemd/systemd --user
 124458 systemd-hostnam 29.7  0.2       00:01 /lib/systemd/systemd-hostnamed
 124437 wireplumber     28.7  0.8       00:01 /usr/bin/wireplumber
 124436 pipewire         8.5  0.3       00:01 /usr/bin/pipewire
 124438 pipewire-pulse   7.2  0.4       00:01 /usr/bin/pipewire-pulse
 124445 bash             5.6  0.1       00:01 bash -s
 124444 dbus-daemon      3.1  0.1       00:01 /usr/bin/dbus-daemon --session --address=systemd: --nofork --nopidfile --systemd-activation --syslog-only
 124415 sshd             3.0  0.4       00:03 sshd: caninos [priv]
 124443 sshd             1.5  0.3       00:01 sshd: caninos@notty
 120644 kworker/2:1-mm_  0.4  0.0       28:56 [kworker/2:1-mm_percpu_wq]
    384 NetworkManager   0.3  0.9    20:11:38 /usr/sbin/NetworkManager --no-daemon
 113706 kworker/2:0-mm_  0.3  0.0    01:28:43 [kworker/2:0-mm_percpu_wq]
 117759 kworker/2:3-eve  0.3  0.0       53:43 [kworker/2:3-events]
    472 RTW_CMD_THREAD   0.1  0.0    20:11:35 [RTW_CMD_THREAD]
    598 verifica_rede_l  0.1  0.1    20:10:55 /bin/bash /usr/local/bin/verifica_rede_led.sh
    368 dbus-daemon      0.0  0.2    20:11:39 /usr/bin/dbus-daemon --system --address=systemd: --nofork --nopidfile --systemd-activation --syslog-only
    235 systemd-journal  0.0  3.2    20:11:42 /lib/systemd/systemd-journald
    482 wpa_supplicant   0.0  0.5    20:11:35 /sbin/wpa_supplicant -u -s -O DIR=/run/wpa_supplicant GROUP=netdev
    597 llama-server     0.0 68.8    20:10:55 /home/caninos/llama-offline/llama.cpp/build/bin/llama-server --model /home/caninos/llama-offline/models/qwen2.5-1.5b-instruct-q5_k_m.gguf --host 0.0.0.0 --port 8080 --threads 4 --ctx-size 1024 --device none
    346 ksdioirqd/mmc1   0.0  0.0    20:11:39 [ksdioirqd/mmc1]
  47187 cups-browsed     0.0  0.6    12:16:48 /usr/sbin/cups-browsed
    371 rsyslogd         0.0  0.1    20:11:39 /usr/sbin/rsyslogd -n -iNONE
      1 systemd          0.0  0.6    20:11:47 /sbin/init
  UNIT                       LOAD   ACTIVE SUB     DESCRIPTION
  avahi-daemon.service       loaded active running Avahi mDNS/DNS-SD Stack
  bluetooth.service          loaded active running Bluetooth service
  colord.service             loaded active running Manage, Install and Generate Color Profiles
  cron.service               loaded active running Regular background program processing daemon
  cups-browsed.service       loaded active running Make remote CUPS printers available locally
  cups.service               loaded active running CUPS Scheduler
  dbus.service               loaded active running D-Bus System Message Bus
  getty@tty1.service         loaded active running Getty on tty1
  llama-server.service       loaded active running Servidor llama.cpp com Qwen2.5 1.5B
  ModemManager.service       loaded active running Modem Manager
  NetworkManager.service     loaded active running Network Manager
  polkit.service             loaded active running Authorization Manager
  rsyslog.service            loaded active running System Logging Service
  rtkit-daemon.service       loaded active running RealtimeKit Scheduling Policy Service
  serial-getty@ttyS3.service loaded active running Serial Getty on ttyS3
  ssh.service                loaded active running OpenBSD Secure Shell server
  systemd-hostnamed.service  loaded active running Hostname Service
  systemd-journald.service   loaded active running Journal Service
  systemd-logind.service     loaded active running User Login Management
  systemd-timesyncd.service  loaded active running Network Time Synchronization
  systemd-udevd.service      loaded active running Rule-based Manager for Device Events and Files
  user@1000.service          loaded active running User Manager for UID 1000
  verifica-rede-led.service  loaded active running Verifica rede end0 e controla LEDs da Labrador
  wifi_bt_start.service      loaded active running LSB: Bluetooth Start
  wpa_supplicant.service     loaded active running WPA supplicant

LOAD   = Reflects whether the unit definition was properly loaded.
ACTIVE = The high-level unit activation state, i.e. generalization of SUB.
SUB    = The low-level unit activation state, values depend on unit type.
25 loaded units listed.
","/sys/class/thermal/thermal_zone0/type=cpu-temp
/sys/class/thermal/thermal_zone1/type=gpu-temp
/sys/class/thermal/thermal_zone2/type=corelogic-temp
/sys/class/thermal/thermal_zone0/temp=78973
/sys/class/thermal/thermal_zone1/temp=94833
/sys/class/thermal/thermal_zone2/temp=72028
/sys/class/hwmon/hwmon0/name=cpu_temp
/sys/class/hwmon/hwmon1/name=gpu_temp
/sys/class/hwmon/hwmon2/name=corelogic_temp
/sys/class/hwmon/hwmon0/temp1_input=78973
/sys/class/hwmon/hwmon1/temp1_input=94833
/sys/class/hwmon/hwmon2/temp1_input=72028
","CMD=gcc PATH=/usr/bin/gcc
gcc (Debian 12.2.0-14+deb12u1) 12.2.0
Copyright (C) 2022 Free Software Foundation, Inc.
CMD=g++ PATH=/usr/bin/g++
g++ (Debian 12.2.0-14+deb12u1) 12.2.0
Copyright (C) 2022 Free Software Foundation, Inc.
CMD=clang PATH=bash: line 14: clang: command not found
CMD=make PATH=/usr/bin/make
GNU Make 4.3
Built for aarch64-unknown-linux-gnu
CMD=cmake PATH=/usr/bin/cmake
cmake version 3.25.1

CMD=python3 PATH=/usr/bin/python3
Python 3.11.2
CMD=python PATH=bash: line 14: python: command not found
CMD=git PATH=/usr/bin/git
git version 2.39.5
CMD=pip3 PATH=bash: line 14: pip3: command not found
CMD=llama-cli PATH=bash: line 14: llama-cli: command not found
CMD=llama-server PATH=bash: line 14: llama-server: command not found
CMD=ollama PATH=bash: line 14: ollama: command not found
CMD=vllm PATH=bash: line 14: vllm: command not found
CMD=torchrun PATH=bash: line 14: torchrun: command not found
CMD=mpirun PATH=/usr/bin/mpirun
mpirun (Open MPI) 4.1.4

CMD=iperf3 PATH=/usr/bin/iperf3
iperf 3.12 (cJSON 1.7.15)
Linux lab5 6.1.76 #1 SMP Mon Jan 26 19:02:43 -03 2026 aarch64
/home/caninos/llama-offline/llama.cpp/convert_llama_ggml_to_gguf.py 19112
",,"[Thu Oct  1 09:04:50 2026] caninos-dwmac e0220000.ethernet end0: Link is Up - 100Mbps/Full - flow control off
[Thu Oct  1 09:04:50 2026] caninos-dwmac e0220000.ethernet end0: Link is Down
[Thu Oct  1 09:04:53 2026] caninos-dwmac e0220000.ethernet end0: Link is Up - 100Mbps/Full - flow control off
[Thu Oct  1 09:05:35 2026] caninos-dwmac e0220000.ethernet end0: Link is Down
[Thu Oct  1 09:05:39 2026] caninos-dwmac e0220000.ethernet end0: Link is Up - 100Mbps/Full - flow control off
[Thu Oct  1 09:05:39 2026] caninos-dwmac e0220000.ethernet end0: Link is Down
[Thu Oct  1 09:05:42 2026] caninos-dwmac e0220000.ethernet end0: Link is Up - 100Mbps/Full - flow control off
[Thu Oct  1 09:06:24 2026] caninos-dwmac e0220000.ethernet end0: Link is Down
[Thu Oct  1 09:06:28 2026] caninos-dwmac e0220000.ethernet end0: Link is Up - 100Mbps/Full - flow control off
[Thu Oct  1 09:06:28 2026] caninos-dwmac e0220000.ethernet end0: Link is Down
[Thu Oct  1 09:06:31 2026] caninos-dwmac e0220000.ethernet end0: Link is Up - 100Mbps/Full - flow control off
[Thu Oct  1 09:07:13 2026] caninos-dwmac e0220000.ethernet end0: Link is Down
[Thu Oct  1 09:07:17 2026] caninos-dwmac e0220000.ethernet end0: Link is Up - 100Mbps/Full - flow control off
[Thu Oct  1 09:07:17 2026] caninos-dwmac e0220000.ethernet end0: Link is Down
[Thu Oct  1 09:07:19 2026] caninos-dwmac e0220000.ethernet end0: Link is Up - 100Mbps/Full - flow control off
[Thu Oct  1 09:08:02 2026] caninos-dwmac e0220000.ethernet end0: Link is Down
[Thu Oct  1 09:08:06 2026] caninos-dwmac e0220000.ethernet end0: Link is Up - 100Mbps/Full - flow control off
[Thu Oct  1 09:08:06 2026] caninos-dwmac e0220000.ethernet end0: Link is Down
[Thu Oct  1 09:08:09 2026] caninos-dwmac e0220000.ethernet end0: Link is Up - 100Mbps/Full - flow control off
[Thu Oct  1 09:08:51 2026] caninos-dwmac e0220000.ethernet end0: Link is Down
[Thu Oct  1 09:08:55 2026] caninos-dwmac e0220000.ethernet end0: Link is Up - 100Mbps/Full - flow control off
[Thu Oct  1 09:08:55 2026] caninos-dwmac e0220000.ethernet end0: Link is Down
[Thu Oct  1 09:08:58 2026] caninos-dwmac e0220000.ethernet end0: Link is Up - 100Mbps/Full - flow control off
[Thu Oct  1 09:09:08 2026] caninos-dwmac e0220000.ethernet end0: Link is Down
[Thu Oct  1 09:09:24 2026] caninos-dwmac e0220000.ethernet end0: Link is Up - 100Mbps/Full - flow control off
[Thu Oct  1 09:09:24 2026] caninos-dwmac e0220000.ethernet end0: Link is Down
[Thu Oct  1 09:09:27 2026] caninos-dwmac e0220000.ethernet end0: Link is Up - 100Mbps/Full - flow control off
[Thu Oct  1 09:10:09 2026] caninos-dwmac e0220000.ethernet end0: Link is Down
[Thu Oct  1 09:10:13 2026] caninos-dwmac e0220000.ethernet end0: Link is Up - 100Mbps/Full - flow control off
[Thu Oct  1 09:10:13 2026] caninos-dwmac e0220000.ethernet end0: Link is Down
[Thu Oct  1 09:10:16 2026] caninos-dwmac e0220000.ethernet end0: Link is Up - 100Mbps/Full - flow control off
[Thu Oct  1 09:10:58 2026] caninos-dwmac e0220000.ethernet end0: Link is Down
[Thu Oct  1 09:11:02 2026] caninos-dwmac e0220000.ethernet end0: Link is Up - 100Mbps/Full - flow control off
[Thu Oct  1 09:11:02 2026] caninos-dwmac e0220000.ethernet end0: Link is Down
[Thu Oct  1 09:11:05 2026] caninos-dwmac e0220000.ethernet end0: Link is Up - 100Mbps/Full - flow control off
[Thu Oct  1 09:11:47 2026] caninos-dwmac e0220000.ethernet end0: Link is Down
[Thu Oct  1 09:11:51 2026] caninos-dwmac e0220000.ethernet end0: Link is Up - 100Mbps/Full - flow control off
[Thu Oct  1 09:11:51 2026] caninos-dwmac e0220000.ethernet end0: Link is Down
[Thu Oct  1 09:11:54 2026] caninos-dwmac e0220000.ethernet end0: Link is Up - 100Mbps/Full - flow control off
[Thu Oct  1 09:12:36 2026] caninos-dwmac e0220000.ethernet end0: Link is Down
[Thu Oct  1 09:12:40 2026] caninos-dwmac e0220000.ethernet end0: Link is Up - 100Mbps/Full - flow control off
[Thu Oct  1 09:12:40 2026] caninos-dwmac e0220000.ethernet end0: Link is Down
[Thu Oct  1 09:12:43 2026] caninos-dwmac e0220000.ethernet end0: Link is Up - 100Mbps/Full - flow control off
[Thu Oct  1 09:13:25 2026] caninos-dwmac e0220000.ethernet end0: Link is Down
[Thu Oct  1 09:13:29 2026] caninos-dwmac e0220000.ethernet end0: Link is Up - 100Mbps/Full - flow control off
[Thu Oct  1 09:13:29 2026] caninos-dwmac e0220000.ethernet end0: Link is Down
[Thu Oct  1 09:13:32 2026] caninos-dwmac e0220000.ethernet end0: Link is Up - 100Mbps/Full - flow control off
[Thu Oct  1 09:14:14 2026] caninos-dwmac e0220000.ethernet end0: Link is Down
[Thu Oct  1 09:14:18 2026] caninos-dwmac e0220000.ethernet end0: Link is Up - 100Mbps/Full - flow control off
[Thu Oct  1 09:14:18 2026] caninos-dwmac e0220000.ethernet end0: Link is Down
[Thu Oct  1 09:14:21 2026] caninos-dwmac e0220000.ethernet end0: Link is Up - 100Mbps/Full - flow control off
[Thu Oct  1 09:15:03 2026] caninos-dwmac e0220000.ethernet end0: Link is Down
[Thu Oct  1 09:15:07 2026] caninos-dwmac e0220000.ethernet end0: Link is Up - 100Mbps/Full - flow control off
[Thu Oct  1 09:15:07 2026] caninos-dwmac e0220000.ethernet end0: Link is Down
[Thu Oct  1 09:15:10 2026] caninos-dwmac e0220000.ethernet end0: Link is Up - 100Mbps/Full - flow control off
[Thu Oct  1 09:15:52 2026] caninos-dwmac e0220000.ethernet end0: Link is Down
[Thu Oct  1 09:15:55 2026] caninos-dwmac e0220000.ethernet end0: Link is Up - 100Mbps/Full - flow control off
[Thu Oct  1 09:15:55 2026] caninos-dwmac e0220000.ethernet end0: Link is Down
[Thu Oct  1 09:15:58 2026] caninos-dwmac e0220000.ethernet end0: Link is Up - 100Mbps/Full - flow control off
[Thu Oct  1 09:16:40 2026] caninos-dwmac e0220000.ethernet end0: Link is Down
[Thu Oct  1 09:16:43 2026] caninos-dwmac e0220000.ethernet end0: Link is Up - 100Mbps/Full - flow control off
[Thu Oct  1 09:16:43 2026] caninos-dwmac e0220000.ethernet end0: Link is Down
[Thu Oct  1 09:16:46 2026] caninos-dwmac e0220000.ethernet end0: Link is Up - 100Mbps/Full - flow control off
[Thu Oct  1 09:17:28 2026] caninos-dwmac e0220000.ethernet end0: Link is Down
[Thu Oct  1 09:17:31 2026] caninos-dwmac e0220000.ethernet end0: Link is Up - 100Mbps/Full - flow control off
[Thu Oct  1 09:17:31 2026] caninos-dwmac e0220000.ethernet end0: Link is Down
[Thu Oct  1 09:17:34 2026] caninos-dwmac e0220000.ethernet end0: Link is Up - 100Mbps/Full - flow control off
[Thu Oct  1 09:18:16 2026] caninos-dwmac e0220000.ethernet end0: Link is Down
[Thu Oct  1 09:18:19 2026] caninos-dwmac e0220000.ethernet end0: Link is Up - 100Mbps/Full - flow control off
[Thu Oct  1 09:18:19 2026] caninos-dwmac e0220000.ethernet end0: Link is Down
[Thu Oct  1 09:18:22 2026] caninos-dwmac e0220000.ethernet end0: Link is Up - 100Mbps/Full - flow control off
[Thu Oct  1 10:04:30 2026] caninos-dwmac e0220000.ethernet end0: Link is Down
[Thu Oct  1 10:07:03 2026] caninos-dwmac e0220000.ethernet end0: Link is Up - 100Mbps/Full - flow control off
[Thu Oct  1 10:07:03 2026] caninos-dwmac e0220000.ethernet end0: Link is Down
[Thu Oct  1 10:07:06 2026] caninos-dwmac e0220000.ethernet end0: Link is Up - 100Mbps/Full - flow control off
",,,data/runs/20261001T151649Z/hosts/192.168.50.54/raw.txt,
node16,192.168.50.85,True,0,lab4,11b02da9cc614528b947d24bad602e6d,"Caninos Labrador 7 (Base 2.1) 
caninos,k7

cat: /proc/device-tree/serial-number: No such file or directory

",Caninos Labrador 7 (Base 2.1),aarch64,4,"Linux lab4 6.1.76 #1 SMP Fri Feb 28 17:06:14 UTC 2025 aarch64 GNU/Linux
Architecture:                       aarch64
CPU op-mode(s):                     32-bit, 64-bit
Byte Order:                         Little Endian
CPU(s):                             4
On-line CPU(s) list:                0-3
Vendor ID:                          ARM
Model name:                         Cortex-A53
Model:                              4
Thread(s) per core:                 1
Core(s) per cluster:                4
Socket(s):                          -
Cluster(s):                         1
Stepping:                           r0p4
BogoMIPS:                           48.00
Flags:                              fp asimd evtstrm crc32 cpuid
Vulnerability Gather data sampling: Not affected
Vulnerability Itlb multihit:        Not affected
Vulnerability L1tf:                 Not affected
Vulnerability Mds:                  Not affected
Vulnerability Meltdown:             Not affected
Vulnerability Mmio stale data:      Not affected
Vulnerability Retbleed:             Not affected
Vulnerability Spec rstack overflow: Not affected
Vulnerability Spec store bypass:    Not affected
Vulnerability Spectre v1:           Mitigation; __user pointer sanitization
Vulnerability Spectre v2:           Not affected
Vulnerability Srbds:                Not affected
Vulnerability Tsx async abort:      Not affected
processor	: 0
BogoMIPS	: 48.00
Features	: fp asimd evtstrm crc32 cpuid
processor	: 1
BogoMIPS	: 48.00
Features	: fp asimd evtstrm crc32 cpuid
processor	: 2
BogoMIPS	: 48.00
Features	: fp asimd evtstrm crc32 cpuid
processor	: 3
BogoMIPS	: 48.00
Features	: fp asimd evtstrm crc32 cpuid
","PRETTY_NAME=""Debian GNU/Linux 12 (bookworm)""
NAME=""Debian GNU/Linux""
VERSION_ID=""12""
VERSION=""12 (bookworm)""
VERSION_CODENAME=bookworm
ID=debian
HOME_URL=""https://www.debian.org/""
SUPPORT_URL=""https://www.debian.org/support""
BUG_REPORT_URL=""https://bugs.debian.org/""
6.1.76
2026-09-26 12:09:52
 12:17:14 up 5 days, 7 min,  2 users,  load average: 0.14, 0.17, 0.18
2026-10-01T15:17:14Z
","               total        used        free      shared  buff/cache   available
Mem:      2034073600   366993408    60174336     3014656  1691103232  1667080192
Swap:              0           0           0
bash: line 9: swapon: command not found
MemTotal:        1986400 kB
MemFree:           58512 kB
MemAvailable:    1627756 kB
Buffers:           64220 kB
Cached:          1552588 kB
SwapCached:            0 kB
Active:           828404 kB
Inactive:         945864 kB
Active(anon):       2780 kB
Inactive(anon):   157624 kB
Active(file):     825624 kB
Inactive(file):   788240 kB
Unevictable:           0 kB
Mlocked:               0 kB
SwapTotal:             0 kB
SwapFree:              0 kB
Zswap:                 0 kB
Zswapped:              0 kB
Dirty:               424 kB
Writeback:             0 kB
AnonPages:        156896 kB
Mapped:          1341256 kB
Shmem:              2944 kB
KReclaimable:      34660 kB
Slab:              79240 kB
SReclaimable:      34660 kB
SUnreclaim:        44580 kB
KernelStack:        2640 kB
PageTables:         5048 kB
SecPageTables:         0 kB
","ALIGNMENT DISC-ALN DAX DISC-GRAN DISC-MAX DISC-ZERO FSAVAIL FSROOTS FSSIZE FSTYPE FSUSED FSUSE% FSVER GROUP HCTL HOTPLUG KNAME     LABEL LOG-SEC MAJ:MIN MIN-IO MODE       MODEL NAME        OPT-IO OWNER PARTFLAGS PARTLABEL PARTTYPE PARTTYPENAME PARTUUID                             PATH           PHY-SEC PKNAME  PTTYPE PTUUID                                RA RAND  REV RM RO ROTA RQ-SIZE SCHED       SERIAL      SIZE START STATE SUBSYSTEMS                  MOUNTPOINT MOUNTPOINTS TRAN TYPE UUID                                 VENDOR WSAME WWN ZONED ZONE-SZ ZONE-WGRAN ZONE-APP ZONE-NR ZONE-OMAX ZONE-AMAX
        0        0   0        0B       0B         0                                                   disk             0 nbd0                512  43:0      512 brw-rw----       nbd0             0 root                                                                                 /dev/nbd0          512                                                     128    0       0  0    0     256 mq-deadline               0B             block                                                   disk                                                0B     none       0B         0B       0B       0         0         0
        0        0   0        0B       0B         0                                                   disk             0 nbd1                512  43:32     512 brw-rw----       nbd1             0 root                                                                                 /dev/nbd1          512                                                     128    0       0  0    0     256 mq-deadline               0B             block                                                   disk                                                0B     none       0B         0B       0B       0         0         0
        0        0   0        0B       0B         0                                                   disk             0 nbd2                512  43:64     512 brw-rw----       nbd2             0 root                                                                                 /dev/nbd2          512                                                     128    0       0  0    0     256 mq-deadline               0B             block                                                   disk                                                0B     none       0B         0B       0B       0         0         0
        0        0   0        0B       0B         0                                                   disk             0 nbd3                512  43:96     512 brw-rw----       nbd3             0 root                                                                                 /dev/nbd3          512                                                     128    0       0  0    0     256 mq-deadline               0B             block                                                   disk                                                0B     none       0B         0B       0B       0         0         0
        0        0   0        0B       0B         0                                                   disk             0 nbd4                512  43:128    512 brw-rw----       nbd4             0 root                                                                                 /dev/nbd4          512                                                     128    0       0  0    0     256 mq-deadline               0B             block                                                   disk                                                0B     none       0B         0B       0B       0         0         0
        0        0   0        0B       0B         0                                                   disk             0 nbd5                512  43:160    512 brw-rw----       nbd5             0 root                                                                                 /dev/nbd5          512                                                     128    0       0  0    0     256 mq-deadline               0B             block                                                   disk                                                0B     none       0B         0B       0B       0         0         0
        0        0   0        0B       0B         0                                                   disk             0 nbd6                512  43:192    512 brw-rw----       nbd6             0 root                                                                                 /dev/nbd6          512                                                     128    0       0  0    0     256 mq-deadline               0B             block                                                   disk                                                0B     none       0B         0B       0B       0         0         0
        0        0   0        0B       0B         0                                                   disk             0 nbd7                512  43:224    512 brw-rw----       nbd7             0 root                                                                                 /dev/nbd7          512                                                     128    0       0  0    0     256 mq-deadline               0B             block                                                   disk                                                0B     none       0B         0B       0B       0         0         0
        0        0   0        4M    49.5M         0                                                   disk             1 mmcblk2             512 179:0      512 brw-rw----       mmcblk2          0 root                                                                                 /dev/mmcblk2       512         dos    467d38ab                             128    0  0x8  0  0    0     128 mq-deadline 0xcb1c0144 14.6G             block:mmc:mmc_host:platform                             disk                                                0B     none       0B         0B       0B       0         0         0
        0  3145728   0        4M    49.5M         0    8.7G /        14.2G ext4     4.8G    34% 1.0   disk             1 mmcblk2p1           512 179:1      512 brw-rw----       └─mmcblk2p1      0 root  0x80                0x83     Linux        467d38ab-01                          /dev/mmcblk2p1     512 mmcblk2 dos    467d38ab                             128    0       0  0    0     128 mq-deadline            14.6G  2048       block:mmc:mmc_host:platform /          /                part dc88ef1d-5f28-40d8-b64a-f8b89dbfb413           0B     none       0B         0B       0B       0         0         0
        0        0   0        0B       0B         0                                                   disk             0 nullb0              512 253:0      512 brw-rw----       nullb0           0 root                                                                                 /dev/nullb0        512                                                     128    0       0  0    0      64 none                    250G             block                                                   disk                                                0B     none       0B         0B       0B       0         0         0
        0        0   0        0B       0B         0                                                   disk             0 nbd8                512  43:256    512 brw-rw----       nbd8             0 root                                                                                 /dev/nbd8          512                                                     128    0       0  0    0     256 mq-deadline               0B             block                                                   disk                                                0B     none       0B         0B       0B       0         0         0
        0        0   0        0B       0B         0                                                   disk             0 nbd9                512  43:288    512 brw-rw----       nbd9             0 root                                                                                 /dev/nbd9          512                                                     128    0       0  0    0     256 mq-deadline               0B             block                                                   disk                                                0B     none       0B         0B       0B       0         0         0
        0        0   0        0B       0B         0                                                   disk             0 nbd10               512  43:320    512 brw-rw----       nbd10            0 root                                                                                 /dev/nbd10         512                                                     128    0       0  0    0     256 mq-deadline               0B             block                                                   disk                                                0B     none       0B         0B       0B       0         0         0
        0        0   0        0B       0B         0                                                   disk             0 nbd11               512  43:352    512 brw-rw----       nbd11            0 root                                                                                 /dev/nbd11         512                                                     128    0       0  0    0     256 mq-deadline               0B             block                                                   disk                                                0B     none       0B         0B       0B       0         0         0
        0        0   0        0B       0B         0                                                   disk             0 nbd12               512  43:384    512 brw-rw----       nbd12            0 root                                                                                 /dev/nbd12         512                                                     128    0       0  0    0     256 mq-deadline               0B             block                                                   disk                                                0B     none       0B         0B       0B       0         0         0
        0        0   0        0B       0B         0                                                   disk             0 nbd13               512  43:416    512 brw-rw----       nbd13            0 root                                                                                 /dev/nbd13         512                                                     128    0       0  0    0     256 mq-deadline               0B             block                                                   disk                                                0B     none       0B         0B       0B       0         0         0
        0        0   0        0B       0B         0                                                   disk             0 nbd14               512  43:448    512 brw-rw----       nbd14            0 root                                                                                 /dev/nbd14         512                                                     128    0       0  0    0     256 mq-deadline               0B             block                                                   disk                                                0B     none       0B         0B       0B       0         0         0
        0        0   0        0B       0B         0                                                   disk             0 nbd15               512  43:480    512 brw-rw----       nbd15            0 root                                                                                 /dev/nbd15         512                                                     128    0       0  0    0     256 mq-deadline               0B             block                                                   disk                                                0B     none       0B         0B       0B       0         0         0
Filesystem     Type      Size  Used Avail Use% Mounted on
/dev/root      ext4       15G  4.8G  8.8G  36% /
devtmpfs       devtmpfs  712M     0  712M   0% /dev
tmpfs          tmpfs     970M     0  970M   0% /dev/shm
tmpfs          tmpfs     388M  2.9M  386M   1% /run
tmpfs          tmpfs     5.0M     0  5.0M   0% /run/lock
tmpfs          tmpfs     194M     0  194M   0% /run/user/1000
","[{""ifindex"":1,""ifname"":""lo"",""flags"":[""LOOPBACK"",""UP"",""LOWER_UP""],""mtu"":65536,""qdisc"":""noqueue"",""operstate"":""UNKNOWN"",""group"":""default"",""txqlen"":1000,""link_type"":""loopback"",""address"":""00:00:00:00:00:00"",""broadcast"":""00:00:00:00:00:00"",""addr_info"":[{""family"":""inet"",""local"":""127.0.0.1"",""prefixlen"":8,""scope"":""host"",""label"":""lo"",""valid_life_time"":4294967295,""preferred_life_time"":4294967295},{""family"":""inet6"",""local"":""::1"",""prefixlen"":128,""scope"":""host"",""noprefixroute"":true,""valid_life_time"":4294967295,""preferred_life_time"":4294967295}]},{""ifindex"":2,""link"":null,""ifname"":""tunl0"",""flags"":[""NOARP""],""mtu"":1480,""qdisc"":""noop"",""operstate"":""DOWN"",""group"":""default"",""txqlen"":1000,""link_type"":""ipip"",""address"":""0.0.0.0"",""broadcast"":""0.0.0.0"",""addr_info"":[]},{""ifindex"":3,""link"":null,""ifname"":""ip6tnl0"",""flags"":[""NOARP""],""mtu"":1452,""qdisc"":""noop"",""operstate"":""DOWN"",""group"":""default"",""txqlen"":1000,""link_type"":""tunnel6"",""address"":""::"",""broadcast"":""::"",""permaddr"":""caa2:40b7:eec6::"",""addr_info"":[]},{""ifindex"":4,""ifname"":""wlan0"",""flags"":[""NO-CARRIER"",""BROADCAST"",""MULTICAST"",""UP""],""mtu"":1500,""qdisc"":""mq"",""operstate"":""DOWN"",""group"":""default"",""txqlen"":1000,""link_type"":""ether"",""address"":""14:6b:9c:7c:92:44"",""broadcast"":""ff:ff:ff:ff:ff:ff"",""addr_info"":[]},{""ifindex"":5,""ifname"":""end0"",""flags"":[""BROADCAST"",""MULTICAST"",""UP"",""LOWER_UP""],""mtu"":1500,""qdisc"":""mq"",""operstate"":""UP"",""group"":""default"",""txqlen"":1000,""link_type"":""ether"",""address"":""3e:b3:28:88:9b:ed"",""broadcast"":""ff:ff:ff:ff:ff:ff"",""addr_info"":[{""family"":""inet"",""local"":""192.168.50.85"",""prefixlen"":24,""broadcast"":""192.168.50.255"",""scope"":""global"",""dynamic"":true,""noprefixroute"":true,""label"":""end0"",""valid_life_time"":6702,""preferred_life_time"":6702}]}]
[{""ifindex"":1,""ifname"":""lo"",""flags"":[""LOOPBACK"",""UP"",""LOWER_UP""],""mtu"":65536,""qdisc"":""noqueue"",""operstate"":""UNKNOWN"",""linkmode"":""DEFAULT"",""group"":""default"",""txqlen"":1000,""link_type"":""loopback"",""address"":""00:00:00:00:00:00"",""broadcast"":""00:00:00:00:00:00""},{""ifindex"":2,""link"":null,""ifname"":""tunl0"",""flags"":[""NOARP""],""mtu"":1480,""qdisc"":""noop"",""operstate"":""DOWN"",""linkmode"":""DEFAULT"",""group"":""default"",""txqlen"":1000,""link_type"":""ipip"",""address"":""0.0.0.0"",""broadcast"":""0.0.0.0""},{""ifindex"":3,""link"":null,""ifname"":""ip6tnl0"",""flags"":[""NOARP""],""mtu"":1452,""qdisc"":""noop"",""operstate"":""DOWN"",""linkmode"":""DEFAULT"",""group"":""default"",""txqlen"":1000,""link_type"":""tunnel6"",""address"":""::"",""broadcast"":""::"",""permaddr"":""caa2:40b7:eec6::""},{""ifindex"":4,""ifname"":""wlan0"",""flags"":[""NO-CARRIER"",""BROADCAST"",""MULTICAST"",""UP""],""mtu"":1500,""qdisc"":""mq"",""operstate"":""DOWN"",""linkmode"":""DORMANT"",""group"":""default"",""txqlen"":1000,""link_type"":""ether"",""address"":""14:6b:9c:7c:92:44"",""broadcast"":""ff:ff:ff:ff:ff:ff""},{""ifindex"":5,""ifname"":""end0"",""flags"":[""BROADCAST"",""MULTICAST"",""UP"",""LOWER_UP""],""mtu"":1500,""qdisc"":""mq"",""operstate"":""UP"",""linkmode"":""DEFAULT"",""group"":""default"",""txqlen"":1000,""link_type"":""ether"",""address"":""3e:b3:28:88:9b:ed"",""broadcast"":""ff:ff:ff:ff:ff:ff""}]
[{""dst"":""default"",""gateway"":""192.168.50.1"",""dev"":""end0"",""protocol"":""dhcp"",""prefsrc"":""192.168.50.85"",""metric"":100,""flags"":[]},{""dst"":""192.168.50.0/24"",""dev"":""end0"",""protocol"":""kernel"",""scope"":""link"",""prefsrc"":""192.168.50.85"",""metric"":100,""flags"":[]}]
/sys/class/net/end0/address=3e:b3:28:88:9b:ed
/sys/class/net/ip6tnl0/address=00:00:00:00:00:00:00:00:00:00:00:00:00:00:00:00
/sys/class/net/lo/address=00:00:00:00:00:00
/sys/class/net/tunl0/address=00:00:00:00
/sys/class/net/wlan0/address=14:6b:9c:7c:92:44
","IF=end0
bash: line 13: ethtool: command not found
5: end0: <BROADCAST,MULTICAST,UP,LOWER_UP> mtu 1500 qdisc mq state UP mode DEFAULT group default qlen 1000
    link/ether 3e:b3:28:88:9b:ed brd ff:ff:ff:ff:ff:ff
    RX:  bytes packets errors dropped  missed   mcast           
      13768714   76023      0       0       0       0 
    TX:  bytes packets errors dropped carrier collsns           
      11988890   49281      0       0       0       0 
IF=ip6tnl0
bash: line 13: ethtool: command not found
3: ip6tnl0@NONE: <NOARP> mtu 1452 qdisc noop state DOWN mode DEFAULT group default qlen 1000
    link/tunnel6 :: brd :: permaddr caa2:40b7:eec6::
    RX:  bytes packets errors dropped  missed   mcast           
             0       0      0       0       0       0 
    TX:  bytes packets errors dropped carrier collsns           
             0       0      0       0       0       0 
IF=lo
bash: line 13: ethtool: command not found
1: lo: <LOOPBACK,UP,LOWER_UP> mtu 65536 qdisc noqueue state UNKNOWN mode DEFAULT group default qlen 1000
    link/loopback 00:00:00:00:00:00 brd 00:00:00:00:00:00
    RX:  bytes packets errors dropped  missed   mcast           
      71182834  878286      0       0       0       0 
    TX:  bytes packets errors dropped carrier collsns           
      71182834  878286      0       0       0       0 
IF=tunl0
bash: line 13: ethtool: command not found
2: tunl0@NONE: <NOARP> mtu 1480 qdisc noop state DOWN mode DEFAULT group default qlen 1000
    link/ipip 0.0.0.0 brd 0.0.0.0
    RX:  bytes packets errors dropped  missed   mcast           
             0       0      0       0       0       0 
    TX:  bytes packets errors dropped carrier collsns           
             0       0      0       0       0       0 
IF=wlan0
bash: line 13: ethtool: command not found
4: wlan0: <NO-CARRIER,BROADCAST,MULTICAST,UP> mtu 1500 qdisc mq state DOWN mode DORMANT group default qlen 1000
    link/ether 14:6b:9c:7c:92:44 brd ff:ff:ff:ff:ff:ff
    RX:  bytes packets errors dropped  missed   mcast           
             0       0      0       0       0       0 
    TX:  bytes packets errors dropped carrier collsns           
             0       0      0       0       0       0 
","0.14 0.17 0.18 1/160 731501
    PID COMMAND         %CPU %MEM     ELAPSED COMMAND
 731502 ps               150  0.1       00:00 ps -eo pid,comm,pcpu,pmem,etime,args --sort=-pcpu
 731457 systemd-hostnam 28.4  0.1       00:00 /lib/systemd/systemd-hostnamed
 731449 bash             6.4  0.1       00:01 bash -s
 731433 sshd             2.6  0.4       00:03 sshd: caninos [priv]
 731448 sshd             2.4  0.3       00:01 sshd: caninos@notty
 706615 kworker/3:0-eve  0.4  0.0    03:39:23 [kworker/3:0-events]
    433 NetworkManager   0.4  1.1  5-00:07:12 /usr/sbin/NetworkManager --no-daemon
    498 RTW_CMD_THREAD   0.1  0.0  5-00:07:09 [RTW_CMD_THREAD]
 729318 kworker/3:3-mm_  0.1  0.0       17:21 [kworker/3:3-mm_percpu_wq]
 728515 kworker/3:2-mm_  0.1  0.0       24:15 [kworker/3:2-mm_percpu_wq]
 731081 kworker/3:1-eve  0.1  0.0       03:03 [kworker/3:1-events]
    547 verifica_rede_l  0.0  0.1  5-00:07:02 /bin/bash /usr/local/bin/verifica_rede_led.sh
    245 systemd-journal  0.0  3.8  5-00:07:16 /lib/systemd/systemd-journald
    416 dbus-daemon      0.0  0.2  5-00:07:13 /usr/bin/dbus-daemon --system --address=systemd: --nofork --nopidfile --systemd-activation --syslog-only
    503 wpa_supplicant   0.0  0.5  5-00:07:09 /sbin/wpa_supplicant -u -s -O DIR=/run/wpa_supplicant GROUP=netdev
    279 systemd-timesyn  0.0  0.3  5-00:07:15 /lib/systemd/systemd-timesyncd
    359 ksdioirqd/mmc1   0.0  0.0  5-00:07:13 [ksdioirqd/mmc1]
    419 rsyslogd         0.0  0.3  5-00:07:13 /usr/sbin/rsyslogd -n -iNONE
 713425 systemd          0.0  0.5    02:35:33 /lib/systemd/systemd --user
 730177 kworker/2:1-eve  0.0  0.0       09:55 [kworker/2:1-events_power_efficient]
 729503 kworker/1:0-eve  0.0  0.0       15:43 [kworker/1:0-events]
 731288 kworker/2:0-eve  0.0  0.0       01:19 [kworker/2:0-events]
      1 systemd          0.0  0.6  5-00:07:22 /sbin/init
 707479 kworker/0:1-eve  0.0  0.0    03:30:48 [kworker/0:1-events]
  UNIT                       LOAD   ACTIVE SUB     DESCRIPTION
  cron.service               loaded active running Regular background program processing daemon
  dbus.service               loaded active running D-Bus System Message Bus
  getty@tty1.service         loaded active running Getty on tty1
  led-udp.service            loaded active running LED UDP Control Service
  llama-server.service       loaded active running Servidor llama.cpp com Qwen2.5 1.5B
  ModemManager.service       loaded active running Modem Manager
  NetworkManager.service     loaded active running Network Manager
  polkit.service             loaded active running Authorization Manager
  rsyslog.service            loaded active running System Logging Service
  serial-getty@ttyS3.service loaded active running Serial Getty on ttyS3
  ssh.service                loaded active running OpenBSD Secure Shell server
  systemd-hostnamed.service  loaded active running Hostname Service
  systemd-journald.service   loaded active running Journal Service
  systemd-logind.service     loaded active running User Login Management
  systemd-timesyncd.service  loaded active running Network Time Synchronization
  systemd-udevd.service      loaded active running Rule-based Manager for Device Events and Files
  user@1000.service          loaded active running User Manager for UID 1000
  verifica-rede-led.service  loaded active running Verifica rede end0 e controla LEDs da Labrador
  wifi_bt_start.service      loaded active running LSB: Bluetooth Start
  wpa_supplicant.service     loaded active running WPA supplicant

LOAD   = Reflects whether the unit definition was properly loaded.
ACTIVE = The high-level unit activation state, i.e. generalization of SUB.
SUB    = The low-level unit activation state, values depend on unit type.
20 loaded units listed.
","/sys/class/thermal/thermal_zone0/type=cpu-temp
/sys/class/thermal/thermal_zone1/type=gpu-temp
/sys/class/thermal/thermal_zone2/type=corelogic-temp
/sys/class/thermal/thermal_zone0/temp=43567
/sys/class/thermal/thermal_zone1/temp=86002
/sys/class/thermal/thermal_zone2/temp=73190
/sys/class/hwmon/hwmon0/name=cpu_temp
/sys/class/hwmon/hwmon1/name=gpu_temp
/sys/class/hwmon/hwmon2/name=corelogic_temp
/sys/class/hwmon/hwmon0/temp1_input=43567
/sys/class/hwmon/hwmon1/temp1_input=86002
/sys/class/hwmon/hwmon2/temp1_input=73190
","CMD=gcc PATH=/usr/bin/gcc
gcc (Debian 12.2.0-14+deb12u1) 12.2.0
Copyright (C) 2022 Free Software Foundation, Inc.
CMD=g++ PATH=/usr/bin/g++
g++ (Debian 12.2.0-14+deb12u1) 12.2.0
Copyright (C) 2022 Free Software Foundation, Inc.
CMD=clang PATH=bash: line 14: clang: command not found
CMD=make PATH=/usr/bin/make
GNU Make 4.3
Built for aarch64-unknown-linux-gnu
CMD=cmake PATH=/usr/bin/cmake
cmake version 3.25.1

CMD=python3 PATH=/usr/bin/python3
Python 3.11.2
CMD=python PATH=bash: line 14: python: command not found
CMD=git PATH=/usr/bin/git
git version 2.39.5
CMD=pip3 PATH=bash: line 14: pip3: command not found
CMD=llama-cli PATH=bash: line 14: llama-cli: command not found
CMD=llama-server PATH=bash: line 14: llama-server: command not found
CMD=ollama PATH=bash: line 14: ollama: command not found
CMD=vllm PATH=bash: line 14: vllm: command not found
CMD=torchrun PATH=bash: line 14: torchrun: command not found
CMD=mpirun PATH=/usr/bin/mpirun
mpirun (Open MPI) 4.1.4

CMD=iperf3 PATH=/usr/bin/iperf3
iperf 3.12 (cJSON 1.7.15)
Linux lab4 6.1.76 #1 SMP Fri Feb 28 17:06:14 UTC 2025 aarch64
/home/caninos/llama-offline/llama.cpp/convert_llama_ggml_to_gguf.py 19112
",,"[Thu Oct  1 09:04:45 2026] caninos-dwmac e0220000.ethernet end0: Link is Up - 100Mbps/Full - flow control off
[Thu Oct  1 09:04:45 2026] caninos-dwmac e0220000.ethernet end0: Link is Down
[Thu Oct  1 09:04:48 2026] caninos-dwmac e0220000.ethernet end0: Link is Up - 100Mbps/Full - flow control off
[Thu Oct  1 09:05:30 2026] caninos-dwmac e0220000.ethernet end0: Link is Down
[Thu Oct  1 09:05:34 2026] caninos-dwmac e0220000.ethernet end0: Link is Up - 100Mbps/Full - flow control off
[Thu Oct  1 09:05:34 2026] caninos-dwmac e0220000.ethernet end0: Link is Down
[Thu Oct  1 09:05:37 2026] caninos-dwmac e0220000.ethernet end0: Link is Up - 100Mbps/Full - flow control off
[Thu Oct  1 09:06:19 2026] caninos-dwmac e0220000.ethernet end0: Link is Down
[Thu Oct  1 09:06:23 2026] caninos-dwmac e0220000.ethernet end0: Link is Up - 100Mbps/Full - flow control off
[Thu Oct  1 09:06:23 2026] caninos-dwmac e0220000.ethernet end0: Link is Down
[Thu Oct  1 09:06:26 2026] caninos-dwmac e0220000.ethernet end0: Link is Up - 100Mbps/Full - flow control off
[Thu Oct  1 09:07:08 2026] caninos-dwmac e0220000.ethernet end0: Link is Down
[Thu Oct  1 09:07:11 2026] caninos-dwmac e0220000.ethernet end0: Link is Up - 100Mbps/Full - flow control off
[Thu Oct  1 09:07:11 2026] caninos-dwmac e0220000.ethernet end0: Link is Down
[Thu Oct  1 09:07:14 2026] caninos-dwmac e0220000.ethernet end0: Link is Up - 100Mbps/Full - flow control off
[Thu Oct  1 09:07:56 2026] caninos-dwmac e0220000.ethernet end0: Link is Down
[Thu Oct  1 09:07:59 2026] caninos-dwmac e0220000.ethernet end0: Link is Up - 100Mbps/Full - flow control off
[Thu Oct  1 09:07:59 2026] caninos-dwmac e0220000.ethernet end0: Link is Down
[Thu Oct  1 09:08:02 2026] caninos-dwmac e0220000.ethernet end0: Link is Up - 100Mbps/Full - flow control off
[Thu Oct  1 09:08:44 2026] caninos-dwmac e0220000.ethernet end0: Link is Down
[Thu Oct  1 09:08:47 2026] caninos-dwmac e0220000.ethernet end0: Link is Up - 100Mbps/Full - flow control off
[Thu Oct  1 09:08:47 2026] caninos-dwmac e0220000.ethernet end0: Link is Down
[Thu Oct  1 09:08:50 2026] caninos-dwmac e0220000.ethernet end0: Link is Up - 100Mbps/Full - flow control off
[Thu Oct  1 09:09:10 2026] caninos-dwmac e0220000.ethernet end0: Link is Down
[Thu Oct  1 09:09:25 2026] caninos-dwmac e0220000.ethernet end0: Link is Up - 100Mbps/Full - flow control off
[Thu Oct  1 09:09:25 2026] caninos-dwmac e0220000.ethernet end0: Link is Down
[Thu Oct  1 09:09:28 2026] caninos-dwmac e0220000.ethernet end0: Link is Up - 100Mbps/Full - flow control off
[Thu Oct  1 09:10:10 2026] caninos-dwmac e0220000.ethernet end0: Link is Down
[Thu Oct  1 09:10:14 2026] caninos-dwmac e0220000.ethernet end0: Link is Up - 100Mbps/Full - flow control off
[Thu Oct  1 09:10:14 2026] caninos-dwmac e0220000.ethernet end0: Link is Down
[Thu Oct  1 09:10:17 2026] caninos-dwmac e0220000.ethernet end0: Link is Up - 100Mbps/Full - flow control off
[Thu Oct  1 09:10:59 2026] caninos-dwmac e0220000.ethernet end0: Link is Down
[Thu Oct  1 09:11:01 2026] caninos-dwmac e0220000.ethernet end0: Link is Up - 100Mbps/Full - flow control off
[Thu Oct  1 09:11:02 2026] caninos-dwmac e0220000.ethernet end0: Link is Down
[Thu Oct  1 09:11:05 2026] caninos-dwmac e0220000.ethernet end0: Link is Up - 100Mbps/Full - flow control off
[Thu Oct  1 09:11:47 2026] caninos-dwmac e0220000.ethernet end0: Link is Down
[Thu Oct  1 09:11:51 2026] caninos-dwmac e0220000.ethernet end0: Link is Up - 100Mbps/Full - flow control off
[Thu Oct  1 09:11:51 2026] caninos-dwmac e0220000.ethernet end0: Link is Down
[Thu Oct  1 09:11:54 2026] caninos-dwmac e0220000.ethernet end0: Link is Up - 100Mbps/Full - flow control off
[Thu Oct  1 09:12:36 2026] caninos-dwmac e0220000.ethernet end0: Link is Down
[Thu Oct  1 09:12:40 2026] caninos-dwmac e0220000.ethernet end0: Link is Up - 100Mbps/Full - flow control off
[Thu Oct  1 09:12:40 2026] caninos-dwmac e0220000.ethernet end0: Link is Down
[Thu Oct  1 09:12:43 2026] caninos-dwmac e0220000.ethernet end0: Link is Up - 100Mbps/Full - flow control off
[Thu Oct  1 09:13:25 2026] caninos-dwmac e0220000.ethernet end0: Link is Down
[Thu Oct  1 09:13:29 2026] caninos-dwmac e0220000.ethernet end0: Link is Up - 100Mbps/Full - flow control off
[Thu Oct  1 09:13:29 2026] caninos-dwmac e0220000.ethernet end0: Link is Down
[Thu Oct  1 09:13:32 2026] caninos-dwmac e0220000.ethernet end0: Link is Up - 100Mbps/Full - flow control off
[Thu Oct  1 09:14:14 2026] caninos-dwmac e0220000.ethernet end0: Link is Down
[Thu Oct  1 09:14:18 2026] caninos-dwmac e0220000.ethernet end0: Link is Up - 100Mbps/Full - flow control off
[Thu Oct  1 09:14:18 2026] caninos-dwmac e0220000.ethernet end0: Link is Down
[Thu Oct  1 09:14:21 2026] caninos-dwmac e0220000.ethernet end0: Link is Up - 100Mbps/Full - flow control off
[Thu Oct  1 09:15:03 2026] caninos-dwmac e0220000.ethernet end0: Link is Down
[Thu Oct  1 09:15:05 2026] caninos-dwmac e0220000.ethernet end0: Link is Up - 100Mbps/Full - flow control off
[Thu Oct  1 09:15:06 2026] caninos-dwmac e0220000.ethernet end0: Link is Down
[Thu Oct  1 09:15:09 2026] caninos-dwmac e0220000.ethernet end0: Link is Up - 100Mbps/Full - flow control off
[Thu Oct  1 09:15:51 2026] caninos-dwmac e0220000.ethernet end0: Link is Down
[Thu Oct  1 09:15:53 2026] caninos-dwmac e0220000.ethernet end0: Link is Up - 100Mbps/Full - flow control off
[Thu Oct  1 09:15:54 2026] caninos-dwmac e0220000.ethernet end0: Link is Down
[Thu Oct  1 09:15:57 2026] caninos-dwmac e0220000.ethernet end0: Link is Up - 100Mbps/Full - flow control off
[Thu Oct  1 09:16:39 2026] caninos-dwmac e0220000.ethernet end0: Link is Down
[Thu Oct  1 09:16:43 2026] caninos-dwmac e0220000.ethernet end0: Link is Up - 100Mbps/Full - flow control off
[Thu Oct  1 09:16:43 2026] caninos-dwmac e0220000.ethernet end0: Link is Down
[Thu Oct  1 09:16:46 2026] caninos-dwmac e0220000.ethernet end0: Link is Up - 100Mbps/Full - flow control off
[Thu Oct  1 09:17:28 2026] caninos-dwmac e0220000.ethernet end0: Link is Down
[Thu Oct  1 09:17:32 2026] caninos-dwmac e0220000.ethernet end0: Link is Up - 100Mbps/Full - flow control off
[Thu Oct  1 09:17:32 2026] caninos-dwmac e0220000.ethernet end0: Link is Down
[Thu Oct  1 09:17:35 2026] caninos-dwmac e0220000.ethernet end0: Link is Up - 100Mbps/Full - flow control off
[Thu Oct  1 09:18:17 2026] caninos-dwmac e0220000.ethernet end0: Link is Down
[Thu Oct  1 09:18:21 2026] caninos-dwmac e0220000.ethernet end0: Link is Up - 100Mbps/Full - flow control off
[Thu Oct  1 09:18:21 2026] caninos-dwmac e0220000.ethernet end0: Link is Down
[Thu Oct  1 09:18:24 2026] caninos-dwmac e0220000.ethernet end0: Link is Up - 100Mbps/Full - flow control off
[Thu Oct  1 09:19:06 2026] caninos-dwmac e0220000.ethernet end0: Link is Down
[Thu Oct  1 09:19:09 2026] caninos-dwmac e0220000.ethernet end0: Link is Up - 100Mbps/Full - flow control off
[Thu Oct  1 09:19:09 2026] caninos-dwmac e0220000.ethernet end0: Link is Down
[Thu Oct  1 09:19:11 2026] caninos-dwmac e0220000.ethernet end0: Link is Up - 100Mbps/Full - flow control off
",,,data/runs/20261001T151649Z/hosts/192.168.50.85/raw.txt,
node17,192.168.50.200,True,0,lab6,11b02da9cc614528b947d24bad602e6d,"Caninos Labrador 7 (Base 2.1) 
caninos,k7

cat: /proc/device-tree/serial-number: No such file or directory

",Caninos Labrador 7 (Base 2.1),aarch64,4,"Linux lab6 6.1.76 #1 SMP Mon Jan 26 19:02:43 -03 2026 aarch64 GNU/Linux
Architecture:                       aarch64
CPU op-mode(s):                     32-bit, 64-bit
Byte Order:                         Little Endian
CPU(s):                             4
On-line CPU(s) list:                0-3
Vendor ID:                          ARM
Model name:                         Cortex-A53
Model:                              4
Thread(s) per core:                 1
Core(s) per cluster:                4
Socket(s):                          -
Cluster(s):                         1
Stepping:                           r0p4
BogoMIPS:                           48.00
Flags:                              fp asimd evtstrm crc32 cpuid
Vulnerability Gather data sampling: Not affected
Vulnerability Itlb multihit:        Not affected
Vulnerability L1tf:                 Not affected
Vulnerability Mds:                  Not affected
Vulnerability Meltdown:             Not affected
Vulnerability Mmio stale data:      Not affected
Vulnerability Retbleed:             Not affected
Vulnerability Spec rstack overflow: Not affected
Vulnerability Spec store bypass:    Not affected
Vulnerability Spectre v1:           Mitigation; __user pointer sanitization
Vulnerability Spectre v2:           Not affected
Vulnerability Srbds:                Not affected
Vulnerability Tsx async abort:      Not affected
processor	: 0
BogoMIPS	: 48.00
Features	: fp asimd evtstrm crc32 cpuid
processor	: 1
BogoMIPS	: 48.00
Features	: fp asimd evtstrm crc32 cpuid
processor	: 2
BogoMIPS	: 48.00
Features	: fp asimd evtstrm crc32 cpuid
processor	: 3
BogoMIPS	: 48.00
Features	: fp asimd evtstrm crc32 cpuid
","PRETTY_NAME=""Debian GNU/Linux 12 (bookworm)""
NAME=""Debian GNU/Linux""
VERSION_ID=""12""
VERSION=""12 (bookworm)""
VERSION_CODENAME=bookworm
ID=debian
HOME_URL=""https://www.debian.org/""
SUPPORT_URL=""https://www.debian.org/support""
BUG_REPORT_URL=""https://bugs.debian.org/""
6.1.76
2026-09-26 12:09:51
 12:17:16 up 5 days, 7 min,  0 user,  load average: 2.29, 2.22, 2.19
2026-10-01T15:17:16Z
","               total        used        free      shared  buff/cache   available
Mem:      2033942528   256475136  1254813696     3088384   615251968  1777467392
Swap:              0           0           0
bash: line 9: swapon: command not found
MemTotal:        1986272 kB
MemFree:         1225152 kB
MemAvailable:    1735556 kB
Buffers:           84948 kB
Cached:           464964 kB
SwapCached:            0 kB
Active:           338800 kB
Inactive:         254796 kB
Active(anon):       1556 kB
Inactive(anon):    45144 kB
Active(file):     337244 kB
Inactive(file):   209652 kB
Unevictable:           0 kB
Mlocked:               0 kB
SwapTotal:             0 kB
SwapFree:              0 kB
Zswap:                 0 kB
Zswapped:              0 kB
Dirty:              1016 kB
Writeback:             0 kB
AnonPages:         43864 kB
Mapped:            71992 kB
Shmem:              3016 kB
KReclaimable:      50920 kB
Slab:              96284 kB
SReclaimable:      50920 kB
SUnreclaim:        45364 kB
KernelStack:        2464 kB
PageTables:         2032 kB
SecPageTables:         0 kB
","ALIGNMENT DISC-ALN DAX DISC-GRAN DISC-MAX DISC-ZERO FSAVAIL FSROOTS FSSIZE FSTYPE FSUSED FSUSE% FSVER GROUP HCTL HOTPLUG KNAME     LABEL LOG-SEC MAJ:MIN MIN-IO MODE       MODEL NAME        OPT-IO OWNER PARTFLAGS PARTLABEL PARTTYPE PARTTYPENAME PARTUUID                             PATH           PHY-SEC PKNAME  PTTYPE PTUUID                                RA RAND  REV RM RO ROTA RQ-SIZE SCHED       SERIAL      SIZE START STATE SUBSYSTEMS                  MOUNTPOINT MOUNTPOINTS TRAN TYPE UUID                                 VENDOR WSAME WWN ZONED ZONE-SZ ZONE-WGRAN ZONE-APP ZONE-NR ZONE-OMAX ZONE-AMAX
        0        0   0        0B       0B         0                                                   disk             0 nbd0                512  43:0      512 brw-rw----       nbd0             0 root                                                                                 /dev/nbd0          512                                                     128    0       0  0    0     256 mq-deadline               0B             block                                                   disk                                                0B     none       0B         0B       0B       0         0         0
        0        0   0        0B       0B         0                                                   disk             0 nbd1                512  43:32     512 brw-rw----       nbd1             0 root                                                                                 /dev/nbd1          512                                                     128    0       0  0    0     256 mq-deadline               0B             block                                                   disk                                                0B     none       0B         0B       0B       0         0         0
        0        0   0        0B       0B         0                                                   disk             0 nbd2                512  43:64     512 brw-rw----       nbd2             0 root                                                                                 /dev/nbd2          512                                                     128    0       0  0    0     256 mq-deadline               0B             block                                                   disk                                                0B     none       0B         0B       0B       0         0         0
        0        0   0        0B       0B         0                                                   disk             0 nbd3                512  43:96     512 brw-rw----       nbd3             0 root                                                                                 /dev/nbd3          512                                                     128    0       0  0    0     256 mq-deadline               0B             block                                                   disk                                                0B     none       0B         0B       0B       0         0         0
        0        0   0        0B       0B         0                                                   disk             0 nbd4                512  43:128    512 brw-rw----       nbd4             0 root                                                                                 /dev/nbd4          512                                                     128    0       0  0    0     256 mq-deadline               0B             block                                                   disk                                                0B     none       0B         0B       0B       0         0         0
        0        0   0        0B       0B         0                                                   disk             0 nbd5                512  43:160    512 brw-rw----       nbd5             0 root                                                                                 /dev/nbd5          512                                                     128    0       0  0    0     256 mq-deadline               0B             block                                                   disk                                                0B     none       0B         0B       0B       0         0         0
        0        0   0        0B       0B         0                                                   disk             0 nbd6                512  43:192    512 brw-rw----       nbd6             0 root                                                                                 /dev/nbd6          512                                                     128    0       0  0    0     256 mq-deadline               0B             block                                                   disk                                                0B     none       0B         0B       0B       0         0         0
        0        0   0        0B       0B         0                                                   disk             0 nbd7                512  43:224    512 brw-rw----       nbd7             0 root                                                                                 /dev/nbd7          512                                                     128    0       0  0    0     256 mq-deadline               0B             block                                                   disk                                                0B     none       0B         0B       0B       0         0         0
        0        0   0        4M    49.5M         0                                                   disk             1 mmcblk2             512 179:0      512 brw-rw----       mmcblk2          0 root                                                                                 /dev/mmcblk2       512         dos    1d012587                             128    0  0x8  0  0    0     128 mq-deadline 0xcb1c0171 14.6G             block:mmc:mmc_host:platform                             disk                                                0B     none       0B         0B       0B       0         0         0
        0  3145728   0        4M    49.5M         0    2.7G /        14.2G ext4    10.8G    76% 1.0   disk             1 mmcblk2p1           512 179:1      512 brw-rw----       └─mmcblk2p1      0 root  0x80                0x83     Linux        1d012587-01                          /dev/mmcblk2p1     512 mmcblk2 dos    1d012587                             128    0       0  0    0     128 mq-deadline            14.6G  2048       block:mmc:mmc_host:platform /          /                part 5e159a5c-9de1-41c5-a86c-ad381ffeb2c0           0B     none       0B         0B       0B       0         0         0
        0        0   0        0B       0B         0                                                   disk             0 nullb0              512 253:0      512 brw-rw----       nullb0           0 root                                                                                 /dev/nullb0        512                                                     128    0       0  0    0      64 none                    250G             block                                                   disk                                                0B     none       0B         0B       0B       0         0         0
        0        0   0        0B       0B         0                                                   disk             0 nbd8                512  43:256    512 brw-rw----       nbd8             0 root                                                                                 /dev/nbd8          512                                                     128    0       0  0    0     256 mq-deadline               0B             block                                                   disk                                                0B     none       0B         0B       0B       0         0         0
        0        0   0        0B       0B         0                                                   disk             0 nbd9                512  43:288    512 brw-rw----       nbd9             0 root                                                                                 /dev/nbd9          512                                                     128    0       0  0    0     256 mq-deadline               0B             block                                                   disk                                                0B     none       0B         0B       0B       0         0         0
        0        0   0        0B       0B         0                                                   disk             0 nbd10               512  43:320    512 brw-rw----       nbd10            0 root                                                                                 /dev/nbd10         512                                                     128    0       0  0    0     256 mq-deadline               0B             block                                                   disk                                                0B     none       0B         0B       0B       0         0         0
        0        0   0        0B       0B         0                                                   disk             0 nbd11               512  43:352    512 brw-rw----       nbd11            0 root                                                                                 /dev/nbd11         512                                                     128    0       0  0    0     256 mq-deadline               0B             block                                                   disk                                                0B     none       0B         0B       0B       0         0         0
        0        0   0        0B       0B         0                                                   disk             0 nbd12               512  43:384    512 brw-rw----       nbd12            0 root                                                                                 /dev/nbd12         512                                                     128    0       0  0    0     256 mq-deadline               0B             block                                                   disk                                                0B     none       0B         0B       0B       0         0         0
        0        0   0        0B       0B         0                                                   disk             0 nbd13               512  43:416    512 brw-rw----       nbd13            0 root                                                                                 /dev/nbd13         512                                                     128    0       0  0    0     256 mq-deadline               0B             block                                                   disk                                                0B     none       0B         0B       0B       0         0         0
        0        0   0        0B       0B         0                                                   disk             0 nbd14               512  43:448    512 brw-rw----       nbd14            0 root                                                                                 /dev/nbd14         512                                                     128    0       0  0    0     256 mq-deadline               0B             block                                                   disk                                                0B     none       0B         0B       0B       0         0         0
        0        0   0        0B       0B         0                                                   disk             0 nbd15               512  43:480    512 brw-rw----       nbd15            0 root                                                                                 /dev/nbd15         512                                                     128    0       0  0    0     256 mq-deadline               0B             block                                                   disk                                                0B     none       0B         0B       0B       0         0         0
Filesystem     Type      Size  Used Avail Use% Mounted on
/dev/root      ext4       15G   11G  2.7G  81% /
devtmpfs       devtmpfs  712M     0  712M   0% /dev
tmpfs          tmpfs     970M     0  970M   0% /dev/shm
tmpfs          tmpfs     388M  2.9M  386M   1% /run
tmpfs          tmpfs     5.0M   12K  5.0M   1% /run/lock
tmpfs          tmpfs     194M   40K  194M   1% /run/user/1000
","[{""ifindex"":1,""ifname"":""lo"",""flags"":[""LOOPBACK"",""UP"",""LOWER_UP""],""mtu"":65536,""qdisc"":""noqueue"",""operstate"":""UNKNOWN"",""group"":""default"",""txqlen"":1000,""link_type"":""loopback"",""address"":""00:00:00:00:00:00"",""broadcast"":""00:00:00:00:00:00"",""addr_info"":[{""family"":""inet"",""local"":""127.0.0.1"",""prefixlen"":8,""scope"":""host"",""label"":""lo"",""valid_life_time"":4294967295,""preferred_life_time"":4294967295},{""family"":""inet6"",""local"":""::1"",""prefixlen"":128,""scope"":""host"",""noprefixroute"":true,""valid_life_time"":4294967295,""preferred_life_time"":4294967295}]},{""ifindex"":2,""link"":null,""ifname"":""tunl0"",""flags"":[""NOARP""],""mtu"":1480,""qdisc"":""noop"",""operstate"":""DOWN"",""group"":""default"",""txqlen"":1000,""link_type"":""ipip"",""address"":""0.0.0.0"",""broadcast"":""0.0.0.0"",""addr_info"":[]},{""ifindex"":3,""link"":null,""ifname"":""ip6tnl0"",""flags"":[""NOARP""],""mtu"":1452,""qdisc"":""noop"",""operstate"":""DOWN"",""group"":""default"",""txqlen"":1000,""link_type"":""tunnel6"",""address"":""::"",""broadcast"":""::"",""permaddr"":""f6ca:5dd6:dae1::"",""addr_info"":[]},{""ifindex"":4,""ifname"":""wlan0"",""flags"":[""NO-CARRIER"",""BROADCAST"",""MULTICAST"",""UP""],""mtu"":1500,""qdisc"":""mq"",""operstate"":""DOWN"",""group"":""default"",""txqlen"":1000,""link_type"":""ether"",""address"":""14:6b:9c:7c:20:ea"",""broadcast"":""ff:ff:ff:ff:ff:ff"",""addr_info"":[]},{""ifindex"":5,""ifname"":""end0"",""flags"":[""BROADCAST"",""MULTICAST"",""UP"",""LOWER_UP""],""mtu"":1500,""qdisc"":""mq"",""operstate"":""UP"",""group"":""default"",""txqlen"":1000,""link_type"":""ether"",""address"":""ce:99:b7:c7:d9:3f"",""broadcast"":""ff:ff:ff:ff:ff:ff"",""addr_info"":[{""family"":""inet"",""local"":""192.168.50.200"",""prefixlen"":24,""broadcast"":""192.168.50.255"",""scope"":""global"",""dynamic"":true,""noprefixroute"":true,""label"":""end0"",""valid_life_time"":6528,""preferred_life_time"":6528}]}]
[{""ifindex"":1,""ifname"":""lo"",""flags"":[""LOOPBACK"",""UP"",""LOWER_UP""],""mtu"":65536,""qdisc"":""noqueue"",""operstate"":""UNKNOWN"",""linkmode"":""DEFAULT"",""group"":""default"",""txqlen"":1000,""link_type"":""loopback"",""address"":""00:00:00:00:00:00"",""broadcast"":""00:00:00:00:00:00""},{""ifindex"":2,""link"":null,""ifname"":""tunl0"",""flags"":[""NOARP""],""mtu"":1480,""qdisc"":""noop"",""operstate"":""DOWN"",""linkmode"":""DEFAULT"",""group"":""default"",""txqlen"":1000,""link_type"":""ipip"",""address"":""0.0.0.0"",""broadcast"":""0.0.0.0""},{""ifindex"":3,""link"":null,""ifname"":""ip6tnl0"",""flags"":[""NOARP""],""mtu"":1452,""qdisc"":""noop"",""operstate"":""DOWN"",""linkmode"":""DEFAULT"",""group"":""default"",""txqlen"":1000,""link_type"":""tunnel6"",""address"":""::"",""broadcast"":""::"",""permaddr"":""f6ca:5dd6:dae1::""},{""ifindex"":4,""ifname"":""wlan0"",""flags"":[""NO-CARRIER"",""BROADCAST"",""MULTICAST"",""UP""],""mtu"":1500,""qdisc"":""mq"",""operstate"":""DOWN"",""linkmode"":""DORMANT"",""group"":""default"",""txqlen"":1000,""link_type"":""ether"",""address"":""14:6b:9c:7c:20:ea"",""broadcast"":""ff:ff:ff:ff:ff:ff""},{""ifindex"":5,""ifname"":""end0"",""flags"":[""BROADCAST"",""MULTICAST"",""UP"",""LOWER_UP""],""mtu"":1500,""qdisc"":""mq"",""operstate"":""UP"",""linkmode"":""DEFAULT"",""group"":""default"",""txqlen"":1000,""link_type"":""ether"",""address"":""ce:99:b7:c7:d9:3f"",""broadcast"":""ff:ff:ff:ff:ff:ff""}]
[{""dst"":""default"",""gateway"":""192.168.50.1"",""dev"":""end0"",""protocol"":""dhcp"",""prefsrc"":""192.168.50.200"",""metric"":100,""flags"":[]},{""dst"":""192.168.50.0/24"",""dev"":""end0"",""protocol"":""kernel"",""scope"":""link"",""prefsrc"":""192.168.50.200"",""metric"":100,""flags"":[]}]
/sys/class/net/end0/address=ce:99:b7:c7:d9:3f
/sys/class/net/ip6tnl0/address=00:00:00:00:00:00:00:00:00:00:00:00:00:00:00:00
/sys/class/net/lo/address=00:00:00:00:00:00
/sys/class/net/tunl0/address=00:00:00:00
/sys/class/net/wlan0/address=14:6b:9c:7c:20:ea
","IF=end0
bash: line 13: ethtool: command not found
5: end0: <BROADCAST,MULTICAST,UP,LOWER_UP> mtu 1500 qdisc mq state UP mode DEFAULT group default qlen 1000
    link/ether ce:99:b7:c7:d9:3f brd ff:ff:ff:ff:ff:ff
    RX:  bytes packets errors dropped  missed   mcast           
      13919707   76401      0       0       0       0 
    TX:  bytes packets errors dropped carrier collsns           
      11925204   49006      0       0       0       0 
IF=ip6tnl0
bash: line 13: ethtool: command not found
3: ip6tnl0@NONE: <NOARP> mtu 1452 qdisc noop state DOWN mode DEFAULT group default qlen 1000
    link/tunnel6 :: brd :: permaddr f6ca:5dd6:dae1::
    RX:  bytes packets errors dropped  missed   mcast           
             0       0      0       0       0       0 
    TX:  bytes packets errors dropped carrier collsns           
             0       0      0       0       0       0 
IF=lo
bash: line 13: ethtool: command not found
1: lo: <LOOPBACK,UP,LOWER_UP> mtu 65536 qdisc noqueue state UNKNOWN mode DEFAULT group default qlen 1000
    link/loopback 00:00:00:00:00:00 brd 00:00:00:00:00:00
    RX:  bytes packets errors dropped  missed   mcast           
        365868    3987      0       0       0       0 
    TX:  bytes packets errors dropped carrier collsns           
        365868    3987      0       0       0       0 
IF=tunl0
bash: line 13: ethtool: command not found
2: tunl0@NONE: <NOARP> mtu 1480 qdisc noop state DOWN mode DEFAULT group default qlen 1000
    link/ipip 0.0.0.0 brd 0.0.0.0
    RX:  bytes packets errors dropped  missed   mcast           
             0       0      0       0       0       0 
    TX:  bytes packets errors dropped carrier collsns           
             0       0      0       0       0       0 
IF=wlan0
bash: line 13: ethtool: command not found
4: wlan0: <NO-CARRIER,BROADCAST,MULTICAST,UP> mtu 1500 qdisc mq state DOWN mode DORMANT group default qlen 1000
    link/ether 14:6b:9c:7c:20:ea brd ff:ff:ff:ff:ff:ff
    RX:  bytes packets errors dropped  missed   mcast           
    1105928136 4897873      0 4939691       0       0 
    TX:  bytes packets errors dropped carrier collsns           
         77475     715      0       0       0       0 
","2.29 2.22 2.19 1/148 740155
    PID COMMAND         %CPU %MEM     ELAPSED COMMAND
 740156 ps               400  0.1       00:00 ps -eo pid,comm,pcpu,pmem,etime,args --sort=-pcpu
 740044 systemd         37.0  0.5       00:04 /lib/systemd/systemd --user
 740110 systemd-hostnam 28.8  0.2       00:00 /lib/systemd/systemd-hostnamed
 740061 wireplumber     12.0  0.7       00:02 /usr/bin/wireplumber
 740103 bash             4.2  0.1       00:01 bash -s
 740060 pipewire         4.1  0.3       00:02 /usr/bin/pipewire
 740062 pipewire-pulse   3.7  0.4       00:02 /usr/bin/pipewire-pulse
 740041 sshd             2.2  0.4       00:04 sshd: caninos [priv]
 740068 dbus-daemon      1.1  0.1       00:02 /usr/bin/dbus-daemon --session --address=systemd: --nofork --nopidfile --systemd-activation --syslog-only
 740067 sshd             1.1  0.3       00:02 sshd: caninos@notty
 727031 kworker/2:1+eve  0.4  0.0    01:49:17 [kworker/2:1+events_freezable]
    394 NetworkManager   0.4  1.1  5-00:07:16 /usr/sbin/NetworkManager --no-daemon
 738050 kworker/2:0-eve  0.3  0.0       14:25 [kworker/2:0-events_power_efficient]
    362 ksdioirqd/mmc1   0.1  0.0  5-00:07:17 [ksdioirqd/mmc1]
    453 RTW_CMD_THREAD   0.1  0.0  5-00:07:13 [RTW_CMD_THREAD]
    512 verifica_rede_l  0.0  0.1  5-00:07:02 /bin/bash /usr/local/bin/verifica_rede_led.sh
 736761 kworker/2:3-eve  0.0  0.0       25:30 [kworker/2:3-events]
    234 systemd-journal  0.0  2.9  5-00:07:20 /lib/systemd/systemd-journald
     25 ksoftirqd/2      0.0  0.0  5-00:07:25 [ksoftirqd/2]
    346 dbus-daemon      0.0  0.2  5-00:07:18 /usr/bin/dbus-daemon --system --address=systemd: --nofork --nopidfile --systemd-activation --syslog-only
    458 wpa_supplicant   0.0  0.5  5-00:07:13 /sbin/wpa_supplicant -u -s -O DIR=/run/wpa_supplicant GROUP=netdev
    348 rsyslogd         0.0  0.2  5-00:07:18 /usr/sbin/rsyslogd -n -iNONE
 738655 kworker/1:0-eve  0.0  0.0       09:37 [kworker/1:0-events_power_efficient]
     14 rcu_sched        0.0  0.0  5-00:07:25 [rcu_sched]
  UNIT                       LOAD   ACTIVE SUB     DESCRIPTION
  cron.service               loaded active running Regular background program processing daemon
  dbus.service               loaded active running D-Bus System Message Bus
  getty@tty1.service         loaded active running Getty on tty1
  NetworkManager.service     loaded active running Network Manager
  polkit.service             loaded active running Authorization Manager
  rsyslog.service            loaded active running System Logging Service
  rtkit-daemon.service       loaded active running RealtimeKit Scheduling Policy Service
  serial-getty@ttyS3.service loaded active running Serial Getty on ttyS3
  ssh.service                loaded active running OpenBSD Secure Shell server
  systemd-hostnamed.service  loaded active running Hostname Service
  systemd-journald.service   loaded active running Journal Service
  systemd-logind.service     loaded active running User Login Management
  systemd-timesyncd.service  loaded active running Network Time Synchronization
  systemd-udevd.service      loaded active running Rule-based Manager for Device Events and Files
  user@1000.service          loaded active running User Manager for UID 1000
  verifica-rede-led.service  loaded active running Verifica rede end0 e controla LEDs da Labrador
  wifi_bt_start.service      loaded active running LSB: Bluetooth Start
  wpa_supplicant.service     loaded active running WPA supplicant

LOAD   = Reflects whether the unit definition was properly loaded.
ACTIVE = The high-level unit activation state, i.e. generalization of SUB.
SUB    = The low-level unit activation state, values depend on unit type.
18 loaded units listed.
","/sys/class/thermal/thermal_zone0/type=cpu-temp
/sys/class/thermal/thermal_zone1/type=gpu-temp
/sys/class/thermal/thermal_zone2/type=corelogic-temp
/sys/class/thermal/thermal_zone0/temp=81525
/sys/class/thermal/thermal_zone1/temp=84021
/sys/class/thermal/thermal_zone2/temp=2781
/sys/class/hwmon/hwmon0/name=cpu_temp
/sys/class/hwmon/hwmon1/name=gpu_temp
/sys/class/hwmon/hwmon2/name=corelogic_temp
/sys/class/hwmon/hwmon0/temp1_input=81525
/sys/class/hwmon/hwmon1/temp1_input=84021
/sys/class/hwmon/hwmon2/temp1_input=2781
","CMD=gcc PATH=/usr/bin/gcc
gcc (Debian 12.2.0-14+deb12u1) 12.2.0
Copyright (C) 2022 Free Software Foundation, Inc.
CMD=g++ PATH=/usr/bin/g++
g++ (Debian 12.2.0-14+deb12u1) 12.2.0
Copyright (C) 2022 Free Software Foundation, Inc.
CMD=clang PATH=bash: line 14: clang: command not found
CMD=make PATH=/usr/bin/make
GNU Make 4.3
Built for aarch64-unknown-linux-gnu
CMD=cmake PATH=/usr/bin/cmake
cmake version 3.25.1

CMD=python3 PATH=/usr/bin/python3
Python 3.11.2
CMD=python PATH=bash: line 14: python: command not found
CMD=git PATH=/usr/bin/git
git version 2.39.5
CMD=pip3 PATH=bash: line 14: pip3: command not found
CMD=llama-cli PATH=bash: line 14: llama-cli: command not found
CMD=llama-server PATH=bash: line 14: llama-server: command not found
CMD=ollama PATH=bash: line 14: ollama: command not found
CMD=vllm PATH=bash: line 14: vllm: command not found
CMD=torchrun PATH=bash: line 14: torchrun: command not found
CMD=mpirun PATH=/usr/bin/mpirun
mpirun (Open MPI) 4.1.4

CMD=iperf3 PATH=/usr/bin/iperf3
iperf 3.12 (cJSON 1.7.15)
Linux lab6 6.1.76 #1 SMP Mon Jan 26 19:02:43 -03 2026 aarch64
/home/caninos/llama-offline.tar 1186488320
/home/caninos/llama-offline/llama.cpp/convert_llama_ggml_to_gguf.py 19112
/home/caninos/llama-offline/sources/llama.cpp.bundle 421103310
",,"[Thu Oct  1 09:03:56 2026] caninos-dwmac e0220000.ethernet end0: Link is Up - 100Mbps/Full - flow control off
[Thu Oct  1 09:03:56 2026] caninos-dwmac e0220000.ethernet end0: Link is Down
[Thu Oct  1 09:03:59 2026] caninos-dwmac e0220000.ethernet end0: Link is Up - 100Mbps/Full - flow control off
[Thu Oct  1 09:04:42 2026] caninos-dwmac e0220000.ethernet end0: Link is Down
[Thu Oct  1 09:04:45 2026] caninos-dwmac e0220000.ethernet end0: Link is Up - 100Mbps/Full - flow control off
[Thu Oct  1 09:04:45 2026] caninos-dwmac e0220000.ethernet end0: Link is Down
[Thu Oct  1 09:04:48 2026] caninos-dwmac e0220000.ethernet end0: Link is Up - 100Mbps/Full - flow control off
[Thu Oct  1 09:05:31 2026] caninos-dwmac e0220000.ethernet end0: Link is Down
[Thu Oct  1 09:05:34 2026] caninos-dwmac e0220000.ethernet end0: Link is Up - 100Mbps/Full - flow control off
[Thu Oct  1 09:05:34 2026] caninos-dwmac e0220000.ethernet end0: Link is Down
[Thu Oct  1 09:05:37 2026] caninos-dwmac e0220000.ethernet end0: Link is Up - 100Mbps/Full - flow control off
[Thu Oct  1 09:06:20 2026] caninos-dwmac e0220000.ethernet end0: Link is Down
[Thu Oct  1 09:06:23 2026] caninos-dwmac e0220000.ethernet end0: Link is Up - 100Mbps/Full - flow control off
[Thu Oct  1 09:06:23 2026] caninos-dwmac e0220000.ethernet end0: Link is Down
[Thu Oct  1 09:06:26 2026] caninos-dwmac e0220000.ethernet end0: Link is Up - 100Mbps/Full - flow control off
[Thu Oct  1 09:07:09 2026] caninos-dwmac e0220000.ethernet end0: Link is Down
[Thu Oct  1 09:07:11 2026] caninos-dwmac e0220000.ethernet end0: Link is Up - 100Mbps/Full - flow control off
[Thu Oct  1 09:07:11 2026] caninos-dwmac e0220000.ethernet end0: Link is Down
[Thu Oct  1 09:07:14 2026] caninos-dwmac e0220000.ethernet end0: Link is Up - 100Mbps/Full - flow control off
[Thu Oct  1 09:07:57 2026] caninos-dwmac e0220000.ethernet end0: Link is Down
[Thu Oct  1 09:07:59 2026] caninos-dwmac e0220000.ethernet end0: Link is Up - 100Mbps/Full - flow control off
[Thu Oct  1 09:07:59 2026] caninos-dwmac e0220000.ethernet end0: Link is Down
[Thu Oct  1 09:08:02 2026] caninos-dwmac e0220000.ethernet end0: Link is Up - 100Mbps/Full - flow control off
[Thu Oct  1 09:08:45 2026] caninos-dwmac e0220000.ethernet end0: Link is Down
[Thu Oct  1 09:08:48 2026] caninos-dwmac e0220000.ethernet end0: Link is Up - 100Mbps/Full - flow control off
[Thu Oct  1 09:08:48 2026] caninos-dwmac e0220000.ethernet end0: Link is Down
[Thu Oct  1 09:08:51 2026] caninos-dwmac e0220000.ethernet end0: Link is Up - 100Mbps/Full - flow control off
[Thu Oct  1 09:09:06 2026] caninos-dwmac e0220000.ethernet end0: Link is Down
[Thu Oct  1 09:09:21 2026] caninos-dwmac e0220000.ethernet end0: Link is Up - 100Mbps/Full - flow control off
[Thu Oct  1 09:09:21 2026] caninos-dwmac e0220000.ethernet end0: Link is Down
[Thu Oct  1 09:09:24 2026] caninos-dwmac e0220000.ethernet end0: Link is Up - 100Mbps/Full - flow control off
[Thu Oct  1 09:10:07 2026] caninos-dwmac e0220000.ethernet end0: Link is Down
[Thu Oct  1 09:10:10 2026] caninos-dwmac e0220000.ethernet end0: Link is Up - 100Mbps/Full - flow control off
[Thu Oct  1 09:10:10 2026] caninos-dwmac e0220000.ethernet end0: Link is Down
[Thu Oct  1 09:10:12 2026] caninos-dwmac e0220000.ethernet end0: Link is Up - 100Mbps/Full - flow control off
[Thu Oct  1 09:10:56 2026] caninos-dwmac e0220000.ethernet end0: Link is Down
[Thu Oct  1 09:10:58 2026] caninos-dwmac e0220000.ethernet end0: Link is Up - 100Mbps/Full - flow control off
[Thu Oct  1 09:10:58 2026] caninos-dwmac e0220000.ethernet end0: Link is Down
[Thu Oct  1 09:11:01 2026] caninos-dwmac e0220000.ethernet end0: Link is Up - 100Mbps/Full - flow control off
[Thu Oct  1 09:11:44 2026] caninos-dwmac e0220000.ethernet end0: Link is Down
[Thu Oct  1 09:11:47 2026] caninos-dwmac e0220000.ethernet end0: Link is Up - 100Mbps/Full - flow control off
[Thu Oct  1 09:11:47 2026] caninos-dwmac e0220000.ethernet end0: Link is Down
[Thu Oct  1 09:11:50 2026] caninos-dwmac e0220000.ethernet end0: Link is Up - 100Mbps/Full - flow control off
[Thu Oct  1 09:12:33 2026] caninos-dwmac e0220000.ethernet end0: Link is Down
[Thu Oct  1 09:12:35 2026] caninos-dwmac e0220000.ethernet end0: Link is Up - 100Mbps/Full - flow control off
[Thu Oct  1 09:12:35 2026] caninos-dwmac e0220000.ethernet end0: Link is Down
[Thu Oct  1 09:12:38 2026] caninos-dwmac e0220000.ethernet end0: Link is Up - 100Mbps/Full - flow control off
[Thu Oct  1 09:13:21 2026] caninos-dwmac e0220000.ethernet end0: Link is Down
[Thu Oct  1 09:13:24 2026] caninos-dwmac e0220000.ethernet end0: Link is Up - 100Mbps/Full - flow control off
[Thu Oct  1 09:13:24 2026] caninos-dwmac e0220000.ethernet end0: Link is Down
[Thu Oct  1 09:13:27 2026] caninos-dwmac e0220000.ethernet end0: Link is Up - 100Mbps/Full - flow control off
[Thu Oct  1 09:14:10 2026] caninos-dwmac e0220000.ethernet end0: Link is Down
[Thu Oct  1 09:14:13 2026] caninos-dwmac e0220000.ethernet end0: Link is Up - 100Mbps/Full - flow control off
[Thu Oct  1 09:14:13 2026] caninos-dwmac e0220000.ethernet end0: Link is Down
[Thu Oct  1 09:14:16 2026] caninos-dwmac e0220000.ethernet end0: Link is Up - 100Mbps/Full - flow control off
[Thu Oct  1 09:14:59 2026] caninos-dwmac e0220000.ethernet end0: Link is Down
[Thu Oct  1 09:15:02 2026] caninos-dwmac e0220000.ethernet end0: Link is Up - 100Mbps/Full - flow control off
[Thu Oct  1 09:15:02 2026] caninos-dwmac e0220000.ethernet end0: Link is Down
[Thu Oct  1 09:15:05 2026] caninos-dwmac e0220000.ethernet end0: Link is Up - 100Mbps/Full - flow control off
[Thu Oct  1 09:15:48 2026] caninos-dwmac e0220000.ethernet end0: Link is Down
[Thu Oct  1 09:15:51 2026] caninos-dwmac e0220000.ethernet end0: Link is Up - 100Mbps/Full - flow control off
[Thu Oct  1 09:15:51 2026] caninos-dwmac e0220000.ethernet end0: Link is Down
[Thu Oct  1 09:15:54 2026] caninos-dwmac e0220000.ethernet end0: Link is Up - 100Mbps/Full - flow control off
[Thu Oct  1 09:16:37 2026] caninos-dwmac e0220000.ethernet end0: Link is Down
[Thu Oct  1 09:16:40 2026] caninos-dwmac e0220000.ethernet end0: Link is Up - 100Mbps/Full - flow control off
[Thu Oct  1 09:16:40 2026] caninos-dwmac e0220000.ethernet end0: Link is Down
[Thu Oct  1 09:16:43 2026] caninos-dwmac e0220000.ethernet end0: Link is Up - 100Mbps/Full - flow control off
[Thu Oct  1 09:17:26 2026] caninos-dwmac e0220000.ethernet end0: Link is Down
[Thu Oct  1 09:17:29 2026] caninos-dwmac e0220000.ethernet end0: Link is Up - 100Mbps/Full - flow control off
[Thu Oct  1 09:17:29 2026] caninos-dwmac e0220000.ethernet end0: Link is Down
[Thu Oct  1 09:17:32 2026] caninos-dwmac e0220000.ethernet end0: Link is Up - 100Mbps/Full - flow control off
[Thu Oct  1 09:18:15 2026] caninos-dwmac e0220000.ethernet end0: Link is Down
[Thu Oct  1 09:18:17 2026] caninos-dwmac e0220000.ethernet end0: Link is Up - 100Mbps/Full - flow control off
[Thu Oct  1 09:18:17 2026] caninos-dwmac e0220000.ethernet end0: Link is Down
[Thu Oct  1 09:18:20 2026] caninos-dwmac e0220000.ethernet end0: Link is Up - 100Mbps/Full - flow control off
",,,data/runs/20261001T151649Z/hosts/192.168.50.200/raw.txt,
node18,192.168.50.240,True,0,lab7,11b02da9cc614528b947d24bad602e6d,"Caninos Labrador 7 (Base 2.1) 
caninos,k7

cat: /proc/device-tree/serial-number: No such file or directory

",Caninos Labrador 7 (Base 2.1),aarch64,4,"Linux lab7 6.1.76 #1 SMP Fri Feb 28 17:06:14 UTC 2025 aarch64 GNU/Linux
Architecture:                       aarch64
CPU op-mode(s):                     32-bit, 64-bit
Byte Order:                         Little Endian
CPU(s):                             4
On-line CPU(s) list:                0-3
Vendor ID:                          ARM
Model name:                         Cortex-A53
Model:                              4
Thread(s) per core:                 1
Core(s) per cluster:                4
Socket(s):                          -
Cluster(s):                         1
Stepping:                           r0p4
BogoMIPS:                           48.00
Flags:                              fp asimd evtstrm crc32 cpuid
Vulnerability Gather data sampling: Not affected
Vulnerability Itlb multihit:        Not affected
Vulnerability L1tf:                 Not affected
Vulnerability Mds:                  Not affected
Vulnerability Meltdown:             Not affected
Vulnerability Mmio stale data:      Not affected
Vulnerability Retbleed:             Not affected
Vulnerability Spec rstack overflow: Not affected
Vulnerability Spec store bypass:    Not affected
Vulnerability Spectre v1:           Mitigation; __user pointer sanitization
Vulnerability Spectre v2:           Not affected
Vulnerability Srbds:                Not affected
Vulnerability Tsx async abort:      Not affected
processor	: 0
BogoMIPS	: 48.00
Features	: fp asimd evtstrm crc32 cpuid
processor	: 1
BogoMIPS	: 48.00
Features	: fp asimd evtstrm crc32 cpuid
processor	: 2
BogoMIPS	: 48.00
Features	: fp asimd evtstrm crc32 cpuid
processor	: 3
BogoMIPS	: 48.00
Features	: fp asimd evtstrm crc32 cpuid
","PRETTY_NAME=""Debian GNU/Linux 12 (bookworm)""
NAME=""Debian GNU/Linux""
VERSION_ID=""12""
VERSION=""12 (bookworm)""
VERSION_CODENAME=bookworm
ID=debian
HOME_URL=""https://www.debian.org/""
SUPPORT_URL=""https://www.debian.org/support""
BUG_REPORT_URL=""https://bugs.debian.org/""
6.1.76
2026-09-26 12:09:53
 12:17:14 up 5 days, 7 min,  0 user,  load average: 0.19, 0.23, 0.19
2026-10-01T15:17:14Z
","               total        used        free      shared  buff/cache   available
Mem:      2034073600   347897856    64626688     3002368  1705758720  1686175744
Swap:              0           0           0
bash: line 9: swapon: command not found
MemTotal:        1986400 kB
MemFree:           62608 kB
MemAvailable:    1646152 kB
Buffers:           65144 kB
Cached:          1565680 kB
SwapCached:            0 kB
Active:           826844 kB
Inactive:         954520 kB
Active(anon):       2760 kB
Inactive(anon):   150588 kB
Active(file):     824084 kB
Inactive(file):   803932 kB
Unevictable:           0 kB
Mlocked:               0 kB
SwapTotal:             0 kB
SwapFree:              0 kB
Zswap:                 0 kB
Zswapped:              0 kB
Dirty:               812 kB
Writeback:             0 kB
AnonPages:        148560 kB
Mapped:          1339236 kB
Shmem:              2932 kB
KReclaimable:      34956 kB
Slab:              79184 kB
SReclaimable:      34956 kB
SUnreclaim:        44228 kB
KernelStack:        2448 kB
PageTables:         4568 kB
SecPageTables:         0 kB
","ALIGNMENT DISC-ALN DAX DISC-GRAN DISC-MAX DISC-ZERO FSAVAIL FSROOTS FSSIZE FSTYPE FSUSED FSUSE% FSVER GROUP HCTL HOTPLUG KNAME     LABEL LOG-SEC MAJ:MIN MIN-IO MODE       MODEL NAME        OPT-IO OWNER PARTFLAGS PARTLABEL PARTTYPE PARTTYPENAME PARTUUID                             PATH           PHY-SEC PKNAME  PTTYPE PTUUID                                RA RAND  REV RM RO ROTA RQ-SIZE SCHED       SERIAL      SIZE START STATE SUBSYSTEMS                  MOUNTPOINT MOUNTPOINTS TRAN TYPE UUID                                 VENDOR WSAME WWN ZONED ZONE-SZ ZONE-WGRAN ZONE-APP ZONE-NR ZONE-OMAX ZONE-AMAX
        0        0   0        0B       0B         0                                                   disk             0 nbd0                512  43:0      512 brw-rw----       nbd0             0 root                                                                                 /dev/nbd0          512                                                     128    0       0  0    0     256 mq-deadline               0B             block                                                   disk                                                0B     none       0B         0B       0B       0         0         0
        0        0   0        0B       0B         0                                                   disk             0 nbd1                512  43:32     512 brw-rw----       nbd1             0 root                                                                                 /dev/nbd1          512                                                     128    0       0  0    0     256 mq-deadline               0B             block                                                   disk                                                0B     none       0B         0B       0B       0         0         0
        0        0   0        0B       0B         0                                                   disk             0 nbd2                512  43:64     512 brw-rw----       nbd2             0 root                                                                                 /dev/nbd2          512                                                     128    0       0  0    0     256 mq-deadline               0B             block                                                   disk                                                0B     none       0B         0B       0B       0         0         0
        0        0   0        0B       0B         0                                                   disk             0 nbd3                512  43:96     512 brw-rw----       nbd3             0 root                                                                                 /dev/nbd3          512                                                     128    0       0  0    0     256 mq-deadline               0B             block                                                   disk                                                0B     none       0B         0B       0B       0         0         0
        0        0   0        0B       0B         0                                                   disk             0 nbd4                512  43:128    512 brw-rw----       nbd4             0 root                                                                                 /dev/nbd4          512                                                     128    0       0  0    0     256 mq-deadline               0B             block                                                   disk                                                0B     none       0B         0B       0B       0         0         0
        0        0   0        0B       0B         0                                                   disk             0 nbd5                512  43:160    512 brw-rw----       nbd5             0 root                                                                                 /dev/nbd5          512                                                     128    0       0  0    0     256 mq-deadline               0B             block                                                   disk                                                0B     none       0B         0B       0B       0         0         0
        0        0   0        0B       0B         0                                                   disk             0 nbd6                512  43:192    512 brw-rw----       nbd6             0 root                                                                                 /dev/nbd6          512                                                     128    0       0  0    0     256 mq-deadline               0B             block                                                   disk                                                0B     none       0B         0B       0B       0         0         0
        0        0   0        0B       0B         0                                                   disk             0 nbd7                512  43:224    512 brw-rw----       nbd7             0 root                                                                                 /dev/nbd7          512                                                     128    0       0  0    0     256 mq-deadline               0B             block                                                   disk                                                0B     none       0B         0B       0B       0         0         0
        0        0   0        4M    49.5M         0                                                   disk             1 mmcblk2             512 179:0      512 brw-rw----       mmcblk2          0 root                                                                                 /dev/mmcblk2       512         dos    1fb5aa6e                             128    0  0x8  0  0    0     128 mq-deadline 0xcb200026 14.6G             block:mmc:mmc_host:platform                             disk                                                0B     none       0B         0B       0B       0         0         0
        0  3145728   0        4M    49.5M         0    8.7G /        14.2G ext4     4.8G    34% 1.0   disk             1 mmcblk2p1           512 179:1      512 brw-rw----       └─mmcblk2p1      0 root  0x80                0x83     Linux        1fb5aa6e-01                          /dev/mmcblk2p1     512 mmcblk2 dos    1fb5aa6e                             128    0       0  0    0     128 mq-deadline            14.6G  2048       block:mmc:mmc_host:platform /          /                part 03ca8475-bc5d-42c6-b545-c671427a39c5           0B     none       0B         0B       0B       0         0         0
        0        0   0        0B       0B         0                                                   disk             0 nullb0              512 253:0      512 brw-rw----       nullb0           0 root                                                                                 /dev/nullb0        512                                                     128    0       0  0    0      64 none                    250G             block                                                   disk                                                0B     none       0B         0B       0B       0         0         0
        0        0   0        0B       0B         0                                                   disk             0 nbd8                512  43:256    512 brw-rw----       nbd8             0 root                                                                                 /dev/nbd8          512                                                     128    0       0  0    0     256 mq-deadline               0B             block                                                   disk                                                0B     none       0B         0B       0B       0         0         0
        0        0   0        0B       0B         0                                                   disk             0 nbd9                512  43:288    512 brw-rw----       nbd9             0 root                                                                                 /dev/nbd9          512                                                     128    0       0  0    0     256 mq-deadline               0B             block                                                   disk                                                0B     none       0B         0B       0B       0         0         0
        0        0   0        0B       0B         0                                                   disk             0 nbd10               512  43:320    512 brw-rw----       nbd10            0 root                                                                                 /dev/nbd10         512                                                     128    0       0  0    0     256 mq-deadline               0B             block                                                   disk                                                0B     none       0B         0B       0B       0         0         0
        0        0   0        0B       0B         0                                                   disk             0 nbd11               512  43:352    512 brw-rw----       nbd11            0 root                                                                                 /dev/nbd11         512                                                     128    0       0  0    0     256 mq-deadline               0B             block                                                   disk                                                0B     none       0B         0B       0B       0         0         0
        0        0   0        0B       0B         0                                                   disk             0 nbd12               512  43:384    512 brw-rw----       nbd12            0 root                                                                                 /dev/nbd12         512                                                     128    0       0  0    0     256 mq-deadline               0B             block                                                   disk                                                0B     none       0B         0B       0B       0         0         0
        0        0   0        0B       0B         0                                                   disk             0 nbd13               512  43:416    512 brw-rw----       nbd13            0 root                                                                                 /dev/nbd13         512                                                     128    0       0  0    0     256 mq-deadline               0B             block                                                   disk                                                0B     none       0B         0B       0B       0         0         0
        0        0   0        0B       0B         0                                                   disk             0 nbd14               512  43:448    512 brw-rw----       nbd14            0 root                                                                                 /dev/nbd14         512                                                     128    0       0  0    0     256 mq-deadline               0B             block                                                   disk                                                0B     none       0B         0B       0B       0         0         0
        0        0   0        0B       0B         0                                                   disk             0 nbd15               512  43:480    512 brw-rw----       nbd15            0 root                                                                                 /dev/nbd15         512                                                     128    0       0  0    0     256 mq-deadline               0B             block                                                   disk                                                0B     none       0B         0B       0B       0         0         0
Filesystem     Type      Size  Used Avail Use% Mounted on
/dev/root      ext4       15G  4.9G  8.7G  36% /
devtmpfs       devtmpfs  712M     0  712M   0% /dev
tmpfs          tmpfs     970M     0  970M   0% /dev/shm
tmpfs          tmpfs     388M  2.9M  386M   1% /run
tmpfs          tmpfs     5.0M     0  5.0M   0% /run/lock
tmpfs          tmpfs     194M     0  194M   0% /run/user/1000
","[{""ifindex"":1,""ifname"":""lo"",""flags"":[""LOOPBACK"",""UP"",""LOWER_UP""],""mtu"":65536,""qdisc"":""noqueue"",""operstate"":""UNKNOWN"",""group"":""default"",""txqlen"":1000,""link_type"":""loopback"",""address"":""00:00:00:00:00:00"",""broadcast"":""00:00:00:00:00:00"",""addr_info"":[{""family"":""inet"",""local"":""127.0.0.1"",""prefixlen"":8,""scope"":""host"",""label"":""lo"",""valid_life_time"":4294967295,""preferred_life_time"":4294967295},{""family"":""inet6"",""local"":""::1"",""prefixlen"":128,""scope"":""host"",""noprefixroute"":true,""valid_life_time"":4294967295,""preferred_life_time"":4294967295}]},{""ifindex"":2,""link"":null,""ifname"":""tunl0"",""flags"":[""NOARP""],""mtu"":1480,""qdisc"":""noop"",""operstate"":""DOWN"",""group"":""default"",""txqlen"":1000,""link_type"":""ipip"",""address"":""0.0.0.0"",""broadcast"":""0.0.0.0"",""addr_info"":[]},{""ifindex"":3,""link"":null,""ifname"":""ip6tnl0"",""flags"":[""NOARP""],""mtu"":1452,""qdisc"":""noop"",""operstate"":""DOWN"",""group"":""default"",""txqlen"":1000,""link_type"":""tunnel6"",""address"":""::"",""broadcast"":""::"",""permaddr"":""8239:e92e:798::"",""addr_info"":[]},{""ifindex"":4,""ifname"":""wlan0"",""flags"":[""NO-CARRIER"",""BROADCAST"",""MULTICAST"",""UP""],""mtu"":1500,""qdisc"":""mq"",""operstate"":""DOWN"",""group"":""default"",""txqlen"":1000,""link_type"":""ether"",""address"":""14:6b:9c:7c:45:d2"",""broadcast"":""ff:ff:ff:ff:ff:ff"",""addr_info"":[]},{""ifindex"":5,""ifname"":""end0"",""flags"":[""BROADCAST"",""MULTICAST"",""UP"",""LOWER_UP""],""mtu"":1500,""qdisc"":""mq"",""operstate"":""UP"",""group"":""default"",""txqlen"":1000,""link_type"":""ether"",""address"":""6a:5a:ed:60:07:55"",""broadcast"":""ff:ff:ff:ff:ff:ff"",""addr_info"":[{""family"":""inet"",""local"":""192.168.50.240"",""prefixlen"":24,""broadcast"":""192.168.50.255"",""scope"":""global"",""dynamic"":true,""noprefixroute"":true,""label"":""end0"",""valid_life_time"":6637,""preferred_life_time"":6637}]}]
[{""ifindex"":1,""ifname"":""lo"",""flags"":[""LOOPBACK"",""UP"",""LOWER_UP""],""mtu"":65536,""qdisc"":""noqueue"",""operstate"":""UNKNOWN"",""linkmode"":""DEFAULT"",""group"":""default"",""txqlen"":1000,""link_type"":""loopback"",""address"":""00:00:00:00:00:00"",""broadcast"":""00:00:00:00:00:00""},{""ifindex"":2,""link"":null,""ifname"":""tunl0"",""flags"":[""NOARP""],""mtu"":1480,""qdisc"":""noop"",""operstate"":""DOWN"",""linkmode"":""DEFAULT"",""group"":""default"",""txqlen"":1000,""link_type"":""ipip"",""address"":""0.0.0.0"",""broadcast"":""0.0.0.0""},{""ifindex"":3,""link"":null,""ifname"":""ip6tnl0"",""flags"":[""NOARP""],""mtu"":1452,""qdisc"":""noop"",""operstate"":""DOWN"",""linkmode"":""DEFAULT"",""group"":""default"",""txqlen"":1000,""link_type"":""tunnel6"",""address"":""::"",""broadcast"":""::"",""permaddr"":""8239:e92e:798::""},{""ifindex"":4,""ifname"":""wlan0"",""flags"":[""NO-CARRIER"",""BROADCAST"",""MULTICAST"",""UP""],""mtu"":1500,""qdisc"":""mq"",""operstate"":""DOWN"",""linkmode"":""DORMANT"",""group"":""default"",""txqlen"":1000,""link_type"":""ether"",""address"":""14:6b:9c:7c:45:d2"",""broadcast"":""ff:ff:ff:ff:ff:ff""},{""ifindex"":5,""ifname"":""end0"",""flags"":[""BROADCAST"",""MULTICAST"",""UP"",""LOWER_UP""],""mtu"":1500,""qdisc"":""mq"",""operstate"":""UP"",""linkmode"":""DEFAULT"",""group"":""default"",""txqlen"":1000,""link_type"":""ether"",""address"":""6a:5a:ed:60:07:55"",""broadcast"":""ff:ff:ff:ff:ff:ff""}]
[{""dst"":""default"",""gateway"":""192.168.50.1"",""dev"":""end0"",""protocol"":""dhcp"",""prefsrc"":""192.168.50.240"",""metric"":100,""flags"":[]},{""dst"":""192.168.50.0/24"",""dev"":""end0"",""protocol"":""kernel"",""scope"":""link"",""prefsrc"":""192.168.50.240"",""metric"":100,""flags"":[]}]
/sys/class/net/end0/address=6a:5a:ed:60:07:55
/sys/class/net/ip6tnl0/address=00:00:00:00:00:00:00:00:00:00:00:00:00:00:00:00
/sys/class/net/lo/address=00:00:00:00:00:00
/sys/class/net/tunl0/address=00:00:00:00
/sys/class/net/wlan0/address=14:6b:9c:7c:45:d2
","IF=end0
bash: line 13: ethtool: command not found
5: end0: <BROADCAST,MULTICAST,UP,LOWER_UP> mtu 1500 qdisc mq state UP mode DEFAULT group default qlen 1000
    link/ether 6a:5a:ed:60:07:55 brd ff:ff:ff:ff:ff:ff
    RX:  bytes packets errors dropped  missed   mcast           
      14375955   78047      0       0       0       0 
    TX:  bytes packets errors dropped carrier collsns           
      11948988   49154      0       0       0       0 
IF=ip6tnl0
bash: line 13: ethtool: command not found
3: ip6tnl0@NONE: <NOARP> mtu 1452 qdisc noop state DOWN mode DEFAULT group default qlen 1000
    link/tunnel6 :: brd :: permaddr 8239:e92e:798::
    RX:  bytes packets errors dropped  missed   mcast           
             0       0      0       0       0       0 
    TX:  bytes packets errors dropped carrier collsns           
             0       0      0       0       0       0 
IF=lo
bash: line 13: ethtool: command not found
1: lo: <LOOPBACK,UP,LOWER_UP> mtu 65536 qdisc noqueue state UNKNOWN mode DEFAULT group default qlen 1000
    link/loopback 00:00:00:00:00:00 brd 00:00:00:00:00:00
    RX:  bytes packets errors dropped  missed   mcast           
      71176996  878207      0       0       0       0 
    TX:  bytes packets errors dropped carrier collsns           
      71176996  878207      0       0       0       0 
IF=tunl0
bash: line 13: ethtool: command not found
2: tunl0@NONE: <NOARP> mtu 1480 qdisc noop state DOWN mode DEFAULT group default qlen 1000
    link/ipip 0.0.0.0 brd 0.0.0.0
    RX:  bytes packets errors dropped  missed   mcast           
             0       0      0       0       0       0 
    TX:  bytes packets errors dropped carrier collsns           
             0       0      0       0       0       0 
IF=wlan0
bash: line 13: ethtool: command not found
4: wlan0: <NO-CARRIER,BROADCAST,MULTICAST,UP> mtu 1500 qdisc mq state DOWN mode DORMANT group default qlen 1000
    link/ether 14:6b:9c:7c:45:d2 brd ff:ff:ff:ff:ff:ff
    RX:  bytes packets errors dropped  missed   mcast           
             0       0      0       0       0       0 
    TX:  bytes packets errors dropped carrier collsns           
             0       0      0       0       0       0 
","0.19 0.23 0.19 1/148 731770
    PID COMMAND         %CPU %MEM     ELAPSED COMMAND
 731771 ps               100  0.1       00:00 ps -eo pid,comm,pcpu,pmem,etime,args --sort=-pcpu
 731696 systemd         52.7  0.5       00:03 /lib/systemd/systemd --user
 731726 systemd-hostnam 27.8  0.2       00:00 /lib/systemd/systemd-hostnamed
 731718 bash             7.1  0.1       00:01 bash -s
 731684 sshd             3.2  0.4       00:03 sshd: caninos [priv]
 731717 sshd             1.6  0.3       00:01 sshd: caninos@notty
    441 NetworkManager   0.4  1.1  5-00:07:11 /usr/sbin/NetworkManager --no-daemon
 710715 kworker/3:3-mm_  0.3  0.0    02:58:39 [kworker/3:3-mm_percpu_wq]
 726437 kworker/3:1-eve  0.3  0.0       43:05 [kworker/3:1-events_long]
 722523 kworker/3:0-eve  0.3  0.0    01:16:50 [kworker/3:0-events]
    501 RTW_CMD_THREAD   0.1  0.0  5-00:07:07 [RTW_CMD_THREAD]
    567 verifica_rede_l  0.0  0.1  5-00:07:01 /bin/bash /usr/local/bin/verifica_rede_led.sh
    244 systemd-journal  0.0  3.7  5-00:07:15 /lib/systemd/systemd-journald
    423 dbus-daemon      0.0  0.2  5-00:07:11 /usr/bin/dbus-daemon --system --address=systemd: --nofork --nopidfile --systemd-activation --syslog-only
    506 wpa_supplicant   0.0  0.5  5-00:07:07 /sbin/wpa_supplicant -u -s -O DIR=/run/wpa_supplicant GROUP=netdev
    286 systemd-timesyn  0.0  0.3  5-00:07:14 /lib/systemd/systemd-timesyncd
    367 ksdioirqd/mmc1   0.0  0.0  5-00:07:12 [ksdioirqd/mmc1]
    426 rsyslogd         0.0  0.4  5-00:07:11 /usr/sbin/rsyslogd -n -iNONE
 731171 kworker/0:0-eve  0.0  0.0       04:28 [kworker/0:0-events]
      1 systemd          0.0  0.6  5-00:07:21 /sbin/init
 729783 kworker/0:2-eve  0.0  0.0       14:33 [kworker/0:2-events_freezable]
    564 llama-server     0.0 68.8  5-00:07:01 /home/caninos/llama-offline/llama.cpp/build/bin/llama-server --model /home/caninos/llama-offline/models/qwen2.5-1.5b-instruct-q5_k_m.gguf --host 0.0.0.0 --port 8080 --threads 4 --ctx-size 1024 --device none
 730392 kworker/0:1-mm_  0.0  0.0       09:31 [kworker/0:1-mm_percpu_wq]
     14 rcu_sched        0.0  0.0  5-00:07:21 [rcu_sched]
  UNIT                       LOAD   ACTIVE SUB     DESCRIPTION
  cron.service               loaded active running Regular background program processing daemon
  dbus.service               loaded active running D-Bus System Message Bus
  getty@tty1.service         loaded active running Getty on tty1
  led-udp.service            loaded active running LED UDP Control Service
  llama-server.service       loaded active running Servidor llama.cpp com Qwen2.5 1.5B
  ModemManager.service       loaded active running Modem Manager
  NetworkManager.service     loaded active running Network Manager
  polkit.service             loaded active running Authorization Manager
  rsyslog.service            loaded active running System Logging Service
  serial-getty@ttyS3.service loaded active running Serial Getty on ttyS3
  ssh.service                loaded active running OpenBSD Secure Shell server
  systemd-hostnamed.service  loaded active running Hostname Service
  systemd-journald.service   loaded active running Journal Service
  systemd-logind.service     loaded active running User Login Management
  systemd-timesyncd.service  loaded active running Network Time Synchronization
  systemd-udevd.service      loaded active running Rule-based Manager for Device Events and Files
  user@1000.service          loaded active running User Manager for UID 1000
  verifica-rede-led.service  loaded active running Verifica rede end0 e controla LEDs da Labrador
  wpa_supplicant.service     loaded active running WPA supplicant

LOAD   = Reflects whether the unit definition was properly loaded.
ACTIVE = The high-level unit activation state, i.e. generalization of SUB.
SUB    = The low-level unit activation state, values depend on unit type.
19 loaded units listed.
","/sys/class/thermal/thermal_zone0/type=cpu-temp
/sys/class/thermal/thermal_zone1/type=gpu-temp
/sys/class/thermal/thermal_zone2/type=corelogic-temp
/sys/class/thermal/thermal_zone0/temp=47854
/sys/class/thermal/thermal_zone1/temp=80681
/sys/class/thermal/thermal_zone2/temp=79096
/sys/class/hwmon/hwmon0/name=cpu_temp
/sys/class/hwmon/hwmon1/name=gpu_temp
/sys/class/hwmon/hwmon2/name=corelogic_temp
/sys/class/hwmon/hwmon0/temp1_input=47854
/sys/class/hwmon/hwmon1/temp1_input=80681
/sys/class/hwmon/hwmon2/temp1_input=79096
","CMD=gcc PATH=/usr/bin/gcc
gcc (Debian 12.2.0-14+deb12u1) 12.2.0
Copyright (C) 2022 Free Software Foundation, Inc.
CMD=g++ PATH=/usr/bin/g++
g++ (Debian 12.2.0-14+deb12u1) 12.2.0
Copyright (C) 2022 Free Software Foundation, Inc.
CMD=clang PATH=bash: line 14: clang: command not found
CMD=make PATH=/usr/bin/make
GNU Make 4.3
Built for aarch64-unknown-linux-gnu
CMD=cmake PATH=/usr/bin/cmake
cmake version 3.25.1

CMD=python3 PATH=/usr/bin/python3
Python 3.11.2
CMD=python PATH=bash: line 14: python: command not found
CMD=git PATH=/usr/bin/git
git version 2.39.5
CMD=pip3 PATH=bash: line 14: pip3: command not found
CMD=llama-cli PATH=bash: line 14: llama-cli: command not found
CMD=llama-server PATH=bash: line 14: llama-server: command not found
CMD=ollama PATH=bash: line 14: ollama: command not found
CMD=vllm PATH=bash: line 14: vllm: command not found
CMD=torchrun PATH=bash: line 14: torchrun: command not found
CMD=mpirun PATH=/usr/bin/mpirun
mpirun (Open MPI) 4.1.4

CMD=iperf3 PATH=/usr/bin/iperf3
iperf 3.12 (cJSON 1.7.15)
Linux lab7 6.1.76 #1 SMP Fri Feb 28 17:06:14 UTC 2025 aarch64
/home/caninos/llama-offline/llama.cpp/convert_llama_ggml_to_gguf.py 19112
",,"[Thu Oct  1 09:03:03 2026] caninos-dwmac e0220000.ethernet end0: Link is Up - 100Mbps/Full - flow control off
[Thu Oct  1 09:03:03 2026] caninos-dwmac e0220000.ethernet end0: Link is Down
[Thu Oct  1 09:03:07 2026] caninos-dwmac e0220000.ethernet end0: Link is Up - 100Mbps/Full - flow control off
[Thu Oct  1 09:03:49 2026] caninos-dwmac e0220000.ethernet end0: Link is Down
[Thu Oct  1 09:03:52 2026] caninos-dwmac e0220000.ethernet end0: Link is Up - 100Mbps/Full - flow control off
[Thu Oct  1 09:03:52 2026] caninos-dwmac e0220000.ethernet end0: Link is Down
[Thu Oct  1 09:03:56 2026] caninos-dwmac e0220000.ethernet end0: Link is Up - 100Mbps/Full - flow control off
[Thu Oct  1 09:04:38 2026] caninos-dwmac e0220000.ethernet end0: Link is Down
[Thu Oct  1 09:04:40 2026] caninos-dwmac e0220000.ethernet end0: Link is Up - 100Mbps/Full - flow control off
[Thu Oct  1 09:04:40 2026] caninos-dwmac e0220000.ethernet end0: Link is Down
[Thu Oct  1 09:04:44 2026] caninos-dwmac e0220000.ethernet end0: Link is Up - 100Mbps/Full - flow control off
[Thu Oct  1 09:05:26 2026] caninos-dwmac e0220000.ethernet end0: Link is Down
[Thu Oct  1 09:05:28 2026] caninos-dwmac e0220000.ethernet end0: Link is Up - 100Mbps/Full - flow control off
[Thu Oct  1 09:05:28 2026] caninos-dwmac e0220000.ethernet end0: Link is Down
[Thu Oct  1 09:05:32 2026] caninos-dwmac e0220000.ethernet end0: Link is Up - 100Mbps/Full - flow control off
[Thu Oct  1 09:06:14 2026] caninos-dwmac e0220000.ethernet end0: Link is Down
[Thu Oct  1 09:06:16 2026] caninos-dwmac e0220000.ethernet end0: Link is Up - 100Mbps/Full - flow control off
[Thu Oct  1 09:06:16 2026] caninos-dwmac e0220000.ethernet end0: Link is Down
[Thu Oct  1 09:06:20 2026] caninos-dwmac e0220000.ethernet end0: Link is Up - 100Mbps/Full - flow control off
[Thu Oct  1 09:07:02 2026] caninos-dwmac e0220000.ethernet end0: Link is Down
[Thu Oct  1 09:07:05 2026] caninos-dwmac e0220000.ethernet end0: Link is Up - 100Mbps/Full - flow control off
[Thu Oct  1 09:07:05 2026] caninos-dwmac e0220000.ethernet end0: Link is Down
[Thu Oct  1 09:07:09 2026] caninos-dwmac e0220000.ethernet end0: Link is Up - 100Mbps/Full - flow control off
[Thu Oct  1 09:07:51 2026] caninos-dwmac e0220000.ethernet end0: Link is Down
[Thu Oct  1 09:07:54 2026] caninos-dwmac e0220000.ethernet end0: Link is Up - 100Mbps/Full - flow control off
[Thu Oct  1 09:07:54 2026] caninos-dwmac e0220000.ethernet end0: Link is Down
[Thu Oct  1 09:07:58 2026] caninos-dwmac e0220000.ethernet end0: Link is Up - 100Mbps/Full - flow control off
[Thu Oct  1 09:08:40 2026] caninos-dwmac e0220000.ethernet end0: Link is Down
[Thu Oct  1 09:08:43 2026] caninos-dwmac e0220000.ethernet end0: Link is Up - 100Mbps/Full - flow control off
[Thu Oct  1 09:08:43 2026] caninos-dwmac e0220000.ethernet end0: Link is Down
[Thu Oct  1 09:08:47 2026] caninos-dwmac e0220000.ethernet end0: Link is Up - 100Mbps/Full - flow control off
[Thu Oct  1 09:09:08 2026] caninos-dwmac e0220000.ethernet end0: Link is Down
[Thu Oct  1 09:09:24 2026] caninos-dwmac e0220000.ethernet end0: Link is Up - 100Mbps/Full - flow control off
[Thu Oct  1 09:09:24 2026] caninos-dwmac e0220000.ethernet end0: Link is Down
[Thu Oct  1 09:09:27 2026] caninos-dwmac e0220000.ethernet end0: Link is Up - 100Mbps/Full - flow control off
[Thu Oct  1 09:10:09 2026] caninos-dwmac e0220000.ethernet end0: Link is Down
[Thu Oct  1 09:10:12 2026] caninos-dwmac e0220000.ethernet end0: Link is Up - 100Mbps/Full - flow control off
[Thu Oct  1 09:10:12 2026] caninos-dwmac e0220000.ethernet end0: Link is Down
[Thu Oct  1 09:10:16 2026] caninos-dwmac e0220000.ethernet end0: Link is Up - 100Mbps/Full - flow control off
[Thu Oct  1 09:10:58 2026] caninos-dwmac e0220000.ethernet end0: Link is Down
[Thu Oct  1 09:11:01 2026] caninos-dwmac e0220000.ethernet end0: Link is Up - 100Mbps/Full - flow control off
[Thu Oct  1 09:11:01 2026] caninos-dwmac e0220000.ethernet end0: Link is Down
[Thu Oct  1 09:11:05 2026] caninos-dwmac e0220000.ethernet end0: Link is Up - 100Mbps/Full - flow control off
[Thu Oct  1 09:11:47 2026] caninos-dwmac e0220000.ethernet end0: Link is Down
[Thu Oct  1 09:11:50 2026] caninos-dwmac e0220000.ethernet end0: Link is Up - 100Mbps/Full - flow control off
[Thu Oct  1 09:11:50 2026] caninos-dwmac e0220000.ethernet end0: Link is Down
[Thu Oct  1 09:11:54 2026] caninos-dwmac e0220000.ethernet end0: Link is Up - 100Mbps/Full - flow control off
[Thu Oct  1 09:12:36 2026] caninos-dwmac e0220000.ethernet end0: Link is Down
[Thu Oct  1 09:12:39 2026] caninos-dwmac e0220000.ethernet end0: Link is Up - 100Mbps/Full - flow control off
[Thu Oct  1 09:12:39 2026] caninos-dwmac e0220000.ethernet end0: Link is Down
[Thu Oct  1 09:12:43 2026] caninos-dwmac e0220000.ethernet end0: Link is Up - 100Mbps/Full - flow control off
[Thu Oct  1 09:13:25 2026] caninos-dwmac e0220000.ethernet end0: Link is Down
[Thu Oct  1 09:13:28 2026] caninos-dwmac e0220000.ethernet end0: Link is Up - 100Mbps/Full - flow control off
[Thu Oct  1 09:13:28 2026] caninos-dwmac e0220000.ethernet end0: Link is Down
[Thu Oct  1 09:13:32 2026] caninos-dwmac e0220000.ethernet end0: Link is Up - 100Mbps/Full - flow control off
[Thu Oct  1 09:14:14 2026] caninos-dwmac e0220000.ethernet end0: Link is Down
[Thu Oct  1 09:14:17 2026] caninos-dwmac e0220000.ethernet end0: Link is Up - 100Mbps/Full - flow control off
[Thu Oct  1 09:14:17 2026] caninos-dwmac e0220000.ethernet end0: Link is Down
[Thu Oct  1 09:14:21 2026] caninos-dwmac e0220000.ethernet end0: Link is Up - 100Mbps/Full - flow control off
[Thu Oct  1 09:15:03 2026] caninos-dwmac e0220000.ethernet end0: Link is Down
[Thu Oct  1 09:15:06 2026] caninos-dwmac e0220000.ethernet end0: Link is Up - 100Mbps/Full - flow control off
[Thu Oct  1 09:15:06 2026] caninos-dwmac e0220000.ethernet end0: Link is Down
[Thu Oct  1 09:15:10 2026] caninos-dwmac e0220000.ethernet end0: Link is Up - 100Mbps/Full - flow control off
[Thu Oct  1 09:15:52 2026] caninos-dwmac e0220000.ethernet end0: Link is Down
[Thu Oct  1 09:15:54 2026] caninos-dwmac e0220000.ethernet end0: Link is Up - 100Mbps/Full - flow control off
[Thu Oct  1 09:15:54 2026] caninos-dwmac e0220000.ethernet end0: Link is Down
[Thu Oct  1 09:15:58 2026] caninos-dwmac e0220000.ethernet end0: Link is Up - 100Mbps/Full - flow control off
[Thu Oct  1 09:16:40 2026] caninos-dwmac e0220000.ethernet end0: Link is Down
[Thu Oct  1 09:16:42 2026] caninos-dwmac e0220000.ethernet end0: Link is Up - 100Mbps/Full - flow control off
[Thu Oct  1 09:16:42 2026] caninos-dwmac e0220000.ethernet end0: Link is Down
[Thu Oct  1 09:16:46 2026] caninos-dwmac e0220000.ethernet end0: Link is Up - 100Mbps/Full - flow control off
[Thu Oct  1 09:17:28 2026] caninos-dwmac e0220000.ethernet end0: Link is Down
[Thu Oct  1 09:17:30 2026] caninos-dwmac e0220000.ethernet end0: Link is Up - 100Mbps/Full - flow control off
[Thu Oct  1 09:17:30 2026] caninos-dwmac e0220000.ethernet end0: Link is Down
[Thu Oct  1 09:17:34 2026] caninos-dwmac e0220000.ethernet end0: Link is Up - 100Mbps/Full - flow control off
",,,data/runs/20261001T151649Z/hosts/192.168.50.240/raw.txt,
node19,192.168.50.141,True,0,lab1,11b02da9cc614528b947d24bad602e6d,"Caninos Labrador 7 (Base 2.1) 
caninos,k7

cat: /proc/device-tree/serial-number: No such file or directory

",Caninos Labrador 7 (Base 2.1),aarch64,4,"Linux lab1 6.1.76 #1 SMP Fri Feb 28 17:06:14 UTC 2025 aarch64 GNU/Linux
Architecture:                       aarch64
CPU op-mode(s):                     32-bit, 64-bit
Byte Order:                         Little Endian
CPU(s):                             4
On-line CPU(s) list:                0-3
Vendor ID:                          ARM
Model name:                         Cortex-A53
Model:                              4
Thread(s) per core:                 1
Core(s) per cluster:                4
Socket(s):                          -
Cluster(s):                         1
Stepping:                           r0p4
BogoMIPS:                           48.00
Flags:                              fp asimd evtstrm crc32 cpuid
Vulnerability Gather data sampling: Not affected
Vulnerability Itlb multihit:        Not affected
Vulnerability L1tf:                 Not affected
Vulnerability Mds:                  Not affected
Vulnerability Meltdown:             Not affected
Vulnerability Mmio stale data:      Not affected
Vulnerability Retbleed:             Not affected
Vulnerability Spec rstack overflow: Not affected
Vulnerability Spec store bypass:    Not affected
Vulnerability Spectre v1:           Mitigation; __user pointer sanitization
Vulnerability Spectre v2:           Not affected
Vulnerability Srbds:                Not affected
Vulnerability Tsx async abort:      Not affected
processor	: 0
BogoMIPS	: 48.00
Features	: fp asimd evtstrm crc32 cpuid
processor	: 1
BogoMIPS	: 48.00
Features	: fp asimd evtstrm crc32 cpuid
processor	: 2
BogoMIPS	: 48.00
Features	: fp asimd evtstrm crc32 cpuid
processor	: 3
BogoMIPS	: 48.00
Features	: fp asimd evtstrm crc32 cpuid
","PRETTY_NAME=""Debian GNU/Linux 12 (bookworm)""
NAME=""Debian GNU/Linux""
VERSION_ID=""12""
VERSION=""12 (bookworm)""
VERSION_CODENAME=bookworm
ID=debian
HOME_URL=""https://www.debian.org/""
SUPPORT_URL=""https://www.debian.org/support""
BUG_REPORT_URL=""https://bugs.debian.org/""
6.1.76
2026-09-26 12:09:55
 12:17:12 up 5 days, 7 min,  1 user,  load average: 0.41, 0.22, 0.19
2026-10-01T15:17:12Z
","               total        used        free      shared  buff/cache   available
Mem:      2034073600   218124288  1655578624     2990080   238239744  1815949312
Swap:     1073737728           0  1073737728
bash: line 9: swapon: command not found
MemTotal:        1986400 kB
MemFree:         1616776 kB
MemAvailable:    1773388 kB
Buffers:           62220 kB
Cached:           148092 kB
SwapCached:            0 kB
Active:           147360 kB
Inactive:         107704 kB
Active(anon):       2760 kB
Inactive(anon):    44912 kB
Active(file):     144600 kB
Inactive(file):    62792 kB
Unevictable:           0 kB
Mlocked:               0 kB
SwapTotal:       1048572 kB
SwapFree:        1048572 kB
Zswap:                 0 kB
Zswapped:              0 kB
Dirty:               424 kB
Writeback:             0 kB
AnonPages:         44860 kB
Mapped:            50392 kB
Shmem:              2920 kB
KReclaimable:      22344 kB
Slab:              47256 kB
SReclaimable:      22344 kB
SUnreclaim:        24912 kB
KernelStack:        2096 kB
PageTables:         1504 kB
SecPageTables:         0 kB
","ALIGNMENT DISC-ALN DAX DISC-GRAN DISC-MAX DISC-ZERO FSAVAIL FSROOTS FSSIZE FSTYPE FSUSED FSUSE% FSVER GROUP HCTL HOTPLUG KNAME     LABEL LOG-SEC MAJ:MIN MIN-IO MODE       MODEL NAME        OPT-IO OWNER PARTFLAGS PARTLABEL PARTTYPE PARTTYPENAME PARTUUID                             PATH           PHY-SEC PKNAME  PTTYPE PTUUID                                RA RAND  REV RM RO ROTA RQ-SIZE SCHED       SERIAL      SIZE START STATE SUBSYSTEMS                  MOUNTPOINT MOUNTPOINTS TRAN TYPE UUID                                 VENDOR WSAME WWN ZONED ZONE-SZ ZONE-WGRAN ZONE-APP ZONE-NR ZONE-OMAX ZONE-AMAX
        0        0   0        0B       0B         0                                                   disk             0 nbd0                512  43:0      512 brw-rw----       nbd0             0 root                                                                                 /dev/nbd0          512                                                     128    0       0  0    0     256 mq-deadline               0B             block                                                   disk                                                0B     none       0B         0B       0B       0         0         0
        0        0   0        0B       0B         0                                                   disk             0 nbd1                512  43:32     512 brw-rw----       nbd1             0 root                                                                                 /dev/nbd1          512                                                     128    0       0  0    0     256 mq-deadline               0B             block                                                   disk                                                0B     none       0B         0B       0B       0         0         0
        0        0   0        0B       0B         0                                                   disk             0 nbd2                512  43:64     512 brw-rw----       nbd2             0 root                                                                                 /dev/nbd2          512                                                     128    0       0  0    0     256 mq-deadline               0B             block                                                   disk                                                0B     none       0B         0B       0B       0         0         0
        0        0   0        0B       0B         0                                                   disk             0 nbd3                512  43:96     512 brw-rw----       nbd3             0 root                                                                                 /dev/nbd3          512                                                     128    0       0  0    0     256 mq-deadline               0B             block                                                   disk                                                0B     none       0B         0B       0B       0         0         0
        0        0   0        0B       0B         0                                                   disk             0 nbd4                512  43:128    512 brw-rw----       nbd4             0 root                                                                                 /dev/nbd4          512                                                     128    0       0  0    0     256 mq-deadline               0B             block                                                   disk                                                0B     none       0B         0B       0B       0         0         0
        0        0   0        0B       0B         0                                                   disk             0 nbd5                512  43:160    512 brw-rw----       nbd5             0 root                                                                                 /dev/nbd5          512                                                     128    0       0  0    0     256 mq-deadline               0B             block                                                   disk                                                0B     none       0B         0B       0B       0         0         0
        0        0   0        0B       0B         0                                                   disk             0 nbd6                512  43:192    512 brw-rw----       nbd6             0 root                                                                                 /dev/nbd6          512                                                     128    0       0  0    0     256 mq-deadline               0B             block                                                   disk                                                0B     none       0B         0B       0B       0         0         0
        0        0   0        0B       0B         0                                                   disk             0 nbd7                512  43:224    512 brw-rw----       nbd7             0 root                                                                                 /dev/nbd7          512                                                     128    0       0  0    0     256 mq-deadline               0B             block                                                   disk                                                0B     none       0B         0B       0B       0         0         0
        0        0   0        4M    49.5M         0                                                   disk             1 mmcblk2             512 179:0      512 brw-rw----       mmcblk2          0 root                                                                                 /dev/mmcblk2       512         dos    874bbde8                             128    0  0x8  0  0    0     128 mq-deadline 0xcb1c010c 14.6G             block:mmc:mmc_host:platform                             disk                                                0B     none       0B         0B       0B       0         0         0
        0  3145728   0        4M    49.5M         0    8.5G /        14.2G ext4       5G    35% 1.0   disk             1 mmcblk2p1           512 179:1      512 brw-rw----       └─mmcblk2p1      0 root  0x80                0x83     Linux        874bbde8-01                          /dev/mmcblk2p1     512 mmcblk2 dos    874bbde8                             128    0       0  0    0     128 mq-deadline            14.6G  2048       block:mmc:mmc_host:platform /          /                part 288c7a38-71d7-4e09-9ef6-7fffe8322de1           0B     none       0B         0B       0B       0         0         0
        0        0   0        0B       0B         0                                                   disk             0 nullb0              512 253:0      512 brw-rw----       nullb0           0 root                                                                                 /dev/nullb0        512                                                     128    0       0  0    0      64 none                    250G             block                                                   disk                                                0B     none       0B         0B       0B       0         0         0
        0        0   0        0B       0B         0                                                   disk             0 nbd8                512  43:256    512 brw-rw----       nbd8             0 root                                                                                 /dev/nbd8          512                                                     128    0       0  0    0     256 mq-deadline               0B             block                                                   disk                                                0B     none       0B         0B       0B       0         0         0
        0        0   0        0B       0B         0                                                   disk             0 nbd9                512  43:288    512 brw-rw----       nbd9             0 root                                                                                 /dev/nbd9          512                                                     128    0       0  0    0     256 mq-deadline               0B             block                                                   disk                                                0B     none       0B         0B       0B       0         0         0
        0        0   0        0B       0B         0                                                   disk             0 nbd10               512  43:320    512 brw-rw----       nbd10            0 root                                                                                 /dev/nbd10         512                                                     128    0       0  0    0     256 mq-deadline               0B             block                                                   disk                                                0B     none       0B         0B       0B       0         0         0
        0        0   0        0B       0B         0                                                   disk             0 nbd11               512  43:352    512 brw-rw----       nbd11            0 root                                                                                 /dev/nbd11         512                                                     128    0       0  0    0     256 mq-deadline               0B             block                                                   disk                                                0B     none       0B         0B       0B       0         0         0
        0        0   0        0B       0B         0                                                   disk             0 nbd12               512  43:384    512 brw-rw----       nbd12            0 root                                                                                 /dev/nbd12         512                                                     128    0       0  0    0     256 mq-deadline               0B             block                                                   disk                                                0B     none       0B         0B       0B       0         0         0
        0        0   0        0B       0B         0                                                   disk             0 nbd13               512  43:416    512 brw-rw----       nbd13            0 root                                                                                 /dev/nbd13         512                                                     128    0       0  0    0     256 mq-deadline               0B             block                                                   disk                                                0B     none       0B         0B       0B       0         0         0
        0        0   0        0B       0B         0                                                   disk             0 nbd14               512  43:448    512 brw-rw----       nbd14            0 root                                                                                 /dev/nbd14         512                                                     128    0       0  0    0     256 mq-deadline               0B             block                                                   disk                                                0B     none       0B         0B       0B       0         0         0
        0        0   0        0B       0B         0                                                   disk             0 nbd15               512  43:480    512 brw-rw----       nbd15            0 root                                                                                 /dev/nbd15         512                                                     128    0       0  0    0     256 mq-deadline               0B             block                                                   disk                                                0B     none       0B         0B       0B       0         0         0
Filesystem     Type      Size  Used Avail Use% Mounted on
/dev/root      ext4       15G  5.0G  8.6G  37% /
devtmpfs       devtmpfs  712M     0  712M   0% /dev
tmpfs          tmpfs     970M     0  970M   0% /dev/shm
tmpfs          tmpfs     388M  2.9M  386M   1% /run
tmpfs          tmpfs     5.0M     0  5.0M   0% /run/lock
tmpfs          tmpfs     194M     0  194M   0% /run/user/1000
","[{""ifindex"":1,""ifname"":""lo"",""flags"":[""LOOPBACK"",""UP"",""LOWER_UP""],""mtu"":65536,""qdisc"":""noqueue"",""operstate"":""UNKNOWN"",""group"":""default"",""txqlen"":1000,""link_type"":""loopback"",""address"":""00:00:00:00:00:00"",""broadcast"":""00:00:00:00:00:00"",""addr_info"":[{""family"":""inet"",""local"":""127.0.0.1"",""prefixlen"":8,""scope"":""host"",""label"":""lo"",""valid_life_time"":4294967295,""preferred_life_time"":4294967295},{""family"":""inet6"",""local"":""::1"",""prefixlen"":128,""scope"":""host"",""noprefixroute"":true,""valid_life_time"":4294967295,""preferred_life_time"":4294967295}]},{""ifindex"":2,""link"":null,""ifname"":""tunl0"",""flags"":[""NOARP""],""mtu"":1480,""qdisc"":""noop"",""operstate"":""DOWN"",""group"":""default"",""txqlen"":1000,""link_type"":""ipip"",""address"":""0.0.0.0"",""broadcast"":""0.0.0.0"",""addr_info"":[]},{""ifindex"":3,""link"":null,""ifname"":""ip6tnl0"",""flags"":[""NOARP""],""mtu"":1452,""qdisc"":""noop"",""operstate"":""DOWN"",""group"":""default"",""txqlen"":1000,""link_type"":""tunnel6"",""address"":""::"",""broadcast"":""::"",""permaddr"":""9ef4:7347:5f1e::"",""addr_info"":[]},{""ifindex"":4,""ifname"":""end0"",""flags"":[""BROADCAST"",""MULTICAST"",""UP"",""LOWER_UP""],""mtu"":1500,""qdisc"":""mq"",""operstate"":""UP"",""group"":""default"",""txqlen"":1000,""link_type"":""ether"",""address"":""3e:0a:4a:b6:58:f4"",""broadcast"":""ff:ff:ff:ff:ff:ff"",""addr_info"":[{""family"":""inet"",""local"":""192.168.50.141"",""prefixlen"":24,""broadcast"":""192.168.50.255"",""scope"":""global"",""dynamic"":true,""noprefixroute"":true,""label"":""end0"",""valid_life_time"":6356,""preferred_life_time"":6356},{""family"":""inet6"",""local"":""fe80::4f43:4a8d:8734:9bea"",""prefixlen"":64,""scope"":""link"",""noprefixroute"":true,""valid_life_time"":4294967295,""preferred_life_time"":4294967295}]}]
[{""ifindex"":1,""ifname"":""lo"",""flags"":[""LOOPBACK"",""UP"",""LOWER_UP""],""mtu"":65536,""qdisc"":""noqueue"",""operstate"":""UNKNOWN"",""linkmode"":""DEFAULT"",""group"":""default"",""txqlen"":1000,""link_type"":""loopback"",""address"":""00:00:00:00:00:00"",""broadcast"":""00:00:00:00:00:00""},{""ifindex"":2,""link"":null,""ifname"":""tunl0"",""flags"":[""NOARP""],""mtu"":1480,""qdisc"":""noop"",""operstate"":""DOWN"",""linkmode"":""DEFAULT"",""group"":""default"",""txqlen"":1000,""link_type"":""ipip"",""address"":""0.0.0.0"",""broadcast"":""0.0.0.0""},{""ifindex"":3,""link"":null,""ifname"":""ip6tnl0"",""flags"":[""NOARP""],""mtu"":1452,""qdisc"":""noop"",""operstate"":""DOWN"",""linkmode"":""DEFAULT"",""group"":""default"",""txqlen"":1000,""link_type"":""tunnel6"",""address"":""::"",""broadcast"":""::"",""permaddr"":""9ef4:7347:5f1e::""},{""ifindex"":4,""ifname"":""end0"",""flags"":[""BROADCAST"",""MULTICAST"",""UP"",""LOWER_UP""],""mtu"":1500,""qdisc"":""mq"",""operstate"":""UP"",""linkmode"":""DEFAULT"",""group"":""default"",""txqlen"":1000,""link_type"":""ether"",""address"":""3e:0a:4a:b6:58:f4"",""broadcast"":""ff:ff:ff:ff:ff:ff""}]
[{""dst"":""default"",""gateway"":""192.168.50.1"",""dev"":""end0"",""protocol"":""dhcp"",""prefsrc"":""192.168.50.141"",""metric"":100,""flags"":[]},{""dst"":""192.168.50.0/24"",""dev"":""end0"",""protocol"":""kernel"",""scope"":""link"",""prefsrc"":""192.168.50.141"",""metric"":100,""flags"":[]}]
/sys/class/net/end0/address=3e:0a:4a:b6:58:f4
/sys/class/net/ip6tnl0/address=00:00:00:00:00:00:00:00:00:00:00:00:00:00:00:00
/sys/class/net/lo/address=00:00:00:00:00:00
/sys/class/net/tunl0/address=00:00:00:00
","IF=end0
bash: line 13: ethtool: command not found
4: end0: <BROADCAST,MULTICAST,UP,LOWER_UP> mtu 1500 qdisc mq state UP mode DEFAULT group default qlen 1000
    link/ether 3e:0a:4a:b6:58:f4 brd ff:ff:ff:ff:ff:ff
    RX:  bytes packets errors dropped  missed   mcast           
       8416451   49787      0       0       0       0 
    TX:  bytes packets errors dropped carrier collsns           
       1632735   11107      0       0       0       0 
IF=ip6tnl0
bash: line 13: ethtool: command not found
3: ip6tnl0@NONE: <NOARP> mtu 1452 qdisc noop state DOWN mode DEFAULT group default qlen 1000
    link/tunnel6 :: brd :: permaddr 9ef4:7347:5f1e::
    RX:  bytes packets errors dropped  missed   mcast           
             0       0      0       0       0       0 
    TX:  bytes packets errors dropped carrier collsns           
             0       0      0       0       0       0 
IF=lo
bash: line 13: ethtool: command not found
1: lo: <LOOPBACK,UP,LOWER_UP> mtu 65536 qdisc noqueue state UNKNOWN mode DEFAULT group default qlen 1000
    link/loopback 00:00:00:00:00:00 brd 00:00:00:00:00:00
    RX:  bytes packets errors dropped  missed   mcast           
      77742654  959631      0       0       0       0 
    TX:  bytes packets errors dropped carrier collsns           
      77742654  959631      0       0       0       0 
IF=tunl0
bash: line 13: ethtool: command not found
2: tunl0@NONE: <NOARP> mtu 1480 qdisc noop state DOWN mode DEFAULT group default qlen 1000
    link/ipip 0.0.0.0 brd 0.0.0.0
    RX:  bytes packets errors dropped  missed   mcast           
             0       0      0       0       0       0 
    TX:  bytes packets errors dropped carrier collsns           
             0       0      0       0       0       0 
","0.41 0.22 0.19 1/126 8065
    PID COMMAND         %CPU %MEM     ELAPSED COMMAND
   8066 ps              66.6  0.1       00:00 ps -eo pid,comm,pcpu,pmem,etime,args --sort=-pcpu
   8022 systemd-hostnam 24.7  0.2       00:01 /lib/systemd/systemd-hostnamed
   8015 bash             5.7  0.1       00:01 bash -s
   8008 sshd             5.4  0.4       00:01 sshd: caninos [priv]
   8014 sshd             1.5  0.3       00:01 sshd: caninos@notty
     16 kworker/0:1-mm_  0.5  0.0  5-00:07:18 [kworker/0:1-mm_percpu_wq]
    323 kworker/0:4-eve  0.3  0.0  5-00:07:09 [kworker/0:4-events_power_efficient]
     61 kworker/0:2-eve  0.1  0.0  5-00:07:17 [kworker/0:2-events]
    267 systemd-timesyn  0.0  0.3  5-00:07:11 /lib/systemd/systemd-timesyncd
   7969 kworker/3:2-eve  0.0  0.0       02:28 [kworker/3:2-events]
      1 systemd          0.0  0.6  5-00:07:18 /sbin/init
   7952 kworker/3:0-mm_  0.0  0.0       10:18 [kworker/3:0-mm_percpu_wq]
    351 NetworkManager   0.0  1.0  5-00:07:08 /usr/sbin/NetworkManager --no-daemon
   7958 kworker/1:1H-mm  0.0  0.0       08:20 [kworker/1:1H-mmc_complete]
   3453 kworker/2:2-eve  0.0  0.0  2-12:13:01 [kworker/2:2-events]
   5546 systemd          0.0  0.5    19:25:29 /lib/systemd/systemd --user
     40 kcompactd0       0.0  0.0  5-00:07:18 [kcompactd0]
    233 systemd-journal  0.0  1.3  5-00:07:12 /lib/systemd/systemd-journald
   7945 kworker/u8:0-ev  0.0  0.0       18:41 [kworker/u8:0-events_unbound]
     41 khugepaged       0.0  0.0  5-00:07:18 [khugepaged]
    332 dbus-daemon      0.0  0.1  5-00:07:09 /usr/bin/dbus-daemon --system --address=systemd: --nofork --nopidfile --systemd-activation --syslog-only
   7485 kworker/3:1H-mm  0.0  0.0    04:35:46 [kworker/3:1H-mmc_complete]
     14 rcu_sched        0.0  0.0  5-00:07:18 [rcu_sched]
   5564 bash             0.0  0.2    19:25:28 -bash
  UNIT                       LOAD   ACTIVE SUB     DESCRIPTION
  cron.service               loaded active running Regular background program processing daemon
  dbus.service               loaded active running D-Bus System Message Bus
  getty@tty1.service         loaded active running Getty on tty1
  led-udp.service            loaded active running LED UDP Control Service
  ModemManager.service       loaded active running Modem Manager
  NetworkManager.service     loaded active running Network Manager
  polkit.service             loaded active running Authorization Manager
  rsyslog.service            loaded active running System Logging Service
  serial-getty@ttyS3.service loaded active running Serial Getty on ttyS3
  ssh.service                loaded active running OpenBSD Secure Shell server
  systemd-hostnamed.service  loaded active running Hostname Service
  systemd-journald.service   loaded active running Journal Service
  systemd-logind.service     loaded active running User Login Management
  systemd-timesyncd.service  loaded active running Network Time Synchronization
  systemd-udevd.service      loaded active running Rule-based Manager for Device Events and Files
  user@1000.service          loaded active running User Manager for UID 1000

LOAD   = Reflects whether the unit definition was properly loaded.
ACTIVE = The high-level unit activation state, i.e. generalization of SUB.
SUB    = The low-level unit activation state, values depend on unit type.
16 loaded units listed.
","/sys/class/thermal/thermal_zone0/type=cpu-temp
/sys/class/thermal/thermal_zone1/type=gpu-temp
/sys/class/thermal/thermal_zone2/type=corelogic-temp
/sys/class/thermal/thermal_zone0/temp=106210
/sys/class/thermal/thermal_zone1/temp=112748
/sys/class/thermal/thermal_zone2/temp=79464
/sys/class/hwmon/hwmon0/name=cpu_temp
/sys/class/hwmon/hwmon1/name=gpu_temp
/sys/class/hwmon/hwmon2/name=corelogic_temp
/sys/class/hwmon/hwmon0/temp1_input=106210
/sys/class/hwmon/hwmon1/temp1_input=112748
/sys/class/hwmon/hwmon2/temp1_input=79464
","CMD=gcc PATH=/usr/bin/gcc
gcc (Debian 12.2.0-14+deb12u1) 12.2.0
Copyright (C) 2022 Free Software Foundation, Inc.
CMD=g++ PATH=/usr/bin/g++
g++ (Debian 12.2.0-14+deb12u1) 12.2.0
Copyright (C) 2022 Free Software Foundation, Inc.
CMD=clang PATH=/usr/bin/clang
Debian clang version 14.0.6
Target: aarch64-unknown-linux-gnu
CMD=make PATH=/usr/bin/make
GNU Make 4.3
Built for aarch64-unknown-linux-gnu
CMD=cmake PATH=/usr/bin/cmake
cmake version 3.25.1

CMD=python3 PATH=/usr/bin/python3
Python 3.11.2
CMD=python PATH=bash: line 14: python: command not found
CMD=git PATH=/usr/bin/git
git version 2.39.5
CMD=pip3 PATH=/usr/bin/pip3
pip 23.0.1 from /usr/lib/python3/dist-packages/pip (python 3.11)
CMD=llama-cli PATH=bash: line 14: llama-cli: command not found
CMD=llama-server PATH=bash: line 14: llama-server: command not found
CMD=ollama PATH=bash: line 14: ollama: command not found
CMD=vllm PATH=bash: line 14: vllm: command not found
CMD=torchrun PATH=bash: line 14: torchrun: command not found
CMD=mpirun PATH=bash: line 14: mpirun: command not found
CMD=iperf3 PATH=bash: line 14: iperf3: command not found
/home/caninos/distributed-llama/src/dllama.cpp 10067
/home/caninos/distributed-llama/src/dllama-api.cpp 23579
/home/caninos/distributed-llama/converter/convert-tokenizer-llama2.py 2081
/home/caninos/distributed-llama/converter/convert-tokenizer-llama3.py 2418
/home/caninos/distributed-llama/converter/convert-llama.py 4544
",,"[Sat Sep 26 12:09:55 2026] caninos-tmu e01b00f0.thermal: probe finished
[Sat Sep 26 12:09:55 2026] caninos-mmc e0210000.mmc: probe finished
[Sat Sep 26 12:09:55 2026] caninos-mmc e0214000.mmc: probe finished
[Sat Sep 26 12:09:55 2026] mmc1: new high speed SDIO card at address 0001
[Sat Sep 26 12:09:55 2026] caninos-mmc e0218000.mmc: probe finished
[Sat Sep 26 12:09:55 2026] mmc2: new high speed MMC card at address 0001
[Sat Sep 26 12:09:55 2026] mmcblk2: mmc2:0001 QE63MB 14.6 GiB 
[Sat Sep 26 12:09:55 2026]  mmcblk2: p1
[Sat Sep 26 12:09:57 2026] EXT4-fs (mmcblk2p1): 1 orphan inode deleted
[Sat Sep 26 12:09:57 2026] EXT4-fs (mmcblk2p1): recovery complete
[Sat Sep 26 12:09:57 2026] EXT4-fs (mmcblk2p1): mounted filesystem with ordered data mode. Quota mode: none.
[Sat Sep 26 12:09:57 2026] VFS: Mounted root (ext4 filesystem) on device 179:1.
[Wed Sep 30 16:50:33 2026] caninos-dwmac e0220000.ethernet end0: Link is Up - 100Mbps/Full - flow control off
[Wed Sep 30 16:50:56 2026] caninos-dwmac e0220000.ethernet end0: Link is Down
[Wed Sep 30 16:50:57 2026] caninos-dwmac e0220000.ethernet end0: Link is Up - 100Mbps/Full - flow control off
[Wed Sep 30 16:51:03 2026] caninos-dwmac e0220000.ethernet end0: Link is Down
[Wed Sep 30 16:51:04 2026] caninos-dwmac e0220000.ethernet end0: Link is Up - 100Mbps/Full - flow control off
[Wed Sep 30 16:51:55 2026] caninos-dwmac e0220000.ethernet end0: Link is Down
[Wed Sep 30 16:51:57 2026] caninos-dwmac e0220000.ethernet end0: Link is Up - 100Mbps/Full - flow control off
[Wed Sep 30 20:17:57 2026] caninos-dwmac e0220000.ethernet end0: Link is Down
[Wed Sep 30 20:18:00 2026] caninos-dwmac e0220000.ethernet end0: Link is Up - 100Mbps/Full - flow control off
[Wed Sep 30 20:18:01 2026] caninos-dwmac e0220000.ethernet end0: Link is Down
[Wed Sep 30 20:18:02 2026] caninos-dwmac e0220000.ethernet end0: Link is Up - 100Mbps/Full - flow control rx/tx
[Wed Sep 30 20:18:03 2026] caninos-dwmac e0220000.ethernet end0: Link is Down
[Wed Sep 30 20:18:11 2026] caninos-dwmac e0220000.ethernet end0: Link is Up - 100Mbps/Full - flow control off
[Wed Sep 30 22:06:08 2026] caninos-dwmac e0220000.ethernet end0: Link is Down
[Wed Sep 30 22:06:11 2026] caninos-dwmac e0220000.ethernet end0: Link is Up - 100Mbps/Full - flow control off
[Wed Sep 30 22:06:12 2026] caninos-dwmac e0220000.ethernet end0: Link is Down
[Wed Sep 30 22:06:13 2026] caninos-dwmac e0220000.ethernet end0: Link is Up - 100Mbps/Full - flow control rx/tx
[Wed Sep 30 22:06:14 2026] caninos-dwmac e0220000.ethernet end0: Link is Down
[Wed Sep 30 22:06:23 2026] caninos-dwmac e0220000.ethernet end0: Link is Up - 100Mbps/Full - flow control off
[Thu Oct  1 01:31:14 2026] caninos-dwmac e0220000.ethernet end0: Link is Down
[Thu Oct  1 01:31:30 2026] caninos-dwmac e0220000.ethernet end0: Link is Up - 100Mbps/Full - flow control off
[Thu Oct  1 04:20:15 2026] caninos-dwmac e0220000.ethernet end0: Link is Down
[Thu Oct  1 04:20:18 2026] caninos-dwmac e0220000.ethernet end0: Link is Up - 100Mbps/Full - flow control off
[Thu Oct  1 04:20:19 2026] caninos-dwmac e0220000.ethernet end0: Link is Down
[Thu Oct  1 04:20:21 2026] caninos-dwmac e0220000.ethernet end0: Link is Up - 100Mbps/Full - flow control rx/tx
[Thu Oct  1 04:20:22 2026] caninos-dwmac e0220000.ethernet end0: Link is Down
[Thu Oct  1 04:20:30 2026] caninos-dwmac e0220000.ethernet end0: Link is Up - 100Mbps/Full - flow control off
[Thu Oct  1 08:43:25 2026] caninos-dwmac e0220000.ethernet end0: Link is Down
[Thu Oct  1 08:43:29 2026] caninos-dwmac e0220000.ethernet end0: Link is Up - 100Mbps/Full - flow control off
[Thu Oct  1 08:43:30 2026] caninos-dwmac e0220000.ethernet end0: Link is Down
[Thu Oct  1 08:43:40 2026] caninos-dwmac e0220000.ethernet end0: Link is Up - 100Mbps/Full - flow control off
[Thu Oct  1 09:09:08 2026] caninos-dwmac e0220000.ethernet end0: Link is Down
[Thu Oct  1 09:09:12 2026] caninos-dwmac e0220000.ethernet end0: Link is Up - 100Mbps/Full - flow control off
[Thu Oct  1 09:09:13 2026] caninos-dwmac e0220000.ethernet end0: Link is Down
[Thu Oct  1 09:09:23 2026] caninos-dwmac e0220000.ethernet end0: Link is Up - 100Mbps/Full - flow control off
",,,data/runs/20261001T151649Z/hosts/192.168.50.141/raw.txt,
node20,192.168.50.247,True,0,lab4,11b02da9cc614528b947d24bad602e6d,"Caninos Labrador 7 (Base 2.1) 
caninos,k7

cat: /proc/device-tree/serial-number: No such file or directory

",Caninos Labrador 7 (Base 2.1),aarch64,4,"Linux lab4 6.1.76 #1 SMP Fri Feb 28 17:06:14 UTC 2025 aarch64 GNU/Linux
Architecture:                       aarch64
CPU op-mode(s):                     32-bit, 64-bit
Byte Order:                         Little Endian
CPU(s):                             4
On-line CPU(s) list:                0-3
Vendor ID:                          ARM
Model name:                         Cortex-A53
Model:                              4
Thread(s) per core:                 1
Core(s) per cluster:                4
Socket(s):                          -
Cluster(s):                         1
Stepping:                           r0p4
BogoMIPS:                           48.00
Flags:                              fp asimd evtstrm crc32 cpuid
Vulnerability Gather data sampling: Not affected
Vulnerability Itlb multihit:        Not affected
Vulnerability L1tf:                 Not affected
Vulnerability Mds:                  Not affected
Vulnerability Meltdown:             Not affected
Vulnerability Mmio stale data:      Not affected
Vulnerability Retbleed:             Not affected
Vulnerability Spec rstack overflow: Not affected
Vulnerability Spec store bypass:    Not affected
Vulnerability Spectre v1:           Mitigation; __user pointer sanitization
Vulnerability Spectre v2:           Not affected
Vulnerability Srbds:                Not affected
Vulnerability Tsx async abort:      Not affected
processor	: 0
BogoMIPS	: 48.00
Features	: fp asimd evtstrm crc32 cpuid
processor	: 1
BogoMIPS	: 48.00
Features	: fp asimd evtstrm crc32 cpuid
processor	: 2
BogoMIPS	: 48.00
Features	: fp asimd evtstrm crc32 cpuid
processor	: 3
BogoMIPS	: 48.00
Features	: fp asimd evtstrm crc32 cpuid
","PRETTY_NAME=""Debian GNU/Linux 12 (bookworm)""
NAME=""Debian GNU/Linux""
VERSION_ID=""12""
VERSION=""12 (bookworm)""
VERSION_CODENAME=bookworm
ID=debian
HOME_URL=""https://www.debian.org/""
SUPPORT_URL=""https://www.debian.org/support""
BUG_REPORT_URL=""https://bugs.debian.org/""
6.1.76
2026-09-26 12:09:56
 12:17:16 up 5 days, 7 min,  1 user,  load average: 0.52, 0.45, 0.45
2026-10-01T15:17:16Z
","               total        used        free      shared  buff/cache   available
Mem:      2034073600   222621696  1488044032     2973696   405897216  1811451904
Swap:              0           0           0
bash: line 9: swapon: command not found
MemTotal:        1986400 kB
MemFree:         1453164 kB
MemAvailable:    1768992 kB
Buffers:           68280 kB
Cached:           296704 kB
SwapCached:            0 kB
Active:           165432 kB
Inactive:         243960 kB
Active(anon):       2784 kB
Inactive(anon):    44528 kB
Active(file):     162648 kB
Inactive(file):   199432 kB
Unevictable:           0 kB
Mlocked:               0 kB
SwapTotal:             0 kB
SwapFree:              0 kB
Zswap:                 0 kB
Zswapped:              0 kB
Dirty:               228 kB
Writeback:             0 kB
AnonPages:         43904 kB
Mapped:            73344 kB
Shmem:              2904 kB
KReclaimable:      31400 kB
Slab:              58936 kB
SReclaimable:      31400 kB
SUnreclaim:        27536 kB
KernelStack:        2096 kB
PageTables:         1628 kB
SecPageTables:         0 kB
","ALIGNMENT DISC-ALN DAX DISC-GRAN DISC-MAX DISC-ZERO FSAVAIL FSROOTS FSSIZE FSTYPE FSUSED FSUSE% FSVER GROUP HCTL HOTPLUG KNAME     LABEL LOG-SEC MAJ:MIN MIN-IO MODE       MODEL NAME        OPT-IO OWNER PARTFLAGS PARTLABEL PARTTYPE PARTTYPENAME PARTUUID                             PATH           PHY-SEC PKNAME  PTTYPE PTUUID                                RA RAND  REV RM RO ROTA RQ-SIZE SCHED       SERIAL      SIZE START STATE SUBSYSTEMS                  MOUNTPOINT MOUNTPOINTS TRAN TYPE UUID                                 VENDOR WSAME WWN ZONED ZONE-SZ ZONE-WGRAN ZONE-APP ZONE-NR ZONE-OMAX ZONE-AMAX
        0        0   0        0B       0B         0                                                   disk             0 nbd0                512  43:0      512 brw-rw----       nbd0             0 root                                                                                 /dev/nbd0          512                                                     128    0       0  0    0     256 mq-deadline               0B             block                                                   disk                                                0B     none       0B         0B       0B       0         0         0
        0        0   0        0B       0B         0                                                   disk             0 nbd1                512  43:32     512 brw-rw----       nbd1             0 root                                                                                 /dev/nbd1          512                                                     128    0       0  0    0     256 mq-deadline               0B             block                                                   disk                                                0B     none       0B         0B       0B       0         0         0
        0        0   0        0B       0B         0                                                   disk             0 nbd2                512  43:64     512 brw-rw----       nbd2             0 root                                                                                 /dev/nbd2          512                                                     128    0       0  0    0     256 mq-deadline               0B             block                                                   disk                                                0B     none       0B         0B       0B       0         0         0
        0        0   0        0B       0B         0                                                   disk             0 nbd3                512  43:96     512 brw-rw----       nbd3             0 root                                                                                 /dev/nbd3          512                                                     128    0       0  0    0     256 mq-deadline               0B             block                                                   disk                                                0B     none       0B         0B       0B       0         0         0
        0        0   0        0B       0B         0                                                   disk             0 nbd4                512  43:128    512 brw-rw----       nbd4             0 root                                                                                 /dev/nbd4          512                                                     128    0       0  0    0     256 mq-deadline               0B             block                                                   disk                                                0B     none       0B         0B       0B       0         0         0
        0        0   0        0B       0B         0                                                   disk             0 nbd5                512  43:160    512 brw-rw----       nbd5             0 root                                                                                 /dev/nbd5          512                                                     128    0       0  0    0     256 mq-deadline               0B             block                                                   disk                                                0B     none       0B         0B       0B       0         0         0
        0        0   0        0B       0B         0                                                   disk             0 nbd6                512  43:192    512 brw-rw----       nbd6             0 root                                                                                 /dev/nbd6          512                                                     128    0       0  0    0     256 mq-deadline               0B             block                                                   disk                                                0B     none       0B         0B       0B       0         0         0
        0        0   0        0B       0B         0                                                   disk             0 nbd7                512  43:224    512 brw-rw----       nbd7             0 root                                                                                 /dev/nbd7          512                                                     128    0       0  0    0     256 mq-deadline               0B             block                                                   disk                                                0B     none       0B         0B       0B       0         0         0
        0        0   0        4M    49.5M         0                                                   disk             1 mmcblk2             512 179:0      512 brw-rw----       mmcblk2          0 root                                                                                 /dev/mmcblk2       512         dos    2965a8d7                             128    0  0x8  0  0    0     128 mq-deadline 0xcb1b01fb 14.6G             block:mmc:mmc_host:platform                             disk                                                0B     none       0B         0B       0B       0         0         0
        0  3145728   0        4M    49.5M         0    9.5G /        14.2G ext4       4G    28% 1.0   disk             1 mmcblk2p1           512 179:1      512 brw-rw----       └─mmcblk2p1      0 root  0x80                0x83     Linux        2965a8d7-01                          /dev/mmcblk2p1     512 mmcblk2 dos    2965a8d7                             128    0       0  0    0     128 mq-deadline            14.6G  2048       block:mmc:mmc_host:platform /          /                part 2e3c6185-2e8d-4295-a2eb-49e0de990ff6           0B     none       0B         0B       0B       0         0         0
        0        0   0        0B       0B         0                                                   disk             0 nullb0              512 253:0      512 brw-rw----       nullb0           0 root                                                                                 /dev/nullb0        512                                                     128    0       0  0    0      64 none                    250G             block                                                   disk                                                0B     none       0B         0B       0B       0         0         0
        0        0   0        0B       0B         0                                                   disk             0 nbd8                512  43:256    512 brw-rw----       nbd8             0 root                                                                                 /dev/nbd8          512                                                     128    0       0  0    0     256 mq-deadline               0B             block                                                   disk                                                0B     none       0B         0B       0B       0         0         0
        0        0   0        0B       0B         0                                                   disk             0 nbd9                512  43:288    512 brw-rw----       nbd9             0 root                                                                                 /dev/nbd9          512                                                     128    0       0  0    0     256 mq-deadline               0B             block                                                   disk                                                0B     none       0B         0B       0B       0         0         0
        0        0   0        0B       0B         0                                                   disk             0 nbd10               512  43:320    512 brw-rw----       nbd10            0 root                                                                                 /dev/nbd10         512                                                     128    0       0  0    0     256 mq-deadline               0B             block                                                   disk                                                0B     none       0B         0B       0B       0         0         0
        0        0   0        0B       0B         0                                                   disk             0 nbd11               512  43:352    512 brw-rw----       nbd11            0 root                                                                                 /dev/nbd11         512                                                     128    0       0  0    0     256 mq-deadline               0B             block                                                   disk                                                0B     none       0B         0B       0B       0         0         0
        0        0   0        0B       0B         0                                                   disk             0 nbd12               512  43:384    512 brw-rw----       nbd12            0 root                                                                                 /dev/nbd12         512                                                     128    0       0  0    0     256 mq-deadline               0B             block                                                   disk                                                0B     none       0B         0B       0B       0         0         0
        0        0   0        0B       0B         0                                                   disk             0 nbd13               512  43:416    512 brw-rw----       nbd13            0 root                                                                                 /dev/nbd13         512                                                     128    0       0  0    0     256 mq-deadline               0B             block                                                   disk                                                0B     none       0B         0B       0B       0         0         0
        0        0   0        0B       0B         0                                                   disk             0 nbd14               512  43:448    512 brw-rw----       nbd14            0 root                                                                                 /dev/nbd14         512                                                     128    0       0  0    0     256 mq-deadline               0B             block                                                   disk                                                0B     none       0B         0B       0B       0         0         0
        0        0   0        0B       0B         0                                                   disk             0 nbd15               512  43:480    512 brw-rw----       nbd15            0 root                                                                                 /dev/nbd15         512                                                     128    0       0  0    0     256 mq-deadline               0B             block                                                   disk                                                0B     none       0B         0B       0B       0         0         0
Filesystem     Type      Size  Used Avail Use% Mounted on
/dev/root      ext4       15G  4.0G  9.5G  30% /
devtmpfs       devtmpfs  712M     0  712M   0% /dev
tmpfs          tmpfs     970M     0  970M   0% /dev/shm
tmpfs          tmpfs     388M  2.9M  386M   1% /run
tmpfs          tmpfs     5.0M     0  5.0M   0% /run/lock
tmpfs          tmpfs     194M     0  194M   0% /run/user/1000
","[{""ifindex"":1,""ifname"":""lo"",""flags"":[""LOOPBACK"",""UP"",""LOWER_UP""],""mtu"":65536,""qdisc"":""noqueue"",""operstate"":""UNKNOWN"",""group"":""default"",""txqlen"":1000,""link_type"":""loopback"",""address"":""00:00:00:00:00:00"",""broadcast"":""00:00:00:00:00:00"",""addr_info"":[{""family"":""inet"",""local"":""127.0.0.1"",""prefixlen"":8,""scope"":""host"",""label"":""lo"",""valid_life_time"":4294967295,""preferred_life_time"":4294967295},{""family"":""inet6"",""local"":""::1"",""prefixlen"":128,""scope"":""host"",""noprefixroute"":true,""valid_life_time"":4294967295,""preferred_life_time"":4294967295}]},{""ifindex"":2,""link"":null,""ifname"":""tunl0"",""flags"":[""NOARP""],""mtu"":1480,""qdisc"":""noop"",""operstate"":""DOWN"",""group"":""default"",""txqlen"":1000,""link_type"":""ipip"",""address"":""0.0.0.0"",""broadcast"":""0.0.0.0"",""addr_info"":[]},{""ifindex"":3,""link"":null,""ifname"":""ip6tnl0"",""flags"":[""NOARP""],""mtu"":1452,""qdisc"":""noop"",""operstate"":""DOWN"",""group"":""default"",""txqlen"":1000,""link_type"":""tunnel6"",""address"":""::"",""broadcast"":""::"",""permaddr"":""5234:c466:8a30::"",""addr_info"":[]},{""ifindex"":4,""ifname"":""end0"",""flags"":[""BROADCAST"",""MULTICAST"",""UP"",""LOWER_UP""],""mtu"":1500,""qdisc"":""mq"",""operstate"":""UP"",""group"":""default"",""txqlen"":1000,""link_type"":""ether"",""address"":""3e:0a:4a:b6:50:f4"",""broadcast"":""ff:ff:ff:ff:ff:ff"",""addr_info"":[{""family"":""inet"",""local"":""192.168.50.4"",""prefixlen"":16,""broadcast"":""192.168.255.255"",""scope"":""global"",""noprefixroute"":true,""label"":""end0"",""valid_life_time"":4294967295,""preferred_life_time"":4294967295},{""family"":""inet"",""local"":""192.168.50.247"",""prefixlen"":24,""broadcast"":""192.168.50.255"",""scope"":""global"",""dynamic"":true,""noprefixroute"":true,""label"":""end0"",""valid_life_time"":6562,""preferred_life_time"":6562},{""family"":""inet6"",""local"":""fe80::dee6:a756:a6fb:283"",""prefixlen"":64,""scope"":""link"",""noprefixroute"":true,""valid_life_time"":4294967295,""preferred_life_time"":4294967295}]}]
[{""ifindex"":1,""ifname"":""lo"",""flags"":[""LOOPBACK"",""UP"",""LOWER_UP""],""mtu"":65536,""qdisc"":""noqueue"",""operstate"":""UNKNOWN"",""linkmode"":""DEFAULT"",""group"":""default"",""txqlen"":1000,""link_type"":""loopback"",""address"":""00:00:00:00:00:00"",""broadcast"":""00:00:00:00:00:00""},{""ifindex"":2,""link"":null,""ifname"":""tunl0"",""flags"":[""NOARP""],""mtu"":1480,""qdisc"":""noop"",""operstate"":""DOWN"",""linkmode"":""DEFAULT"",""group"":""default"",""txqlen"":1000,""link_type"":""ipip"",""address"":""0.0.0.0"",""broadcast"":""0.0.0.0""},{""ifindex"":3,""link"":null,""ifname"":""ip6tnl0"",""flags"":[""NOARP""],""mtu"":1452,""qdisc"":""noop"",""operstate"":""DOWN"",""linkmode"":""DEFAULT"",""group"":""default"",""txqlen"":1000,""link_type"":""tunnel6"",""address"":""::"",""broadcast"":""::"",""permaddr"":""5234:c466:8a30::""},{""ifindex"":4,""ifname"":""end0"",""flags"":[""BROADCAST"",""MULTICAST"",""UP"",""LOWER_UP""],""mtu"":1500,""qdisc"":""mq"",""operstate"":""UP"",""linkmode"":""DEFAULT"",""group"":""default"",""txqlen"":1000,""link_type"":""ether"",""address"":""3e:0a:4a:b6:50:f4"",""broadcast"":""ff:ff:ff:ff:ff:ff""}]
[{""dst"":""default"",""gateway"":""192.168.50.1"",""dev"":""end0"",""protocol"":""dhcp"",""prefsrc"":""192.168.50.247"",""metric"":100,""flags"":[]},{""dst"":""192.168.0.0/16"",""dev"":""end0"",""protocol"":""kernel"",""scope"":""link"",""prefsrc"":""192.168.50.4"",""metric"":100,""flags"":[]},{""dst"":""192.168.50.0/24"",""dev"":""end0"",""protocol"":""kernel"",""scope"":""link"",""prefsrc"":""192.168.50.247"",""metric"":100,""flags"":[]}]
/sys/class/net/end0/address=3e:0a:4a:b6:50:f4
/sys/class/net/ip6tnl0/address=00:00:00:00:00:00:00:00:00:00:00:00:00:00:00:00
/sys/class/net/lo/address=00:00:00:00:00:00
/sys/class/net/tunl0/address=00:00:00:00
","IF=end0
bash: line 13: ethtool: command not found
4: end0: <BROADCAST,MULTICAST,UP,LOWER_UP> mtu 1500 qdisc mq state UP mode DEFAULT group default qlen 1000
    link/ether 3e:0a:4a:b6:50:f4 brd ff:ff:ff:ff:ff:ff
    RX:  bytes packets errors dropped  missed   mcast           
       6841242   49621      0       0       0       0 
    TX:  bytes packets errors dropped carrier collsns           
       2794428   20467      0       0       0       0 
IF=ip6tnl0
bash: line 13: ethtool: command not found
3: ip6tnl0@NONE: <NOARP> mtu 1452 qdisc noop state DOWN mode DEFAULT group default qlen 1000
    link/tunnel6 :: brd :: permaddr 5234:c466:8a30::
    RX:  bytes packets errors dropped  missed   mcast           
             0       0      0       0       0       0 
    TX:  bytes packets errors dropped carrier collsns           
             0       0      0       0       0       0 
IF=lo
bash: line 13: ethtool: command not found
1: lo: <LOOPBACK,UP,LOWER_UP> mtu 65536 qdisc noqueue state UNKNOWN mode DEFAULT group default qlen 1000
    link/loopback 00:00:00:00:00:00 brd 00:00:00:00:00:00
    RX:  bytes packets errors dropped  missed   mcast           
         88208     938      0       0       0       0 
    TX:  bytes packets errors dropped carrier collsns           
         88208     938      0       0       0       0 
IF=tunl0
bash: line 13: ethtool: command not found
2: tunl0@NONE: <NOARP> mtu 1480 qdisc noop state DOWN mode DEFAULT group default qlen 1000
    link/ipip 0.0.0.0 brd 0.0.0.0
    RX:  bytes packets errors dropped  missed   mcast           
             0       0      0       0       0       0 
    TX:  bytes packets errors dropped carrier collsns           
             0       0      0       0       0       0 
","0.52 0.45 0.45 1/125 11989
    PID COMMAND         %CPU %MEM     ELAPSED COMMAND
  11990 ps               300  0.1       00:00 ps -eo pid,comm,pcpu,pmem,etime,args --sort=-pcpu
  11946 systemd-hostnam 30.0  0.2       00:00 /lib/systemd/systemd-hostnamed
  11932 sshd             7.1  0.4       00:01 sshd: caninos [priv]
  11939 bash             6.9  0.1       00:01 bash -s
  11938 sshd             1.8  0.3       00:01 sshd: caninos@notty
  11498 kworker/2:2-mm_  0.7  0.0    03:04:33 [kworker/2:2-mm_percpu_wq]
  11770 kworker/2:1-eve  0.5  0.0       11:08 [kworker/2:1-events]
  11717 kworker/0:2-eve  0.4  0.0       36:31 [kworker/0:2-events]
  11769 kworker/0:3-mm_  0.3  0.0       14:01 [kworker/0:3-mm_percpu_wq]
  11922 kworker/0:0-eve  0.1  0.0       03:37 [kworker/0:0-events_power_efficient]
  11783 kworker/0:1-eve  0.1  0.0       08:49 [kworker/0:1-events]
    360 NetworkManager   0.0  1.1  5-00:07:11 /usr/sbin/NetworkManager --no-daemon
  11762 kworker/0:4-eve  0.0  0.0       24:25 [kworker/0:4-events]
    267 systemd-timesyn  0.0  0.3  5-00:07:14 /lib/systemd/systemd-timesyncd
      1 systemd          0.0  0.6  5-00:07:21 /sbin/init
    234 systemd-journal  0.0  3.5  5-00:07:15 /lib/systemd/systemd-journald
    324 dbus-daemon      0.0  0.2  5-00:07:13 /usr/bin/dbus-daemon --system --address=systemd: --nofork --nopidfile --systemd-activation --syslog-only
  11479 kworker/3:2-eve  0.0  0.0    03:09:04 [kworker/3:2-events]
    327 rsyslogd         0.0  0.1  5-00:07:12 /usr/sbin/rsyslogd -n -iNONE
     40 kcompactd0       0.0  0.0  5-00:07:21 [kcompactd0]
   6935 systemd          0.0  0.5    20:03:08 /lib/systemd/systemd --user
     41 khugepaged       0.0  0.0  5-00:07:21 [khugepaged]
  11491 kworker/1:2-mm_  0.0  0.0    03:06:03 [kworker/1:2-mm_percpu_wq]
  11452 kworker/3:0H-mm  0.0  0.0    03:15:11 [kworker/3:0H-mmc_complete]
  UNIT                       LOAD   ACTIVE SUB     DESCRIPTION
  cron.service               loaded active running Regular background program processing daemon
  dbus.service               loaded active running D-Bus System Message Bus
  getty@tty1.service         loaded active running Getty on tty1
  led-udp.service            loaded active running LED UDP Control Service
  ModemManager.service       loaded active running Modem Manager
  NetworkManager.service     loaded active running Network Manager
  polkit.service             loaded active running Authorization Manager
  rsyslog.service            loaded active running System Logging Service
  serial-getty@ttyS3.service loaded active running Serial Getty on ttyS3
  ssh.service                loaded active running OpenBSD Secure Shell server
  systemd-hostnamed.service  loaded active running Hostname Service
  systemd-journald.service   loaded active running Journal Service
  systemd-logind.service     loaded active running User Login Management
  systemd-timesyncd.service  loaded active running Network Time Synchronization
  systemd-udevd.service      loaded active running Rule-based Manager for Device Events and Files
  user@1000.service          loaded active running User Manager for UID 1000

LOAD   = Reflects whether the unit definition was properly loaded.
ACTIVE = The high-level unit activation state, i.e. generalization of SUB.
SUB    = The low-level unit activation state, values depend on unit type.
16 loaded units listed.
","/sys/class/thermal/thermal_zone0/type=cpu-temp
/sys/class/thermal/thermal_zone1/type=gpu-temp
/sys/class/thermal/thermal_zone2/type=corelogic-temp
/sys/class/thermal/thermal_zone0/temp=38547
/sys/class/thermal/thermal_zone1/temp=85308
/sys/class/thermal/thermal_zone2/temp=40444
/sys/class/hwmon/hwmon0/name=cpu_temp
/sys/class/hwmon/hwmon1/name=gpu_temp
/sys/class/hwmon/hwmon2/name=corelogic_temp
/sys/class/hwmon/hwmon0/temp1_input=38547
/sys/class/hwmon/hwmon1/temp1_input=85308
/sys/class/hwmon/hwmon2/temp1_input=40444
","CMD=gcc PATH=/usr/bin/gcc
gcc (Debian 12.2.0-14+deb12u1) 12.2.0
Copyright (C) 2022 Free Software Foundation, Inc.
CMD=g++ PATH=/usr/bin/g++
g++ (Debian 12.2.0-14+deb12u1) 12.2.0
Copyright (C) 2022 Free Software Foundation, Inc.
CMD=clang PATH=/usr/bin/clang
Debian clang version 14.0.6
Target: aarch64-unknown-linux-gnu
CMD=make PATH=/usr/bin/make
GNU Make 4.3
Built for aarch64-unknown-linux-gnu
CMD=cmake PATH=/usr/bin/cmake
cmake version 3.25.1

CMD=python3 PATH=/usr/bin/python3
Python 3.11.2
CMD=python PATH=bash: line 14: python: command not found
CMD=git PATH=/usr/bin/git
git version 2.39.5
CMD=pip3 PATH=/usr/bin/pip3
pip 23.0.1 from /usr/lib/python3/dist-packages/pip (python 3.11)
CMD=llama-cli PATH=bash: line 14: llama-cli: command not found
CMD=llama-server PATH=bash: line 14: llama-server: command not found
CMD=ollama PATH=bash: line 14: ollama: command not found
CMD=vllm PATH=bash: line 14: vllm: command not found
CMD=torchrun PATH=bash: line 14: torchrun: command not found
CMD=mpirun PATH=bash: line 14: mpirun: command not found
CMD=iperf3 PATH=bash: line 14: iperf3: command not found
",,"[Thu Oct  1 09:05:35 2026] caninos-dwmac e0220000.ethernet end0: Link is Up - 100Mbps/Full - flow control off
[Thu Oct  1 09:05:35 2026] caninos-dwmac e0220000.ethernet end0: Link is Down
[Thu Oct  1 09:05:38 2026] caninos-dwmac e0220000.ethernet end0: Link is Up - 100Mbps/Full - flow control off
[Thu Oct  1 09:06:20 2026] caninos-dwmac e0220000.ethernet end0: Link is Down
[Thu Oct  1 09:06:24 2026] caninos-dwmac e0220000.ethernet end0: Link is Up - 100Mbps/Full - flow control off
[Thu Oct  1 09:06:24 2026] caninos-dwmac e0220000.ethernet end0: Link is Down
[Thu Oct  1 09:06:26 2026] caninos-dwmac e0220000.ethernet end0: Link is Up - 100Mbps/Full - flow control off
[Thu Oct  1 09:07:09 2026] caninos-dwmac e0220000.ethernet end0: Link is Down
[Thu Oct  1 09:07:13 2026] caninos-dwmac e0220000.ethernet end0: Link is Up - 100Mbps/Full - flow control off
[Thu Oct  1 09:07:13 2026] caninos-dwmac e0220000.ethernet end0: Link is Down
[Thu Oct  1 09:07:16 2026] caninos-dwmac e0220000.ethernet end0: Link is Up - 100Mbps/Full - flow control off
[Thu Oct  1 09:07:58 2026] caninos-dwmac e0220000.ethernet end0: Link is Down
[Thu Oct  1 09:08:02 2026] caninos-dwmac e0220000.ethernet end0: Link is Up - 100Mbps/Full - flow control off
[Thu Oct  1 09:08:02 2026] caninos-dwmac e0220000.ethernet end0: Link is Down
[Thu Oct  1 09:08:05 2026] caninos-dwmac e0220000.ethernet end0: Link is Up - 100Mbps/Full - flow control off
[Thu Oct  1 09:08:47 2026] caninos-dwmac e0220000.ethernet end0: Link is Down
[Thu Oct  1 09:08:51 2026] caninos-dwmac e0220000.ethernet end0: Link is Up - 100Mbps/Full - flow control off
[Thu Oct  1 09:08:51 2026] caninos-dwmac e0220000.ethernet end0: Link is Down
[Thu Oct  1 09:08:54 2026] caninos-dwmac e0220000.ethernet end0: Link is Up - 100Mbps/Full - flow control off
[Thu Oct  1 09:09:08 2026] caninos-dwmac e0220000.ethernet end0: Link is Down
[Thu Oct  1 09:09:24 2026] caninos-dwmac e0220000.ethernet end0: Link is Up - 100Mbps/Full - flow control off
[Thu Oct  1 09:09:24 2026] caninos-dwmac e0220000.ethernet end0: Link is Down
[Thu Oct  1 09:09:27 2026] caninos-dwmac e0220000.ethernet end0: Link is Up - 100Mbps/Full - flow control off
[Thu Oct  1 09:10:09 2026] caninos-dwmac e0220000.ethernet end0: Link is Down
[Thu Oct  1 09:10:13 2026] caninos-dwmac e0220000.ethernet end0: Link is Up - 100Mbps/Full - flow control off
[Thu Oct  1 09:10:13 2026] caninos-dwmac e0220000.ethernet end0: Link is Down
[Thu Oct  1 09:10:16 2026] caninos-dwmac e0220000.ethernet end0: Link is Up - 100Mbps/Full - flow control off
[Thu Oct  1 09:10:58 2026] caninos-dwmac e0220000.ethernet end0: Link is Down
[Thu Oct  1 09:11:02 2026] caninos-dwmac e0220000.ethernet end0: Link is Up - 100Mbps/Full - flow control off
[Thu Oct  1 09:11:02 2026] caninos-dwmac e0220000.ethernet end0: Link is Down
[Thu Oct  1 09:11:05 2026] caninos-dwmac e0220000.ethernet end0: Link is Up - 100Mbps/Full - flow control off
[Thu Oct  1 09:11:47 2026] caninos-dwmac e0220000.ethernet end0: Link is Down
[Thu Oct  1 09:11:50 2026] caninos-dwmac e0220000.ethernet end0: Link is Up - 100Mbps/Full - flow control off
[Thu Oct  1 09:11:50 2026] caninos-dwmac e0220000.ethernet end0: Link is Down
[Thu Oct  1 09:11:53 2026] caninos-dwmac e0220000.ethernet end0: Link is Up - 100Mbps/Full - flow control off
[Thu Oct  1 09:12:35 2026] caninos-dwmac e0220000.ethernet end0: Link is Down
[Thu Oct  1 09:12:38 2026] caninos-dwmac e0220000.ethernet end0: Link is Up - 100Mbps/Full - flow control off
[Thu Oct  1 09:12:38 2026] caninos-dwmac e0220000.ethernet end0: Link is Down
[Thu Oct  1 09:12:40 2026] caninos-dwmac e0220000.ethernet end0: Link is Up - 100Mbps/Full - flow control off
[Thu Oct  1 09:13:23 2026] caninos-dwmac e0220000.ethernet end0: Link is Down
[Thu Oct  1 09:13:27 2026] caninos-dwmac e0220000.ethernet end0: Link is Up - 100Mbps/Full - flow control off
[Thu Oct  1 09:13:27 2026] caninos-dwmac e0220000.ethernet end0: Link is Down
[Thu Oct  1 09:13:30 2026] caninos-dwmac e0220000.ethernet end0: Link is Up - 100Mbps/Full - flow control off
[Thu Oct  1 09:14:12 2026] caninos-dwmac e0220000.ethernet end0: Link is Down
[Thu Oct  1 09:14:16 2026] caninos-dwmac e0220000.ethernet end0: Link is Up - 100Mbps/Full - flow control off
[Thu Oct  1 09:14:16 2026] caninos-dwmac e0220000.ethernet end0: Link is Down
[Thu Oct  1 09:14:19 2026] caninos-dwmac e0220000.ethernet end0: Link is Up - 100Mbps/Full - flow control off
[Thu Oct  1 09:15:01 2026] caninos-dwmac e0220000.ethernet end0: Link is Down
[Thu Oct  1 09:15:05 2026] caninos-dwmac e0220000.ethernet end0: Link is Up - 100Mbps/Full - flow control off
[Thu Oct  1 09:15:05 2026] caninos-dwmac e0220000.ethernet end0: Link is Down
[Thu Oct  1 09:15:07 2026] caninos-dwmac e0220000.ethernet end0: Link is Up - 100Mbps/Full - flow control off
[Thu Oct  1 09:15:50 2026] caninos-dwmac e0220000.ethernet end0: Link is Down
[Thu Oct  1 09:15:53 2026] caninos-dwmac e0220000.ethernet end0: Link is Up - 100Mbps/Full - flow control off
[Thu Oct  1 09:15:53 2026] caninos-dwmac e0220000.ethernet end0: Link is Down
[Thu Oct  1 09:15:56 2026] caninos-dwmac e0220000.ethernet end0: Link is Up - 100Mbps/Full - flow control off
[Thu Oct  1 09:16:38 2026] caninos-dwmac e0220000.ethernet end0: Link is Down
[Thu Oct  1 09:16:42 2026] caninos-dwmac e0220000.ethernet end0: Link is Up - 100Mbps/Full - flow control off
[Thu Oct  1 09:16:42 2026] caninos-dwmac e0220000.ethernet end0: Link is Down
[Thu Oct  1 09:16:45 2026] caninos-dwmac e0220000.ethernet end0: Link is Up - 100Mbps/Full - flow control off
[Thu Oct  1 09:17:27 2026] caninos-dwmac e0220000.ethernet end0: Link is Down
[Thu Oct  1 09:17:31 2026] caninos-dwmac e0220000.ethernet end0: Link is Up - 100Mbps/Full - flow control off
[Thu Oct  1 09:17:31 2026] caninos-dwmac e0220000.ethernet end0: Link is Down
[Thu Oct  1 09:17:34 2026] caninos-dwmac e0220000.ethernet end0: Link is Up - 100Mbps/Full - flow control off
[Thu Oct  1 09:18:16 2026] caninos-dwmac e0220000.ethernet end0: Link is Down
[Thu Oct  1 09:18:19 2026] caninos-dwmac e0220000.ethernet end0: Link is Up - 100Mbps/Full - flow control off
[Thu Oct  1 09:18:19 2026] caninos-dwmac e0220000.ethernet end0: Link is Down
[Thu Oct  1 09:18:22 2026] caninos-dwmac e0220000.ethernet end0: Link is Up - 100Mbps/Full - flow control off
",,,data/runs/20261001T151649Z/hosts/192.168.50.247/raw.txt,
node21,192.168.50.175,True,0,lab8,11b02da9cc614528b947d24bad602e6d,"Caninos Labrador 7 (Base 2.1) 
caninos,k7

cat: /proc/device-tree/serial-number: No such file or directory

",Caninos Labrador 7 (Base 2.1),aarch64,4,"Linux lab8 6.1.76 #1 SMP Fri Feb 28 17:06:14 UTC 2025 aarch64 GNU/Linux
Architecture:                       aarch64
CPU op-mode(s):                     32-bit, 64-bit
Byte Order:                         Little Endian
CPU(s):                             4
On-line CPU(s) list:                0-3
Vendor ID:                          ARM
Model name:                         Cortex-A53
Model:                              4
Thread(s) per core:                 1
Core(s) per cluster:                4
Socket(s):                          -
Cluster(s):                         1
Stepping:                           r0p4
BogoMIPS:                           48.00
Flags:                              fp asimd evtstrm crc32 cpuid
Vulnerability Gather data sampling: Not affected
Vulnerability Itlb multihit:        Not affected
Vulnerability L1tf:                 Not affected
Vulnerability Mds:                  Not affected
Vulnerability Meltdown:             Not affected
Vulnerability Mmio stale data:      Not affected
Vulnerability Retbleed:             Not affected
Vulnerability Spec rstack overflow: Not affected
Vulnerability Spec store bypass:    Not affected
Vulnerability Spectre v1:           Mitigation; __user pointer sanitization
Vulnerability Spectre v2:           Not affected
Vulnerability Srbds:                Not affected
Vulnerability Tsx async abort:      Not affected
processor	: 0
BogoMIPS	: 48.00
Features	: fp asimd evtstrm crc32 cpuid
processor	: 1
BogoMIPS	: 48.00
Features	: fp asimd evtstrm crc32 cpuid
processor	: 2
BogoMIPS	: 48.00
Features	: fp asimd evtstrm crc32 cpuid
processor	: 3
BogoMIPS	: 48.00
Features	: fp asimd evtstrm crc32 cpuid
","PRETTY_NAME=""Debian GNU/Linux 12 (bookworm)""
NAME=""Debian GNU/Linux""
VERSION_ID=""12""
VERSION=""12 (bookworm)""
VERSION_CODENAME=bookworm
ID=debian
HOME_URL=""https://www.debian.org/""
SUPPORT_URL=""https://www.debian.org/support""
BUG_REPORT_URL=""https://bugs.debian.org/""
6.1.76
2026-09-26 12:09:55
 12:17:16 up 5 days, 7 min,  1 user,  load average: 0.23, 0.21, 0.18
2026-10-01T15:17:16Z
","               total        used        free      shared  buff/cache   available
Mem:      2034073600   237756416  1460228096     3006464   419446784  1796317184
Swap:              0           0           0
bash: line 9: swapon: command not found
MemTotal:        1986400 kB
MemFree:         1426000 kB
MemAvailable:    1754212 kB
Buffers:           72292 kB
Cached:           304288 kB
SwapCached:            0 kB
Active:           168688 kB
Inactive:         255968 kB
Active(anon):       2800 kB
Inactive(anon):    48212 kB
Active(file):     165888 kB
Inactive(file):   207756 kB
Unevictable:           0 kB
Mlocked:               0 kB
SwapTotal:             0 kB
SwapFree:              0 kB
Zswap:                 0 kB
Zswapped:              0 kB
Dirty:               388 kB
Writeback:             0 kB
AnonPages:         46316 kB
Mapped:            78248 kB
Shmem:              2936 kB
KReclaimable:      33036 kB
Slab:              63064 kB
SReclaimable:      33036 kB
SUnreclaim:        30028 kB
KernelStack:        2192 kB
PageTables:         1756 kB
SecPageTables:         0 kB
","ALIGNMENT DISC-ALN DAX DISC-GRAN DISC-MAX DISC-ZERO FSAVAIL FSROOTS FSSIZE FSTYPE FSUSED FSUSE% FSVER GROUP HCTL HOTPLUG KNAME     LABEL LOG-SEC MAJ:MIN MIN-IO MODE       MODEL NAME        OPT-IO OWNER PARTFLAGS PARTLABEL PARTTYPE PARTTYPENAME PARTUUID                             PATH           PHY-SEC PKNAME  PTTYPE PTUUID                                RA RAND  REV RM RO ROTA RQ-SIZE SCHED       SERIAL      SIZE START STATE SUBSYSTEMS                  MOUNTPOINT MOUNTPOINTS TRAN TYPE UUID                                 VENDOR WSAME WWN ZONED ZONE-SZ ZONE-WGRAN ZONE-APP ZONE-NR ZONE-OMAX ZONE-AMAX
        0        0   0        0B       0B         0                                                   disk             0 nbd0                512  43:0      512 brw-rw----       nbd0             0 root                                                                                 /dev/nbd0          512                                                     128    0       0  0    0     256 mq-deadline               0B             block                                                   disk                                                0B     none       0B         0B       0B       0         0         0
        0        0   0        0B       0B         0                                                   disk             0 nbd1                512  43:32     512 brw-rw----       nbd1             0 root                                                                                 /dev/nbd1          512                                                     128    0       0  0    0     256 mq-deadline               0B             block                                                   disk                                                0B     none       0B         0B       0B       0         0         0
        0        0   0        0B       0B         0                                                   disk             0 nbd2                512  43:64     512 brw-rw----       nbd2             0 root                                                                                 /dev/nbd2          512                                                     128    0       0  0    0     256 mq-deadline               0B             block                                                   disk                                                0B     none       0B         0B       0B       0         0         0
        0        0   0        0B       0B         0                                                   disk             0 nbd3                512  43:96     512 brw-rw----       nbd3             0 root                                                                                 /dev/nbd3          512                                                     128    0       0  0    0     256 mq-deadline               0B             block                                                   disk                                                0B     none       0B         0B       0B       0         0         0
        0        0   0        0B       0B         0                                                   disk             0 nbd4                512  43:128    512 brw-rw----       nbd4             0 root                                                                                 /dev/nbd4          512                                                     128    0       0  0    0     256 mq-deadline               0B             block                                                   disk                                                0B     none       0B         0B       0B       0         0         0
        0        0   0        0B       0B         0                                                   disk             0 nbd5                512  43:160    512 brw-rw----       nbd5             0 root                                                                                 /dev/nbd5          512                                                     128    0       0  0    0     256 mq-deadline               0B             block                                                   disk                                                0B     none       0B         0B       0B       0         0         0
        0        0   0        0B       0B         0                                                   disk             0 nbd6                512  43:192    512 brw-rw----       nbd6             0 root                                                                                 /dev/nbd6          512                                                     128    0       0  0    0     256 mq-deadline               0B             block                                                   disk                                                0B     none       0B         0B       0B       0         0         0
        0        0   0        0B       0B         0                                                   disk             0 nbd7                512  43:224    512 brw-rw----       nbd7             0 root                                                                                 /dev/nbd7          512                                                     128    0       0  0    0     256 mq-deadline               0B             block                                                   disk                                                0B     none       0B         0B       0B       0         0         0
        0        0   0        4M    49.5M         0                                                   disk             1 mmcblk2             512 179:0      512 brw-rw----       mmcblk2          0 root                                                                                 /dev/mmcblk2       512         dos    2798fde2                             128    0  0x8  0  0    0     128 mq-deadline 0xcb2001e8 14.6G             block:mmc:mmc_host:platform                             disk                                                0B     none       0B         0B       0B       0         0         0
        0  3145728   0        4M    49.5M         0    9.4G /        14.2G ext4     4.1G    29% 1.0   disk             1 mmcblk2p1           512 179:1      512 brw-rw----       └─mmcblk2p1      0 root  0x80                0x83     Linux        2798fde2-01                          /dev/mmcblk2p1     512 mmcblk2 dos    2798fde2                             128    0       0  0    0     128 mq-deadline            14.6G  2048       block:mmc:mmc_host:platform /          /                part 47dfda10-7b89-4594-827f-3313fa993ca9           0B     none       0B         0B       0B       0         0         0
        0        0   0        0B       0B         0                                                   disk             0 nullb0              512 253:0      512 brw-rw----       nullb0           0 root                                                                                 /dev/nullb0        512                                                     128    0       0  0    0      64 none                    250G             block                                                   disk                                                0B     none       0B         0B       0B       0         0         0
        0        0   0        0B       0B         0                                                   disk             0 nbd8                512  43:256    512 brw-rw----       nbd8             0 root                                                                                 /dev/nbd8          512                                                     128    0       0  0    0     256 mq-deadline               0B             block                                                   disk                                                0B     none       0B         0B       0B       0         0         0
        0        0   0        0B       0B         0                                                   disk             0 nbd9                512  43:288    512 brw-rw----       nbd9             0 root                                                                                 /dev/nbd9          512                                                     128    0       0  0    0     256 mq-deadline               0B             block                                                   disk                                                0B     none       0B         0B       0B       0         0         0
        0        0   0        0B       0B         0                                                   disk             0 nbd10               512  43:320    512 brw-rw----       nbd10            0 root                                                                                 /dev/nbd10         512                                                     128    0       0  0    0     256 mq-deadline               0B             block                                                   disk                                                0B     none       0B         0B       0B       0         0         0
        0        0   0        0B       0B         0                                                   disk             0 nbd11               512  43:352    512 brw-rw----       nbd11            0 root                                                                                 /dev/nbd11         512                                                     128    0       0  0    0     256 mq-deadline               0B             block                                                   disk                                                0B     none       0B         0B       0B       0         0         0
        0        0   0        0B       0B         0                                                   disk             0 nbd12               512  43:384    512 brw-rw----       nbd12            0 root                                                                                 /dev/nbd12         512                                                     128    0       0  0    0     256 mq-deadline               0B             block                                                   disk                                                0B     none       0B         0B       0B       0         0         0
        0        0   0        0B       0B         0                                                   disk             0 nbd13               512  43:416    512 brw-rw----       nbd13            0 root                                                                                 /dev/nbd13         512                                                     128    0       0  0    0     256 mq-deadline               0B             block                                                   disk                                                0B     none       0B         0B       0B       0         0         0
        0        0   0        0B       0B         0                                                   disk             0 nbd14               512  43:448    512 brw-rw----       nbd14            0 root                                                                                 /dev/nbd14         512                                                     128    0       0  0    0     256 mq-deadline               0B             block                                                   disk                                                0B     none       0B         0B       0B       0         0         0
        0        0   0        0B       0B         0                                                   disk             0 nbd15               512  43:480    512 brw-rw----       nbd15            0 root                                                                                 /dev/nbd15         512                                                     128    0       0  0    0     256 mq-deadline               0B             block                                                   disk                                                0B     none       0B         0B       0B       0         0         0
Filesystem     Type      Size  Used Avail Use% Mounted on
/dev/root      ext4       15G  4.2G  9.4G  31% /
devtmpfs       devtmpfs  712M     0  712M   0% /dev
tmpfs          tmpfs     970M     0  970M   0% /dev/shm
tmpfs          tmpfs     388M  2.9M  386M   1% /run
tmpfs          tmpfs     5.0M     0  5.0M   0% /run/lock
tmpfs          tmpfs     194M     0  194M   0% /run/user/1000
","[{""ifindex"":1,""ifname"":""lo"",""flags"":[""LOOPBACK"",""UP"",""LOWER_UP""],""mtu"":65536,""qdisc"":""noqueue"",""operstate"":""UNKNOWN"",""group"":""default"",""txqlen"":1000,""link_type"":""loopback"",""address"":""00:00:00:00:00:00"",""broadcast"":""00:00:00:00:00:00"",""addr_info"":[{""family"":""inet"",""local"":""127.0.0.1"",""prefixlen"":8,""scope"":""host"",""label"":""lo"",""valid_life_time"":4294967295,""preferred_life_time"":4294967295},{""family"":""inet6"",""local"":""::1"",""prefixlen"":128,""scope"":""host"",""noprefixroute"":true,""valid_life_time"":4294967295,""preferred_life_time"":4294967295}]},{""ifindex"":2,""link"":null,""ifname"":""tunl0"",""flags"":[""NOARP""],""mtu"":1480,""qdisc"":""noop"",""operstate"":""DOWN"",""group"":""default"",""txqlen"":1000,""link_type"":""ipip"",""address"":""0.0.0.0"",""broadcast"":""0.0.0.0"",""addr_info"":[]},{""ifindex"":3,""link"":null,""ifname"":""ip6tnl0"",""flags"":[""NOARP""],""mtu"":1452,""qdisc"":""noop"",""operstate"":""DOWN"",""group"":""default"",""txqlen"":1000,""link_type"":""tunnel6"",""address"":""::"",""broadcast"":""::"",""permaddr"":""464b:ea6c:4a30::"",""addr_info"":[]},{""ifindex"":4,""ifname"":""wlan0"",""flags"":[""NO-CARRIER"",""BROADCAST"",""MULTICAST"",""UP""],""mtu"":1500,""qdisc"":""mq"",""operstate"":""DOWN"",""group"":""default"",""txqlen"":1000,""link_type"":""ether"",""address"":""14:6b:9c:7d:94:4a"",""broadcast"":""ff:ff:ff:ff:ff:ff"",""addr_info"":[]},{""ifindex"":5,""ifname"":""end0"",""flags"":[""BROADCAST"",""MULTICAST"",""UP"",""LOWER_UP""],""mtu"":1500,""qdisc"":""mq"",""operstate"":""UP"",""group"":""default"",""txqlen"":1000,""link_type"":""ether"",""address"":""3a:0a:4a:b6:58:f8"",""broadcast"":""ff:ff:ff:ff:ff:ff"",""addr_info"":[{""family"":""inet"",""local"":""192.168.50.8"",""prefixlen"":16,""broadcast"":""192.168.255.255"",""scope"":""global"",""noprefixroute"":true,""label"":""end0"",""valid_life_time"":4294967295,""preferred_life_time"":4294967295},{""family"":""inet"",""local"":""192.168.50.175"",""prefixlen"":24,""broadcast"":""192.168.50.255"",""scope"":""global"",""dynamic"":true,""noprefixroute"":true,""label"":""end0"",""valid_life_time"":6610,""preferred_life_time"":6610},{""family"":""inet6"",""local"":""fe80::e599:6b88:27c6:68d"",""prefixlen"":64,""scope"":""link"",""noprefixroute"":true,""valid_life_time"":4294967295,""preferred_life_time"":4294967295}]}]
[{""ifindex"":1,""ifname"":""lo"",""flags"":[""LOOPBACK"",""UP"",""LOWER_UP""],""mtu"":65536,""qdisc"":""noqueue"",""operstate"":""UNKNOWN"",""linkmode"":""DEFAULT"",""group"":""default"",""txqlen"":1000,""link_type"":""loopback"",""address"":""00:00:00:00:00:00"",""broadcast"":""00:00:00:00:00:00""},{""ifindex"":2,""link"":null,""ifname"":""tunl0"",""flags"":[""NOARP""],""mtu"":1480,""qdisc"":""noop"",""operstate"":""DOWN"",""linkmode"":""DEFAULT"",""group"":""default"",""txqlen"":1000,""link_type"":""ipip"",""address"":""0.0.0.0"",""broadcast"":""0.0.0.0""},{""ifindex"":3,""link"":null,""ifname"":""ip6tnl0"",""flags"":[""NOARP""],""mtu"":1452,""qdisc"":""noop"",""operstate"":""DOWN"",""linkmode"":""DEFAULT"",""group"":""default"",""txqlen"":1000,""link_type"":""tunnel6"",""address"":""::"",""broadcast"":""::"",""permaddr"":""464b:ea6c:4a30::""},{""ifindex"":4,""ifname"":""wlan0"",""flags"":[""NO-CARRIER"",""BROADCAST"",""MULTICAST"",""UP""],""mtu"":1500,""qdisc"":""mq"",""operstate"":""DOWN"",""linkmode"":""DORMANT"",""group"":""default"",""txqlen"":1000,""link_type"":""ether"",""address"":""14:6b:9c:7d:94:4a"",""broadcast"":""ff:ff:ff:ff:ff:ff""},{""ifindex"":5,""ifname"":""end0"",""flags"":[""BROADCAST"",""MULTICAST"",""UP"",""LOWER_UP""],""mtu"":1500,""qdisc"":""mq"",""operstate"":""UP"",""linkmode"":""DEFAULT"",""group"":""default"",""txqlen"":1000,""link_type"":""ether"",""address"":""3a:0a:4a:b6:58:f8"",""broadcast"":""ff:ff:ff:ff:ff:ff""}]
[{""dst"":""default"",""gateway"":""192.168.50.1"",""dev"":""end0"",""protocol"":""dhcp"",""prefsrc"":""192.168.50.175"",""metric"":100,""flags"":[]},{""dst"":""192.168.0.0/16"",""dev"":""end0"",""protocol"":""kernel"",""scope"":""link"",""prefsrc"":""192.168.50.8"",""metric"":100,""flags"":[]},{""dst"":""192.168.50.0/24"",""dev"":""end0"",""protocol"":""kernel"",""scope"":""link"",""prefsrc"":""192.168.50.175"",""metric"":100,""flags"":[]}]
/sys/class/net/end0/address=3a:0a:4a:b6:58:f8
/sys/class/net/ip6tnl0/address=00:00:00:00:00:00:00:00:00:00:00:00:00:00:00:00
/sys/class/net/lo/address=00:00:00:00:00:00
/sys/class/net/tunl0/address=00:00:00:00
/sys/class/net/wlan0/address=14:6b:9c:7d:94:4a
","IF=end0
bash: line 13: ethtool: command not found
5: end0: <BROADCAST,MULTICAST,UP,LOWER_UP> mtu 1500 qdisc mq state UP mode DEFAULT group default qlen 1000
    link/ether 3a:0a:4a:b6:58:f8 brd ff:ff:ff:ff:ff:ff
    RX:  bytes packets errors dropped  missed   mcast           
       6658338   49834      0       0       0       0 
    TX:  bytes packets errors dropped carrier collsns           
       2720492   19812      0       0       0       0 
IF=ip6tnl0
bash: line 13: ethtool: command not found
3: ip6tnl0@NONE: <NOARP> mtu 1452 qdisc noop state DOWN mode DEFAULT group default qlen 1000
    link/tunnel6 :: brd :: permaddr 464b:ea6c:4a30::
    RX:  bytes packets errors dropped  missed   mcast           
             0       0      0       0       0       0 
    TX:  bytes packets errors dropped carrier collsns           
             0       0      0       0       0       0 
IF=lo
bash: line 13: ethtool: command not found
1: lo: <LOOPBACK,UP,LOWER_UP> mtu 65536 qdisc noqueue state UNKNOWN mode DEFAULT group default qlen 1000
    link/loopback 00:00:00:00:00:00 brd 00:00:00:00:00:00
    RX:  bytes packets errors dropped  missed   mcast           
         88208     938      0       0       0       0 
    TX:  bytes packets errors dropped carrier collsns           
         88208     938      0       0       0       0 
IF=tunl0
bash: line 13: ethtool: command not found
2: tunl0@NONE: <NOARP> mtu 1480 qdisc noop state DOWN mode DEFAULT group default qlen 1000
    link/ipip 0.0.0.0 brd 0.0.0.0
    RX:  bytes packets errors dropped  missed   mcast           
             0       0      0       0       0       0 
    TX:  bytes packets errors dropped carrier collsns           
             0       0      0       0       0       0 
IF=wlan0
bash: line 13: ethtool: command not found
4: wlan0: <NO-CARRIER,BROADCAST,MULTICAST,UP> mtu 1500 qdisc mq state DOWN mode DORMANT group default qlen 1000
    link/ether 14:6b:9c:7d:94:4a brd ff:ff:ff:ff:ff:ff
    RX:  bytes packets errors dropped  missed   mcast           
             0       0      0       0       0       0 
    TX:  bytes packets errors dropped carrier collsns           
             0       0      0       0       0       0 
","0.23 0.21 0.18 1/132 13937
    PID COMMAND         %CPU %MEM     ELAPSED COMMAND
  13938 ps               200  0.1       00:00 ps -eo pid,comm,pcpu,pmem,etime,args --sort=-pcpu
  13893 systemd-hostnam 30.6  0.2       00:00 /lib/systemd/systemd-hostnamed
  13879 sshd             7.9  0.4       00:01 sshd: caninos [priv]
  13886 bash             6.0  0.1       00:00 bash -s
  13885 sshd             2.8  0.3       00:01 sshd: caninos@notty
  13651 kworker/2:3-eve  0.4  0.0       35:16 [kworker/2:3-events]
  13508 kworker/2:0-eve  0.2  0.0    02:36:38 [kworker/2:0-events]
    418 RTW_CMD_THREAD   0.1  0.0  5-00:07:08 [RTW_CMD_THREAD]
    359 NetworkManager   0.1  1.1  5-00:07:11 /usr/sbin/NetworkManager --no-daemon
    423 wpa_supplicant   0.0  0.5  5-00:07:08 /sbin/wpa_supplicant -u -s -O DIR=/run/wpa_supplicant GROUP=netdev
    340 dbus-daemon      0.0  0.2  5-00:07:12 /usr/bin/dbus-daemon --system --address=systemd: --nofork --nopidfile --systemd-activation --syslog-only
    323 ksdioirqd/mmc1   0.0  0.0  5-00:07:13 [ksdioirqd/mmc1]
    267 systemd-timesyn  0.0  0.3  5-00:07:14 /lib/systemd/systemd-timesyncd
    233 systemd-journal  0.0  3.4  5-00:07:15 /lib/systemd/systemd-journald
      1 systemd          0.0  0.6  5-00:07:21 /sbin/init
  13573 kworker/3:2-eve  0.0  0.0    01:44:16 [kworker/3:2-events_freezable]
     25 ksoftirqd/2      0.0  0.0  5-00:07:21 [ksoftirqd/2]
  13356 kworker/1:2-eve  0.0  0.0    03:14:03 [kworker/1:2-events]
  13640 kworker/3:2H-kb  0.0  0.0       43:50 [kworker/3:2H-kblockd]
    343 rsyslogd         0.0  0.3  5-00:07:12 /usr/sbin/rsyslogd -n -iNONE
  13704 kworker/u8:1-fl  0.0  0.0       17:35 [kworker/u8:1-flush-179:0]
  13249 kworker/1:2H-kb  0.0  0.0    03:38:44 [kworker/1:2H-kblockd]
     40 kcompactd0       0.0  0.0  5-00:07:21 [kcompactd0]
   8907 systemd          0.0  0.5    19:36:22 /lib/systemd/systemd --user
  UNIT                       LOAD   ACTIVE SUB     DESCRIPTION
  cron.service               loaded active running Regular background program processing daemon
  dbus.service               loaded active running D-Bus System Message Bus
  getty@tty1.service         loaded active running Getty on tty1
  led-udp.service            loaded active running LED UDP Control Service
  ModemManager.service       loaded active running Modem Manager
  NetworkManager.service     loaded active running Network Manager
  polkit.service             loaded active running Authorization Manager
  rsyslog.service            loaded active running System Logging Service
  serial-getty@ttyS3.service loaded active running Serial Getty on ttyS3
  ssh.service                loaded active running OpenBSD Secure Shell server
  systemd-hostnamed.service  loaded active running Hostname Service
  systemd-journald.service   loaded active running Journal Service
  systemd-logind.service     loaded active running User Login Management
  systemd-timesyncd.service  loaded active running Network Time Synchronization
  systemd-udevd.service      loaded active running Rule-based Manager for Device Events and Files
  user@1000.service          loaded active running User Manager for UID 1000
  wifi_bt_start.service      loaded active running LSB: Bluetooth Start
  wpa_supplicant.service     loaded active running WPA supplicant

LOAD   = Reflects whether the unit definition was properly loaded.
ACTIVE = The high-level unit activation state, i.e. generalization of SUB.
SUB    = The low-level unit activation state, values depend on unit type.
18 loaded units listed.
","/sys/class/thermal/thermal_zone0/type=cpu-temp
/sys/class/thermal/thermal_zone1/type=gpu-temp
/sys/class/thermal/thermal_zone2/type=corelogic-temp
/sys/class/thermal/thermal_zone0/temp=55844
/sys/class/thermal/thermal_zone1/temp=87150
/sys/class/thermal/thermal_zone2/temp=67007
/sys/class/hwmon/hwmon0/name=cpu_temp
/sys/class/hwmon/hwmon1/name=gpu_temp
/sys/class/hwmon/hwmon2/name=corelogic_temp
/sys/class/hwmon/hwmon0/temp1_input=55844
/sys/class/hwmon/hwmon1/temp1_input=87150
/sys/class/hwmon/hwmon2/temp1_input=67007
","CMD=gcc PATH=/usr/bin/gcc
gcc (Debian 12.2.0-14+deb12u1) 12.2.0
Copyright (C) 2022 Free Software Foundation, Inc.
CMD=g++ PATH=/usr/bin/g++
g++ (Debian 12.2.0-14+deb12u1) 12.2.0
Copyright (C) 2022 Free Software Foundation, Inc.
CMD=clang PATH=/usr/bin/clang
Debian clang version 14.0.6
Target: aarch64-unknown-linux-gnu
CMD=make PATH=/usr/bin/make
GNU Make 4.3
Built for aarch64-unknown-linux-gnu
CMD=cmake PATH=/usr/bin/cmake
cmake version 3.25.1

CMD=python3 PATH=/usr/bin/python3
Python 3.11.2
CMD=python PATH=bash: line 14: python: command not found
CMD=git PATH=/usr/bin/git
git version 2.39.5
CMD=pip3 PATH=/usr/bin/pip3
pip 23.0.1 from /usr/lib/python3/dist-packages/pip (python 3.11)
CMD=llama-cli PATH=bash: line 14: llama-cli: command not found
CMD=llama-server PATH=bash: line 14: llama-server: command not found
CMD=ollama PATH=bash: line 14: ollama: command not found
CMD=vllm PATH=bash: line 14: vllm: command not found
CMD=torchrun PATH=bash: line 14: torchrun: command not found
CMD=mpirun PATH=bash: line 14: mpirun: command not found
CMD=iperf3 PATH=bash: line 14: iperf3: command not found
",,"[Thu Oct  1 09:04:00 2026] caninos-dwmac e0220000.ethernet end0: Link is Up - 100Mbps/Full - flow control off
[Thu Oct  1 09:04:00 2026] caninos-dwmac e0220000.ethernet end0: Link is Down
[Thu Oct  1 09:04:04 2026] caninos-dwmac e0220000.ethernet end0: Link is Up - 100Mbps/Full - flow control off
[Thu Oct  1 09:04:46 2026] caninos-dwmac e0220000.ethernet end0: Link is Down
[Thu Oct  1 09:04:49 2026] caninos-dwmac e0220000.ethernet end0: Link is Up - 100Mbps/Full - flow control off
[Thu Oct  1 09:04:49 2026] caninos-dwmac e0220000.ethernet end0: Link is Down
[Thu Oct  1 09:04:53 2026] caninos-dwmac e0220000.ethernet end0: Link is Up - 100Mbps/Full - flow control off
[Thu Oct  1 09:05:35 2026] caninos-dwmac e0220000.ethernet end0: Link is Down
[Thu Oct  1 09:05:37 2026] caninos-dwmac e0220000.ethernet end0: Link is Up - 100Mbps/Full - flow control off
[Thu Oct  1 09:05:37 2026] caninos-dwmac e0220000.ethernet end0: Link is Down
[Thu Oct  1 09:05:41 2026] caninos-dwmac e0220000.ethernet end0: Link is Up - 100Mbps/Full - flow control off
[Thu Oct  1 09:06:23 2026] caninos-dwmac e0220000.ethernet end0: Link is Down
[Thu Oct  1 09:06:26 2026] caninos-dwmac e0220000.ethernet end0: Link is Up - 100Mbps/Full - flow control off
[Thu Oct  1 09:06:27 2026] caninos-dwmac e0220000.ethernet end0: Link is Down
[Thu Oct  1 09:06:30 2026] caninos-dwmac e0220000.ethernet end0: Link is Up - 100Mbps/Full - flow control off
[Thu Oct  1 09:07:12 2026] caninos-dwmac e0220000.ethernet end0: Link is Down
[Thu Oct  1 09:07:15 2026] caninos-dwmac e0220000.ethernet end0: Link is Up - 100Mbps/Full - flow control off
[Thu Oct  1 09:07:15 2026] caninos-dwmac e0220000.ethernet end0: Link is Down
[Thu Oct  1 09:07:19 2026] caninos-dwmac e0220000.ethernet end0: Link is Up - 100Mbps/Full - flow control off
[Thu Oct  1 09:08:01 2026] caninos-dwmac e0220000.ethernet end0: Link is Down
[Thu Oct  1 09:08:04 2026] caninos-dwmac e0220000.ethernet end0: Link is Up - 100Mbps/Full - flow control off
[Thu Oct  1 09:08:04 2026] caninos-dwmac e0220000.ethernet end0: Link is Down
[Thu Oct  1 09:08:08 2026] caninos-dwmac e0220000.ethernet end0: Link is Up - 100Mbps/Full - flow control off
[Thu Oct  1 09:08:50 2026] caninos-dwmac e0220000.ethernet end0: Link is Down
[Thu Oct  1 09:08:52 2026] caninos-dwmac e0220000.ethernet end0: Link is Up - 100Mbps/Full - flow control off
[Thu Oct  1 09:08:52 2026] caninos-dwmac e0220000.ethernet end0: Link is Down
[Thu Oct  1 09:08:56 2026] caninos-dwmac e0220000.ethernet end0: Link is Up - 100Mbps/Full - flow control off
[Thu Oct  1 09:09:08 2026] caninos-dwmac e0220000.ethernet end0: Link is Down
[Thu Oct  1 09:09:24 2026] caninos-dwmac e0220000.ethernet end0: Link is Up - 100Mbps/Full - flow control off
[Thu Oct  1 09:09:24 2026] caninos-dwmac e0220000.ethernet end0: Link is Down
[Thu Oct  1 09:09:27 2026] caninos-dwmac e0220000.ethernet end0: Link is Up - 100Mbps/Full - flow control off
[Thu Oct  1 09:10:09 2026] caninos-dwmac e0220000.ethernet end0: Link is Down
[Thu Oct  1 09:10:12 2026] caninos-dwmac e0220000.ethernet end0: Link is Up - 100Mbps/Full - flow control off
[Thu Oct  1 09:10:12 2026] caninos-dwmac e0220000.ethernet end0: Link is Down
[Thu Oct  1 09:10:16 2026] caninos-dwmac e0220000.ethernet end0: Link is Up - 100Mbps/Full - flow control off
[Thu Oct  1 09:10:58 2026] caninos-dwmac e0220000.ethernet end0: Link is Down
[Thu Oct  1 09:11:00 2026] caninos-dwmac e0220000.ethernet end0: Link is Up - 100Mbps/Full - flow control off
[Thu Oct  1 09:11:00 2026] caninos-dwmac e0220000.ethernet end0: Link is Down
[Thu Oct  1 09:11:04 2026] caninos-dwmac e0220000.ethernet end0: Link is Up - 100Mbps/Full - flow control off
[Thu Oct  1 09:11:46 2026] caninos-dwmac e0220000.ethernet end0: Link is Down
[Thu Oct  1 09:11:48 2026] caninos-dwmac e0220000.ethernet end0: Link is Up - 100Mbps/Full - flow control off
[Thu Oct  1 09:11:48 2026] caninos-dwmac e0220000.ethernet end0: Link is Down
[Thu Oct  1 09:11:52 2026] caninos-dwmac e0220000.ethernet end0: Link is Up - 100Mbps/Full - flow control off
[Thu Oct  1 09:12:34 2026] caninos-dwmac e0220000.ethernet end0: Link is Down
[Thu Oct  1 09:12:36 2026] caninos-dwmac e0220000.ethernet end0: Link is Up - 100Mbps/Full - flow control off
[Thu Oct  1 09:12:36 2026] caninos-dwmac e0220000.ethernet end0: Link is Down
[Thu Oct  1 09:12:40 2026] caninos-dwmac e0220000.ethernet end0: Link is Up - 100Mbps/Full - flow control off
[Thu Oct  1 09:13:22 2026] caninos-dwmac e0220000.ethernet end0: Link is Down
[Thu Oct  1 09:13:24 2026] caninos-dwmac e0220000.ethernet end0: Link is Up - 100Mbps/Full - flow control off
[Thu Oct  1 09:13:24 2026] caninos-dwmac e0220000.ethernet end0: Link is Down
[Thu Oct  1 09:13:28 2026] caninos-dwmac e0220000.ethernet end0: Link is Up - 100Mbps/Full - flow control off
[Thu Oct  1 09:14:10 2026] caninos-dwmac e0220000.ethernet end0: Link is Down
[Thu Oct  1 09:14:13 2026] caninos-dwmac e0220000.ethernet end0: Link is Up - 100Mbps/Full - flow control off
[Thu Oct  1 09:14:13 2026] caninos-dwmac e0220000.ethernet end0: Link is Down
[Thu Oct  1 09:14:17 2026] caninos-dwmac e0220000.ethernet end0: Link is Up - 100Mbps/Full - flow control off
[Thu Oct  1 09:14:59 2026] caninos-dwmac e0220000.ethernet end0: Link is Down
[Thu Oct  1 09:15:02 2026] caninos-dwmac e0220000.ethernet end0: Link is Up - 100Mbps/Full - flow control off
[Thu Oct  1 09:15:02 2026] caninos-dwmac e0220000.ethernet end0: Link is Down
[Thu Oct  1 09:15:06 2026] caninos-dwmac e0220000.ethernet end0: Link is Up - 100Mbps/Full - flow control off
[Thu Oct  1 09:15:48 2026] caninos-dwmac e0220000.ethernet end0: Link is Down
[Thu Oct  1 09:15:51 2026] caninos-dwmac e0220000.ethernet end0: Link is Up - 100Mbps/Full - flow control off
[Thu Oct  1 09:15:51 2026] caninos-dwmac e0220000.ethernet end0: Link is Down
[Thu Oct  1 09:15:55 2026] caninos-dwmac e0220000.ethernet end0: Link is Up - 100Mbps/Full - flow control off
[Thu Oct  1 09:16:37 2026] caninos-dwmac e0220000.ethernet end0: Link is Down
[Thu Oct  1 09:16:39 2026] caninos-dwmac e0220000.ethernet end0: Link is Up - 100Mbps/Full - flow control off
[Thu Oct  1 09:16:39 2026] caninos-dwmac e0220000.ethernet end0: Link is Down
[Thu Oct  1 09:16:43 2026] caninos-dwmac e0220000.ethernet end0: Link is Up - 100Mbps/Full - flow control off
",,,data/runs/20261001T151649Z/hosts/192.168.50.175/raw.txt,
node22,192.168.50.142,True,0,lab5,11b02da9cc614528b947d24bad602e6d,"Caninos Labrador 7 (Base 2.1) 
caninos,k7

cat: /proc/device-tree/serial-number: No such file or directory

",Caninos Labrador 7 (Base 2.1),aarch64,4,"Linux lab5 6.1.76 #1 SMP Fri Feb 28 17:06:14 UTC 2025 aarch64 GNU/Linux
Architecture:                       aarch64
CPU op-mode(s):                     32-bit, 64-bit
Byte Order:                         Little Endian
CPU(s):                             4
On-line CPU(s) list:                0-3
Vendor ID:                          ARM
Model name:                         Cortex-A53
Model:                              4
Thread(s) per core:                 1
Core(s) per cluster:                4
Socket(s):                          -
Cluster(s):                         1
Stepping:                           r0p4
BogoMIPS:                           48.00
Flags:                              fp asimd evtstrm crc32 cpuid
Vulnerability Gather data sampling: Not affected
Vulnerability Itlb multihit:        Not affected
Vulnerability L1tf:                 Not affected
Vulnerability Mds:                  Not affected
Vulnerability Meltdown:             Not affected
Vulnerability Mmio stale data:      Not affected
Vulnerability Retbleed:             Not affected
Vulnerability Spec rstack overflow: Not affected
Vulnerability Spec store bypass:    Not affected
Vulnerability Spectre v1:           Mitigation; __user pointer sanitization
Vulnerability Spectre v2:           Not affected
Vulnerability Srbds:                Not affected
Vulnerability Tsx async abort:      Not affected
processor	: 0
BogoMIPS	: 48.00
Features	: fp asimd evtstrm crc32 cpuid
processor	: 1
BogoMIPS	: 48.00
Features	: fp asimd evtstrm crc32 cpuid
processor	: 2
BogoMIPS	: 48.00
Features	: fp asimd evtstrm crc32 cpuid
processor	: 3
BogoMIPS	: 48.00
Features	: fp asimd evtstrm crc32 cpuid
","PRETTY_NAME=""Debian GNU/Linux 12 (bookworm)""
NAME=""Debian GNU/Linux""
VERSION_ID=""12""
VERSION=""12 (bookworm)""
VERSION_CODENAME=bookworm
ID=debian
HOME_URL=""https://www.debian.org/""
SUPPORT_URL=""https://www.debian.org/support""
BUG_REPORT_URL=""https://bugs.debian.org/""
6.1.76
2026-09-26 12:09:53
 12:17:18 up 5 days, 7 min,  1 user,  load average: 0.19, 0.18, 0.18
2026-10-01T15:17:18Z
","               total        used        free      shared  buff/cache   available
Mem:      2034073600   229232640  1485127680     2985984   402149376  1804840960
Swap:              0           0           0
bash: line 9: swapon: command not found
MemTotal:        1986400 kB
MemFree:         1450316 kB
MemAvailable:    1762536 kB
Buffers:           67528 kB
Cached:           293920 kB
SwapCached:            0 kB
Active:           161128 kB
Inactive:         249428 kB
Active(anon):       2788 kB
Inactive(anon):    49236 kB
Active(file):     158340 kB
Inactive(file):   200192 kB
Unevictable:           0 kB
Mlocked:               0 kB
SwapTotal:             0 kB
SwapFree:              0 kB
Zswap:                 0 kB
Zswapped:              0 kB
Dirty:               484 kB
Writeback:             0 kB
AnonPages:         49172 kB
Mapped:            73344 kB
Shmem:              2916 kB
KReclaimable:      31276 kB
Slab:              58684 kB
SReclaimable:      31276 kB
SUnreclaim:        27408 kB
KernelStack:        2096 kB
PageTables:         1736 kB
SecPageTables:         0 kB
","ALIGNMENT DISC-ALN DAX DISC-GRAN DISC-MAX DISC-ZERO FSAVAIL FSROOTS FSSIZE FSTYPE FSUSED FSUSE% FSVER GROUP HCTL HOTPLUG KNAME     LABEL LOG-SEC MAJ:MIN MIN-IO MODE       MODEL NAME        OPT-IO OWNER PARTFLAGS PARTLABEL PARTTYPE PARTTYPENAME PARTUUID                             PATH           PHY-SEC PKNAME  PTTYPE PTUUID                                RA RAND  REV RM RO ROTA RQ-SIZE SCHED       SERIAL      SIZE START STATE SUBSYSTEMS                  MOUNTPOINT MOUNTPOINTS TRAN TYPE UUID                                 VENDOR WSAME WWN ZONED ZONE-SZ ZONE-WGRAN ZONE-APP ZONE-NR ZONE-OMAX ZONE-AMAX
        0        0   0        0B       0B         0                                                   disk             0 nbd0                512  43:0      512 brw-rw----       nbd0             0 root                                                                                 /dev/nbd0          512                                                     128    0       0  0    0     256 mq-deadline               0B             block                                                   disk                                                0B     none       0B         0B       0B       0         0         0
        0        0   0        0B       0B         0                                                   disk             0 nbd1                512  43:32     512 brw-rw----       nbd1             0 root                                                                                 /dev/nbd1          512                                                     128    0       0  0    0     256 mq-deadline               0B             block                                                   disk                                                0B     none       0B         0B       0B       0         0         0
        0        0   0        0B       0B         0                                                   disk             0 nbd2                512  43:64     512 brw-rw----       nbd2             0 root                                                                                 /dev/nbd2          512                                                     128    0       0  0    0     256 mq-deadline               0B             block                                                   disk                                                0B     none       0B         0B       0B       0         0         0
        0        0   0        0B       0B         0                                                   disk             0 nbd3                512  43:96     512 brw-rw----       nbd3             0 root                                                                                 /dev/nbd3          512                                                     128    0       0  0    0     256 mq-deadline               0B             block                                                   disk                                                0B     none       0B         0B       0B       0         0         0
        0        0   0        0B       0B         0                                                   disk             0 nbd4                512  43:128    512 brw-rw----       nbd4             0 root                                                                                 /dev/nbd4          512                                                     128    0       0  0    0     256 mq-deadline               0B             block                                                   disk                                                0B     none       0B         0B       0B       0         0         0
        0        0   0        0B       0B         0                                                   disk             0 nbd5                512  43:160    512 brw-rw----       nbd5             0 root                                                                                 /dev/nbd5          512                                                     128    0       0  0    0     256 mq-deadline               0B             block                                                   disk                                                0B     none       0B         0B       0B       0         0         0
        0        0   0        0B       0B         0                                                   disk             0 nbd6                512  43:192    512 brw-rw----       nbd6             0 root                                                                                 /dev/nbd6          512                                                     128    0       0  0    0     256 mq-deadline               0B             block                                                   disk                                                0B     none       0B         0B       0B       0         0         0
        0        0   0        0B       0B         0                                                   disk             0 nbd7                512  43:224    512 brw-rw----       nbd7             0 root                                                                                 /dev/nbd7          512                                                     128    0       0  0    0     256 mq-deadline               0B             block                                                   disk                                                0B     none       0B         0B       0B       0         0         0
        0        0   0        4M    49.5M         0                                                   disk             1 mmcblk2             512 179:0      512 brw-rw----       mmcblk2          0 root                                                                                 /dev/mmcblk2       512         dos    560b8987                             128    0  0x8  0  0    0     128 mq-deadline 0xcb1c00e5 14.6G             block:mmc:mmc_host:platform                             disk                                                0B     none       0B         0B       0B       0         0         0
        0  3145728   0        4M    49.5M         0    9.5G /        14.2G ext4       4G    28% 1.0   disk             1 mmcblk2p1           512 179:1      512 brw-rw----       └─mmcblk2p1      0 root  0x80                0x83     Linux        560b8987-01                          /dev/mmcblk2p1     512 mmcblk2 dos    560b8987                             128    0       0  0    0     128 mq-deadline            14.6G  2048       block:mmc:mmc_host:platform /          /                part 09fa4dcc-2ed4-4edd-8397-2981b3ed22e3           0B     none       0B         0B       0B       0         0         0
        0        0   0        0B       0B         0                                                   disk             0 nullb0              512 253:0      512 brw-rw----       nullb0           0 root                                                                                 /dev/nullb0        512                                                     128    0       0  0    0      64 none                    250G             block                                                   disk                                                0B     none       0B         0B       0B       0         0         0
        0        0   0        0B       0B         0                                                   disk             0 nbd8                512  43:256    512 brw-rw----       nbd8             0 root                                                                                 /dev/nbd8          512                                                     128    0       0  0    0     256 mq-deadline               0B             block                                                   disk                                                0B     none       0B         0B       0B       0         0         0
        0        0   0        0B       0B         0                                                   disk             0 nbd9                512  43:288    512 brw-rw----       nbd9             0 root                                                                                 /dev/nbd9          512                                                     128    0       0  0    0     256 mq-deadline               0B             block                                                   disk                                                0B     none       0B         0B       0B       0         0         0
        0        0   0        0B       0B         0                                                   disk             0 nbd10               512  43:320    512 brw-rw----       nbd10            0 root                                                                                 /dev/nbd10         512                                                     128    0       0  0    0     256 mq-deadline               0B             block                                                   disk                                                0B     none       0B         0B       0B       0         0         0
        0        0   0        0B       0B         0                                                   disk             0 nbd11               512  43:352    512 brw-rw----       nbd11            0 root                                                                                 /dev/nbd11         512                                                     128    0       0  0    0     256 mq-deadline               0B             block                                                   disk                                                0B     none       0B         0B       0B       0         0         0
        0        0   0        0B       0B         0                                                   disk             0 nbd12               512  43:384    512 brw-rw----       nbd12            0 root                                                                                 /dev/nbd12         512                                                     128    0       0  0    0     256 mq-deadline               0B             block                                                   disk                                                0B     none       0B         0B       0B       0         0         0
        0        0   0        0B       0B         0                                                   disk             0 nbd13               512  43:416    512 brw-rw----       nbd13            0 root                                                                                 /dev/nbd13         512                                                     128    0       0  0    0     256 mq-deadline               0B             block                                                   disk                                                0B     none       0B         0B       0B       0         0         0
        0        0   0        0B       0B         0                                                   disk             0 nbd14               512  43:448    512 brw-rw----       nbd14            0 root                                                                                 /dev/nbd14         512                                                     128    0       0  0    0     256 mq-deadline               0B             block                                                   disk                                                0B     none       0B         0B       0B       0         0         0
        0        0   0        0B       0B         0                                                   disk             0 nbd15               512  43:480    512 brw-rw----       nbd15            0 root                                                                                 /dev/nbd15         512                                                     128    0       0  0    0     256 mq-deadline               0B             block                                                   disk                                                0B     none       0B         0B       0B       0         0         0
Filesystem     Type      Size  Used Avail Use% Mounted on
/dev/root      ext4       15G  4.0G  9.5G  30% /
devtmpfs       devtmpfs  712M     0  712M   0% /dev
tmpfs          tmpfs     970M     0  970M   0% /dev/shm
tmpfs          tmpfs     388M  2.9M  386M   1% /run
tmpfs          tmpfs     5.0M     0  5.0M   0% /run/lock
tmpfs          tmpfs     194M     0  194M   0% /run/user/1000
","[{""ifindex"":1,""ifname"":""lo"",""flags"":[""LOOPBACK"",""UP"",""LOWER_UP""],""mtu"":65536,""qdisc"":""noqueue"",""operstate"":""UNKNOWN"",""group"":""default"",""txqlen"":1000,""link_type"":""loopback"",""address"":""00:00:00:00:00:00"",""broadcast"":""00:00:00:00:00:00"",""addr_info"":[{""family"":""inet"",""local"":""127.0.0.1"",""prefixlen"":8,""scope"":""host"",""label"":""lo"",""valid_life_time"":4294967295,""preferred_life_time"":4294967295},{""family"":""inet6"",""local"":""::1"",""prefixlen"":128,""scope"":""host"",""noprefixroute"":true,""valid_life_time"":4294967295,""preferred_life_time"":4294967295}]},{""ifindex"":2,""link"":null,""ifname"":""tunl0"",""flags"":[""NOARP""],""mtu"":1480,""qdisc"":""noop"",""operstate"":""DOWN"",""group"":""default"",""txqlen"":1000,""link_type"":""ipip"",""address"":""0.0.0.0"",""broadcast"":""0.0.0.0"",""addr_info"":[]},{""ifindex"":3,""link"":null,""ifname"":""ip6tnl0"",""flags"":[""NOARP""],""mtu"":1452,""qdisc"":""noop"",""operstate"":""DOWN"",""group"":""default"",""txqlen"":1000,""link_type"":""tunnel6"",""address"":""::"",""broadcast"":""::"",""permaddr"":""5233:3242:6360::"",""addr_info"":[]},{""ifindex"":4,""ifname"":""end0"",""flags"":[""BROADCAST"",""MULTICAST"",""UP"",""LOWER_UP""],""mtu"":1500,""qdisc"":""mq"",""operstate"":""UP"",""group"":""default"",""txqlen"":1000,""link_type"":""ether"",""address"":""3e:0a:4a:b6:58:f5"",""broadcast"":""ff:ff:ff:ff:ff:ff"",""addr_info"":[{""family"":""inet"",""local"":""192.168.50.5"",""prefixlen"":16,""broadcast"":""192.168.255.255"",""scope"":""global"",""noprefixroute"":true,""label"":""end0"",""valid_life_time"":4294967295,""preferred_life_time"":4294967295},{""family"":""inet"",""local"":""192.168.50.142"",""prefixlen"":24,""broadcast"":""192.168.50.255"",""scope"":""global"",""dynamic"":true,""noprefixroute"":true,""label"":""end0"",""valid_life_time"":6466,""preferred_life_time"":6466},{""family"":""inet6"",""local"":""fe80::90c8:40cc:9931:ea8d"",""prefixlen"":64,""scope"":""link"",""noprefixroute"":true,""valid_life_time"":4294967295,""preferred_life_time"":4294967295}]}]
[{""ifindex"":1,""ifname"":""lo"",""flags"":[""LOOPBACK"",""UP"",""LOWER_UP""],""mtu"":65536,""qdisc"":""noqueue"",""operstate"":""UNKNOWN"",""linkmode"":""DEFAULT"",""group"":""default"",""txqlen"":1000,""link_type"":""loopback"",""address"":""00:00:00:00:00:00"",""broadcast"":""00:00:00:00:00:00""},{""ifindex"":2,""link"":null,""ifname"":""tunl0"",""flags"":[""NOARP""],""mtu"":1480,""qdisc"":""noop"",""operstate"":""DOWN"",""linkmode"":""DEFAULT"",""group"":""default"",""txqlen"":1000,""link_type"":""ipip"",""address"":""0.0.0.0"",""broadcast"":""0.0.0.0""},{""ifindex"":3,""link"":null,""ifname"":""ip6tnl0"",""flags"":[""NOARP""],""mtu"":1452,""qdisc"":""noop"",""operstate"":""DOWN"",""linkmode"":""DEFAULT"",""group"":""default"",""txqlen"":1000,""link_type"":""tunnel6"",""address"":""::"",""broadcast"":""::"",""permaddr"":""5233:3242:6360::""},{""ifindex"":4,""ifname"":""end0"",""flags"":[""BROADCAST"",""MULTICAST"",""UP"",""LOWER_UP""],""mtu"":1500,""qdisc"":""mq"",""operstate"":""UP"",""linkmode"":""DEFAULT"",""group"":""default"",""txqlen"":1000,""link_type"":""ether"",""address"":""3e:0a:4a:b6:58:f5"",""broadcast"":""ff:ff:ff:ff:ff:ff""}]
[{""dst"":""default"",""gateway"":""192.168.50.1"",""dev"":""end0"",""protocol"":""dhcp"",""prefsrc"":""192.168.50.142"",""metric"":100,""flags"":[]},{""dst"":""192.168.0.0/16"",""dev"":""end0"",""protocol"":""kernel"",""scope"":""link"",""prefsrc"":""192.168.50.5"",""metric"":100,""flags"":[]},{""dst"":""192.168.50.0/24"",""dev"":""end0"",""protocol"":""kernel"",""scope"":""link"",""prefsrc"":""192.168.50.142"",""metric"":100,""flags"":[]}]
/sys/class/net/end0/address=3e:0a:4a:b6:58:f5
/sys/class/net/ip6tnl0/address=00:00:00:00:00:00:00:00:00:00:00:00:00:00:00:00
/sys/class/net/lo/address=00:00:00:00:00:00
/sys/class/net/tunl0/address=00:00:00:00
","IF=end0
bash: line 13: ethtool: command not found
4: end0: <BROADCAST,MULTICAST,UP,LOWER_UP> mtu 1500 qdisc mq state UP mode DEFAULT group default qlen 1000
    link/ether 3e:0a:4a:b6:58:f5 brd ff:ff:ff:ff:ff:ff
    RX:  bytes packets errors dropped  missed   mcast           
       6505239   49153      0       0       0       0 
    TX:  bytes packets errors dropped carrier collsns           
       2780522   20348      0       0       0       0 
IF=ip6tnl0
bash: line 13: ethtool: command not found
3: ip6tnl0@NONE: <NOARP> mtu 1452 qdisc noop state DOWN mode DEFAULT group default qlen 1000
    link/tunnel6 :: brd :: permaddr 5233:3242:6360::
    RX:  bytes packets errors dropped  missed   mcast           
             0       0      0       0       0       0 
    TX:  bytes packets errors dropped carrier collsns           
             0       0      0       0       0       0 
IF=lo
bash: line 13: ethtool: command not found
1: lo: <LOOPBACK,UP,LOWER_UP> mtu 65536 qdisc noqueue state UNKNOWN mode DEFAULT group default qlen 1000
    link/loopback 00:00:00:00:00:00 brd 00:00:00:00:00:00
    RX:  bytes packets errors dropped  missed   mcast           
         86688     922      0       0       0       0 
    TX:  bytes packets errors dropped carrier collsns           
         86688     922      0       0       0       0 
IF=tunl0
bash: line 13: ethtool: command not found
2: tunl0@NONE: <NOARP> mtu 1480 qdisc noop state DOWN mode DEFAULT group default qlen 1000
    link/ipip 0.0.0.0 brd 0.0.0.0
    RX:  bytes packets errors dropped  missed   mcast           
             0       0      0       0       0       0 
    TX:  bytes packets errors dropped carrier collsns           
             0       0      0       0       0       0 
","0.19 0.18 0.18 1/126 11757
    PID COMMAND         %CPU %MEM     ELAPSED COMMAND
  11758 ps               150  0.1       00:00 ps -eo pid,comm,pcpu,pmem,etime,args --sort=-pcpu
  11714 systemd-hostnam 31.0  0.2       00:00 /lib/systemd/systemd-hostnamed
  11700 sshd             8.0  0.4       00:01 sshd: caninos [priv]
  11707 bash             6.0  0.1       00:00 bash -s
  11706 sshd             2.8  0.3       00:01 sshd: caninos@notty
  11244 kworker/0:0+eve  0.6  0.0    03:03:59 [kworker/0:0+events_freezable]
  11693 kworker/0:1-eve  0.2  0.0       01:49 [kworker/0:1-events]
  11060 kworker/0:3-eve  0.2  0.0    03:47:31 [kworker/0:3-events]
  11561 kworker/0:2-mm_  0.1  0.0       07:01 [kworker/0:2-mm_percpu_wq]
  11532 kworker/0:4-eve  0.0  0.0       12:13 [kworker/0:4-events]
    354 NetworkManager   0.0  1.1  5-00:07:15 /usr/sbin/NetworkManager --no-daemon
    272 systemd-timesyn  0.0  0.3  5-00:07:18 /lib/systemd/systemd-timesyncd
  11689 kworker/2:1-eve  0.0  0.0       03:04 [kworker/2:1-events]
  11538 kworker/2:0-eve  0.0  0.0       11:02 [kworker/2:0-events_power_efficient]
      1 systemd          0.0  0.6  5-00:07:25 /sbin/init
    234 systemd-journal  0.0  3.5  5-00:07:19 /lib/systemd/systemd-journald
    320 dbus-daemon      0.0  0.2  5-00:07:17 /usr/bin/dbus-daemon --system --address=systemd: --nofork --nopidfile --systemd-activation --syslog-only
  11218 kworker/3:1-eve  0.0  0.0    03:10:49 [kworker/3:1-events]
  11460 kworker/1:0H-mm  0.0  0.0       41:53 [kworker/1:0H-mmc_complete]
    323 rsyslogd         0.0  0.2  5-00:07:17 /usr/sbin/rsyslogd -n -iNONE
  11121 kworker/3:0H-kb  0.0  0.0    03:33:55 [kworker/3:0H-kblockd]
  11228 kworker/1:0-cgr  0.0  0.0    03:08:15 [kworker/1:0-cgroup_destroy]
     40 kcompactd0       0.0  0.0  5-00:07:25 [kcompactd0]
   6710 systemd          0.0  0.5    19:47:38 /lib/systemd/systemd --user
  UNIT                       LOAD   ACTIVE SUB     DESCRIPTION
  cron.service               loaded active running Regular background program processing daemon
  dbus.service               loaded active running D-Bus System Message Bus
  getty@tty1.service         loaded active running Getty on tty1
  led-udp.service            loaded active running LED UDP Control Service
  ModemManager.service       loaded active running Modem Manager
  NetworkManager.service     loaded active running Network Manager
  polkit.service             loaded active running Authorization Manager
  rsyslog.service            loaded active running System Logging Service
  serial-getty@ttyS3.service loaded active running Serial Getty on ttyS3
  ssh.service                loaded active running OpenBSD Secure Shell server
  systemd-hostnamed.service  loaded active running Hostname Service
  systemd-journald.service   loaded active running Journal Service
  systemd-logind.service     loaded active running User Login Management
  systemd-timesyncd.service  loaded active running Network Time Synchronization
  systemd-udevd.service      loaded active running Rule-based Manager for Device Events and Files
  user@1000.service          loaded active running User Manager for UID 1000

LOAD   = Reflects whether the unit definition was properly loaded.
ACTIVE = The high-level unit activation state, i.e. generalization of SUB.
SUB    = The low-level unit activation state, values depend on unit type.
16 loaded units listed.
","/sys/class/thermal/thermal_zone0/type=cpu-temp
/sys/class/thermal/thermal_zone1/type=gpu-temp
/sys/class/thermal/thermal_zone2/type=corelogic-temp
/sys/class/thermal/thermal_zone0/temp=76366
/sys/class/thermal/thermal_zone1/temp=87832
/sys/class/thermal/thermal_zone2/temp=64155
/sys/class/hwmon/hwmon0/name=cpu_temp
/sys/class/hwmon/hwmon1/name=gpu_temp
/sys/class/hwmon/hwmon2/name=corelogic_temp
/sys/class/hwmon/hwmon0/temp1_input=76366
/sys/class/hwmon/hwmon1/temp1_input=87832
/sys/class/hwmon/hwmon2/temp1_input=64155
","CMD=gcc PATH=/usr/bin/gcc
gcc (Debian 12.2.0-14+deb12u1) 12.2.0
Copyright (C) 2022 Free Software Foundation, Inc.
CMD=g++ PATH=/usr/bin/g++
g++ (Debian 12.2.0-14+deb12u1) 12.2.0
Copyright (C) 2022 Free Software Foundation, Inc.
CMD=clang PATH=/usr/bin/clang
Debian clang version 14.0.6
Target: aarch64-unknown-linux-gnu
CMD=make PATH=/usr/bin/make
GNU Make 4.3
Built for aarch64-unknown-linux-gnu
CMD=cmake PATH=/usr/bin/cmake
cmake version 3.25.1

CMD=python3 PATH=/usr/bin/python3
Python 3.11.2
CMD=python PATH=bash: line 14: python: command not found
CMD=git PATH=/usr/bin/git
git version 2.39.5
CMD=pip3 PATH=/usr/bin/pip3
pip 23.0.1 from /usr/lib/python3/dist-packages/pip (python 3.11)
CMD=llama-cli PATH=bash: line 14: llama-cli: command not found
CMD=llama-server PATH=bash: line 14: llama-server: command not found
CMD=ollama PATH=bash: line 14: ollama: command not found
CMD=vllm PATH=bash: line 14: vllm: command not found
CMD=torchrun PATH=bash: line 14: torchrun: command not found
CMD=mpirun PATH=bash: line 14: mpirun: command not found
CMD=iperf3 PATH=bash: line 14: iperf3: command not found
",,"[Thu Oct  1 09:03:58 2026] caninos-dwmac e0220000.ethernet end0: Link is Up - 100Mbps/Full - flow control off
[Thu Oct  1 09:03:58 2026] caninos-dwmac e0220000.ethernet end0: Link is Down
[Thu Oct  1 09:04:01 2026] caninos-dwmac e0220000.ethernet end0: Link is Up - 100Mbps/Full - flow control off
[Thu Oct  1 09:04:43 2026] caninos-dwmac e0220000.ethernet end0: Link is Down
[Thu Oct  1 09:04:46 2026] caninos-dwmac e0220000.ethernet end0: Link is Up - 100Mbps/Full - flow control off
[Thu Oct  1 09:04:47 2026] caninos-dwmac e0220000.ethernet end0: Link is Down
[Thu Oct  1 09:04:50 2026] caninos-dwmac e0220000.ethernet end0: Link is Up - 100Mbps/Full - flow control off
[Thu Oct  1 09:05:32 2026] caninos-dwmac e0220000.ethernet end0: Link is Down
[Thu Oct  1 09:05:36 2026] caninos-dwmac e0220000.ethernet end0: Link is Up - 100Mbps/Full - flow control off
[Thu Oct  1 09:05:36 2026] caninos-dwmac e0220000.ethernet end0: Link is Down
[Thu Oct  1 09:05:39 2026] caninos-dwmac e0220000.ethernet end0: Link is Up - 100Mbps/Full - flow control off
[Thu Oct  1 09:06:21 2026] caninos-dwmac e0220000.ethernet end0: Link is Down
[Thu Oct  1 09:06:24 2026] caninos-dwmac e0220000.ethernet end0: Link is Up - 100Mbps/Full - flow control off
[Thu Oct  1 09:06:25 2026] caninos-dwmac e0220000.ethernet end0: Link is Down
[Thu Oct  1 09:06:28 2026] caninos-dwmac e0220000.ethernet end0: Link is Up - 100Mbps/Full - flow control off
[Thu Oct  1 09:07:10 2026] caninos-dwmac e0220000.ethernet end0: Link is Down
[Thu Oct  1 09:07:14 2026] caninos-dwmac e0220000.ethernet end0: Link is Up - 100Mbps/Full - flow control off
[Thu Oct  1 09:07:14 2026] caninos-dwmac e0220000.ethernet end0: Link is Down
[Thu Oct  1 09:07:17 2026] caninos-dwmac e0220000.ethernet end0: Link is Up - 100Mbps/Full - flow control off
[Thu Oct  1 09:07:59 2026] caninos-dwmac e0220000.ethernet end0: Link is Down
[Thu Oct  1 09:08:02 2026] caninos-dwmac e0220000.ethernet end0: Link is Up - 100Mbps/Full - flow control off
[Thu Oct  1 09:08:03 2026] caninos-dwmac e0220000.ethernet end0: Link is Down
[Thu Oct  1 09:08:06 2026] caninos-dwmac e0220000.ethernet end0: Link is Up - 100Mbps/Full - flow control off
[Thu Oct  1 09:08:48 2026] caninos-dwmac e0220000.ethernet end0: Link is Down
[Thu Oct  1 09:08:52 2026] caninos-dwmac e0220000.ethernet end0: Link is Up - 100Mbps/Full - flow control off
[Thu Oct  1 09:08:52 2026] caninos-dwmac e0220000.ethernet end0: Link is Down
[Thu Oct  1 09:08:55 2026] caninos-dwmac e0220000.ethernet end0: Link is Up - 100Mbps/Full - flow control off
[Thu Oct  1 09:09:07 2026] caninos-dwmac e0220000.ethernet end0: Link is Down
[Thu Oct  1 09:09:23 2026] caninos-dwmac e0220000.ethernet end0: Link is Up - 100Mbps/Full - flow control off
[Thu Oct  1 09:09:23 2026] caninos-dwmac e0220000.ethernet end0: Link is Down
[Thu Oct  1 09:09:26 2026] caninos-dwmac e0220000.ethernet end0: Link is Up - 100Mbps/Full - flow control off
[Thu Oct  1 09:10:08 2026] caninos-dwmac e0220000.ethernet end0: Link is Down
[Thu Oct  1 09:10:12 2026] caninos-dwmac e0220000.ethernet end0: Link is Up - 100Mbps/Full - flow control off
[Thu Oct  1 09:10:12 2026] caninos-dwmac e0220000.ethernet end0: Link is Down
[Thu Oct  1 09:10:15 2026] caninos-dwmac e0220000.ethernet end0: Link is Up - 100Mbps/Full - flow control off
[Thu Oct  1 09:10:57 2026] caninos-dwmac e0220000.ethernet end0: Link is Down
[Thu Oct  1 09:10:59 2026] caninos-dwmac e0220000.ethernet end0: Link is Up - 100Mbps/Full - flow control off
[Thu Oct  1 09:10:59 2026] caninos-dwmac e0220000.ethernet end0: Link is Down
[Thu Oct  1 09:11:03 2026] caninos-dwmac e0220000.ethernet end0: Link is Up - 100Mbps/Full - flow control off
[Thu Oct  1 09:11:45 2026] caninos-dwmac e0220000.ethernet end0: Link is Down
[Thu Oct  1 09:11:47 2026] caninos-dwmac e0220000.ethernet end0: Link is Up - 100Mbps/Full - flow control off
[Thu Oct  1 09:11:47 2026] caninos-dwmac e0220000.ethernet end0: Link is Down
[Thu Oct  1 09:11:51 2026] caninos-dwmac e0220000.ethernet end0: Link is Up - 100Mbps/Full - flow control off
[Thu Oct  1 09:12:33 2026] caninos-dwmac e0220000.ethernet end0: Link is Down
[Thu Oct  1 09:12:36 2026] caninos-dwmac e0220000.ethernet end0: Link is Up - 100Mbps/Full - flow control off
[Thu Oct  1 09:12:36 2026] caninos-dwmac e0220000.ethernet end0: Link is Down
[Thu Oct  1 09:12:39 2026] caninos-dwmac e0220000.ethernet end0: Link is Up - 100Mbps/Full - flow control off
[Thu Oct  1 09:13:21 2026] caninos-dwmac e0220000.ethernet end0: Link is Down
[Thu Oct  1 09:13:25 2026] caninos-dwmac e0220000.ethernet end0: Link is Up - 100Mbps/Full - flow control off
[Thu Oct  1 09:13:25 2026] caninos-dwmac e0220000.ethernet end0: Link is Down
[Thu Oct  1 09:13:28 2026] caninos-dwmac e0220000.ethernet end0: Link is Up - 100Mbps/Full - flow control off
[Thu Oct  1 09:14:10 2026] caninos-dwmac e0220000.ethernet end0: Link is Down
[Thu Oct  1 09:14:12 2026] caninos-dwmac e0220000.ethernet end0: Link is Up - 100Mbps/Full - flow control off
[Thu Oct  1 09:14:12 2026] caninos-dwmac e0220000.ethernet end0: Link is Down
[Thu Oct  1 09:14:16 2026] caninos-dwmac e0220000.ethernet end0: Link is Up - 100Mbps/Full - flow control off
[Thu Oct  1 09:14:58 2026] caninos-dwmac e0220000.ethernet end0: Link is Down
[Thu Oct  1 09:15:00 2026] caninos-dwmac e0220000.ethernet end0: Link is Up - 100Mbps/Full - flow control off
[Thu Oct  1 09:15:00 2026] caninos-dwmac e0220000.ethernet end0: Link is Down
[Thu Oct  1 09:15:04 2026] caninos-dwmac e0220000.ethernet end0: Link is Up - 100Mbps/Full - flow control off
[Thu Oct  1 09:15:46 2026] caninos-dwmac e0220000.ethernet end0: Link is Down
[Thu Oct  1 09:15:49 2026] caninos-dwmac e0220000.ethernet end0: Link is Up - 100Mbps/Full - flow control off
[Thu Oct  1 09:15:50 2026] caninos-dwmac e0220000.ethernet end0: Link is Down
[Thu Oct  1 09:15:53 2026] caninos-dwmac e0220000.ethernet end0: Link is Up - 100Mbps/Full - flow control off
[Thu Oct  1 09:16:35 2026] caninos-dwmac e0220000.ethernet end0: Link is Down
[Thu Oct  1 09:16:38 2026] caninos-dwmac e0220000.ethernet end0: Link is Up - 100Mbps/Full - flow control off
[Thu Oct  1 09:16:38 2026] caninos-dwmac e0220000.ethernet end0: Link is Down
[Thu Oct  1 09:16:42 2026] caninos-dwmac e0220000.ethernet end0: Link is Up - 100Mbps/Full - flow control off
",,,data/runs/20261001T151649Z/hosts/192.168.50.142/raw.txt,
node23,192.168.50.245,True,0,lab2,11b02da9cc614528b947d24bad602e6d,"Caninos Labrador 7 (Base 2.1) 
caninos,k7

cat: /proc/device-tree/serial-number: No such file or directory

",Caninos Labrador 7 (Base 2.1),aarch64,4,"Linux lab2 6.1.76 #1 SMP Fri Feb 28 17:06:14 UTC 2025 aarch64 GNU/Linux
Architecture:                       aarch64
CPU op-mode(s):                     32-bit, 64-bit
Byte Order:                         Little Endian
CPU(s):                             4
On-line CPU(s) list:                0-3
Vendor ID:                          ARM
Model name:                         Cortex-A53
Model:                              4
Thread(s) per core:                 1
Core(s) per cluster:                4
Socket(s):                          -
Cluster(s):                         1
Stepping:                           r0p4
BogoMIPS:                           48.00
Flags:                              fp asimd evtstrm crc32 cpuid
Vulnerability Gather data sampling: Not affected
Vulnerability Itlb multihit:        Not affected
Vulnerability L1tf:                 Not affected
Vulnerability Mds:                  Not affected
Vulnerability Meltdown:             Not affected
Vulnerability Mmio stale data:      Not affected
Vulnerability Retbleed:             Not affected
Vulnerability Spec rstack overflow: Not affected
Vulnerability Spec store bypass:    Not affected
Vulnerability Spectre v1:           Mitigation; __user pointer sanitization
Vulnerability Spectre v2:           Not affected
Vulnerability Srbds:                Not affected
Vulnerability Tsx async abort:      Not affected
processor	: 0
BogoMIPS	: 48.00
Features	: fp asimd evtstrm crc32 cpuid
processor	: 1
BogoMIPS	: 48.00
Features	: fp asimd evtstrm crc32 cpuid
processor	: 2
BogoMIPS	: 48.00
Features	: fp asimd evtstrm crc32 cpuid
processor	: 3
BogoMIPS	: 48.00
Features	: fp asimd evtstrm crc32 cpuid
","PRETTY_NAME=""Debian GNU/Linux 12 (bookworm)""
NAME=""Debian GNU/Linux""
VERSION_ID=""12""
VERSION=""12 (bookworm)""
VERSION_CODENAME=bookworm
ID=debian
HOME_URL=""https://www.debian.org/""
SUPPORT_URL=""https://www.debian.org/support""
BUG_REPORT_URL=""https://bugs.debian.org/""
6.1.76
2026-09-26 12:09:55
 12:17:21 up 5 days, 7 min,  1 user,  load average: 0.19, 0.21, 0.18
2026-10-01T15:17:21Z
","               total        used        free      shared  buff/cache   available
Mem:      2034073600   241631232  1458057216     3002368   417595392  1792442368
Swap:              0           0           0
bash: line 9: swapon: command not found
MemTotal:        1986400 kB
MemFree:         1423884 kB
MemAvailable:    1750432 kB
Buffers:           71800 kB
Cached:           303252 kB
SwapCached:            0 kB
Active:           168148 kB
Inactive:         258596 kB
Active(anon):       2792 kB
Inactive(anon):    51832 kB
Active(file):     165356 kB
Inactive(file):   206764 kB
Unevictable:           0 kB
Mlocked:               0 kB
SwapTotal:             0 kB
SwapFree:              0 kB
Zswap:                 0 kB
Zswapped:              0 kB
Dirty:               384 kB
Writeback:             0 kB
AnonPages:         47232 kB
Mapped:            76664 kB
Shmem:              2932 kB
KReclaimable:      32756 kB
Slab:              62440 kB
SReclaimable:      32756 kB
SUnreclaim:        29684 kB
KernelStack:        2144 kB
PageTables:         1668 kB
SecPageTables:         0 kB
","ALIGNMENT DISC-ALN DAX DISC-GRAN DISC-MAX DISC-ZERO FSAVAIL FSROOTS FSSIZE FSTYPE FSUSED FSUSE% FSVER GROUP HCTL HOTPLUG KNAME     LABEL LOG-SEC MAJ:MIN MIN-IO MODE       MODEL NAME        OPT-IO OWNER PARTFLAGS PARTLABEL PARTTYPE PARTTYPENAME PARTUUID                             PATH           PHY-SEC PKNAME  PTTYPE PTUUID                                RA RAND  REV RM RO ROTA RQ-SIZE SCHED       SERIAL      SIZE START STATE SUBSYSTEMS                  MOUNTPOINT MOUNTPOINTS TRAN TYPE UUID                                 VENDOR WSAME WWN ZONED ZONE-SZ ZONE-WGRAN ZONE-APP ZONE-NR ZONE-OMAX ZONE-AMAX
        0        0   0        0B       0B         0                                                   disk             0 nbd0                512  43:0      512 brw-rw----       nbd0             0 root                                                                                 /dev/nbd0          512                                                     128    0       0  0    0     256 mq-deadline               0B             block                                                   disk                                                0B     none       0B         0B       0B       0         0         0
        0        0   0        0B       0B         0                                                   disk             0 nbd1                512  43:32     512 brw-rw----       nbd1             0 root                                                                                 /dev/nbd1          512                                                     128    0       0  0    0     256 mq-deadline               0B             block                                                   disk                                                0B     none       0B         0B       0B       0         0         0
        0        0   0        0B       0B         0                                                   disk             0 nbd2                512  43:64     512 brw-rw----       nbd2             0 root                                                                                 /dev/nbd2          512                                                     128    0       0  0    0     256 mq-deadline               0B             block                                                   disk                                                0B     none       0B         0B       0B       0         0         0
        0        0   0        0B       0B         0                                                   disk             0 nbd3                512  43:96     512 brw-rw----       nbd3             0 root                                                                                 /dev/nbd3          512                                                     128    0       0  0    0     256 mq-deadline               0B             block                                                   disk                                                0B     none       0B         0B       0B       0         0         0
        0        0   0        0B       0B         0                                                   disk             0 nbd4                512  43:128    512 brw-rw----       nbd4             0 root                                                                                 /dev/nbd4          512                                                     128    0       0  0    0     256 mq-deadline               0B             block                                                   disk                                                0B     none       0B         0B       0B       0         0         0
        0        0   0        0B       0B         0                                                   disk             0 nbd5                512  43:160    512 brw-rw----       nbd5             0 root                                                                                 /dev/nbd5          512                                                     128    0       0  0    0     256 mq-deadline               0B             block                                                   disk                                                0B     none       0B         0B       0B       0         0         0
        0        0   0        0B       0B         0                                                   disk             0 nbd6                512  43:192    512 brw-rw----       nbd6             0 root                                                                                 /dev/nbd6          512                                                     128    0       0  0    0     256 mq-deadline               0B             block                                                   disk                                                0B     none       0B         0B       0B       0         0         0
        0        0   0        0B       0B         0                                                   disk             0 nbd7                512  43:224    512 brw-rw----       nbd7             0 root                                                                                 /dev/nbd7          512                                                     128    0       0  0    0     256 mq-deadline               0B             block                                                   disk                                                0B     none       0B         0B       0B       0         0         0
        0        0   0        4M    49.5M         0                                                   disk             1 mmcblk2             512 179:0      512 brw-rw----       mmcblk2          0 root                                                                                 /dev/mmcblk2       512         dos    f4cd7d40                             128    0  0x8  0  0    0     128 mq-deadline 0xcb1c00d7 14.6G             block:mmc:mmc_host:platform                             disk                                                0B     none       0B         0B       0B       0         0         0
        0  3145728   0        4M    49.5M         0    9.5G /        14.2G ext4       4G    28% 1.0   disk             1 mmcblk2p1           512 179:1      512 brw-rw----       └─mmcblk2p1      0 root  0x80                0x83     Linux        f4cd7d40-01                          /dev/mmcblk2p1     512 mmcblk2 dos    f4cd7d40                             128    0       0  0    0     128 mq-deadline            14.6G  2048       block:mmc:mmc_host:platform /          /                part 57186fd4-3efa-4633-8f4a-abcff393d6d7           0B     none       0B         0B       0B       0         0         0
        0        0   0        0B       0B         0                                                   disk             0 nullb0              512 253:0      512 brw-rw----       nullb0           0 root                                                                                 /dev/nullb0        512                                                     128    0       0  0    0      64 none                    250G             block                                                   disk                                                0B     none       0B         0B       0B       0         0         0
        0        0   0        0B       0B         0                                                   disk             0 nbd8                512  43:256    512 brw-rw----       nbd8             0 root                                                                                 /dev/nbd8          512                                                     128    0       0  0    0     256 mq-deadline               0B             block                                                   disk                                                0B     none       0B         0B       0B       0         0         0
        0        0   0        0B       0B         0                                                   disk             0 nbd9                512  43:288    512 brw-rw----       nbd9             0 root                                                                                 /dev/nbd9          512                                                     128    0       0  0    0     256 mq-deadline               0B             block                                                   disk                                                0B     none       0B         0B       0B       0         0         0
        0        0   0        0B       0B         0                                                   disk             0 nbd10               512  43:320    512 brw-rw----       nbd10            0 root                                                                                 /dev/nbd10         512                                                     128    0       0  0    0     256 mq-deadline               0B             block                                                   disk                                                0B     none       0B         0B       0B       0         0         0
        0        0   0        0B       0B         0                                                   disk             0 nbd11               512  43:352    512 brw-rw----       nbd11            0 root                                                                                 /dev/nbd11         512                                                     128    0       0  0    0     256 mq-deadline               0B             block                                                   disk                                                0B     none       0B         0B       0B       0         0         0
        0        0   0        0B       0B         0                                                   disk             0 nbd12               512  43:384    512 brw-rw----       nbd12            0 root                                                                                 /dev/nbd12         512                                                     128    0       0  0    0     256 mq-deadline               0B             block                                                   disk                                                0B     none       0B         0B       0B       0         0         0
        0        0   0        0B       0B         0                                                   disk             0 nbd13               512  43:416    512 brw-rw----       nbd13            0 root                                                                                 /dev/nbd13         512                                                     128    0       0  0    0     256 mq-deadline               0B             block                                                   disk                                                0B     none       0B         0B       0B       0         0         0
        0        0   0        0B       0B         0                                                   disk             0 nbd14               512  43:448    512 brw-rw----       nbd14            0 root                                                                                 /dev/nbd14         512                                                     128    0       0  0    0     256 mq-deadline               0B             block                                                   disk                                                0B     none       0B         0B       0B       0         0         0
        0        0   0        0B       0B         0                                                   disk             0 nbd15               512  43:480    512 brw-rw----       nbd15            0 root                                                                                 /dev/nbd15         512                                                     128    0       0  0    0     256 mq-deadline               0B             block                                                   disk                                                0B     none       0B         0B       0B       0         0         0
Filesystem     Type      Size  Used Avail Use% Mounted on
/dev/root      ext4       15G  4.0G  9.5G  30% /
devtmpfs       devtmpfs  712M     0  712M   0% /dev
tmpfs          tmpfs     970M     0  970M   0% /dev/shm
tmpfs          tmpfs     388M  2.9M  386M   1% /run
tmpfs          tmpfs     5.0M     0  5.0M   0% /run/lock
tmpfs          tmpfs     194M     0  194M   0% /run/user/1000
","[{""ifindex"":1,""ifname"":""lo"",""flags"":[""LOOPBACK"",""UP"",""LOWER_UP""],""mtu"":65536,""qdisc"":""noqueue"",""operstate"":""UNKNOWN"",""group"":""default"",""txqlen"":1000,""link_type"":""loopback"",""address"":""00:00:00:00:00:00"",""broadcast"":""00:00:00:00:00:00"",""addr_info"":[{""family"":""inet"",""local"":""127.0.0.1"",""prefixlen"":8,""scope"":""host"",""label"":""lo"",""valid_life_time"":4294967295,""preferred_life_time"":4294967295},{""family"":""inet6"",""local"":""::1"",""prefixlen"":128,""scope"":""host"",""noprefixroute"":true,""valid_life_time"":4294967295,""preferred_life_time"":4294967295}]},{""ifindex"":2,""link"":null,""ifname"":""tunl0"",""flags"":[""NOARP""],""mtu"":1480,""qdisc"":""noop"",""operstate"":""DOWN"",""group"":""default"",""txqlen"":1000,""link_type"":""ipip"",""address"":""0.0.0.0"",""broadcast"":""0.0.0.0"",""addr_info"":[]},{""ifindex"":3,""link"":null,""ifname"":""ip6tnl0"",""flags"":[""NOARP""],""mtu"":1452,""qdisc"":""noop"",""operstate"":""DOWN"",""group"":""default"",""txqlen"":1000,""link_type"":""tunnel6"",""address"":""::"",""broadcast"":""::"",""permaddr"":""82d1:97d2:380c::"",""addr_info"":[]},{""ifindex"":4,""ifname"":""wlan0"",""flags"":[""NO-CARRIER"",""BROADCAST"",""MULTICAST"",""UP""],""mtu"":1500,""qdisc"":""mq"",""operstate"":""DOWN"",""group"":""default"",""txqlen"":1000,""link_type"":""ether"",""address"":""14:6b:9c:7d:55:40"",""broadcast"":""ff:ff:ff:ff:ff:ff"",""addr_info"":[]},{""ifindex"":5,""ifname"":""end0"",""flags"":[""BROADCAST"",""MULTICAST"",""UP"",""LOWER_UP""],""mtu"":1500,""qdisc"":""mq"",""operstate"":""UP"",""group"":""default"",""txqlen"":1000,""link_type"":""ether"",""address"":""3e:0a:4a:b6:50:f2"",""broadcast"":""ff:ff:ff:ff:ff:ff"",""addr_info"":[{""family"":""inet"",""local"":""192.168.50.2"",""prefixlen"":16,""broadcast"":""192.168.255.255"",""scope"":""global"",""noprefixroute"":true,""label"":""end0"",""valid_life_time"":4294967295,""preferred_life_time"":4294967295},{""family"":""inet"",""local"":""192.168.50.245"",""prefixlen"":24,""broadcast"":""192.168.50.255"",""scope"":""global"",""dynamic"":true,""noprefixroute"":true,""label"":""end0"",""valid_life_time"":6643,""preferred_life_time"":6643},{""family"":""inet6"",""local"":""fe80::d659:6704:b7a9:9a86"",""prefixlen"":64,""scope"":""link"",""noprefixroute"":true,""valid_life_time"":4294967295,""preferred_life_time"":4294967295}]}]
[{""ifindex"":1,""ifname"":""lo"",""flags"":[""LOOPBACK"",""UP"",""LOWER_UP""],""mtu"":65536,""qdisc"":""noqueue"",""operstate"":""UNKNOWN"",""linkmode"":""DEFAULT"",""group"":""default"",""txqlen"":1000,""link_type"":""loopback"",""address"":""00:00:00:00:00:00"",""broadcast"":""00:00:00:00:00:00""},{""ifindex"":2,""link"":null,""ifname"":""tunl0"",""flags"":[""NOARP""],""mtu"":1480,""qdisc"":""noop"",""operstate"":""DOWN"",""linkmode"":""DEFAULT"",""group"":""default"",""txqlen"":1000,""link_type"":""ipip"",""address"":""0.0.0.0"",""broadcast"":""0.0.0.0""},{""ifindex"":3,""link"":null,""ifname"":""ip6tnl0"",""flags"":[""NOARP""],""mtu"":1452,""qdisc"":""noop"",""operstate"":""DOWN"",""linkmode"":""DEFAULT"",""group"":""default"",""txqlen"":1000,""link_type"":""tunnel6"",""address"":""::"",""broadcast"":""::"",""permaddr"":""82d1:97d2:380c::""},{""ifindex"":4,""ifname"":""wlan0"",""flags"":[""NO-CARRIER"",""BROADCAST"",""MULTICAST"",""UP""],""mtu"":1500,""qdisc"":""mq"",""operstate"":""DOWN"",""linkmode"":""DORMANT"",""group"":""default"",""txqlen"":1000,""link_type"":""ether"",""address"":""14:6b:9c:7d:55:40"",""broadcast"":""ff:ff:ff:ff:ff:ff""},{""ifindex"":5,""ifname"":""end0"",""flags"":[""BROADCAST"",""MULTICAST"",""UP"",""LOWER_UP""],""mtu"":1500,""qdisc"":""mq"",""operstate"":""UP"",""linkmode"":""DEFAULT"",""group"":""default"",""txqlen"":1000,""link_type"":""ether"",""address"":""3e:0a:4a:b6:50:f2"",""broadcast"":""ff:ff:ff:ff:ff:ff""}]
[{""dst"":""default"",""gateway"":""192.168.50.1"",""dev"":""end0"",""protocol"":""dhcp"",""prefsrc"":""192.168.50.245"",""metric"":100,""flags"":[]},{""dst"":""192.168.0.0/16"",""dev"":""end0"",""protocol"":""kernel"",""scope"":""link"",""prefsrc"":""192.168.50.2"",""metric"":100,""flags"":[]},{""dst"":""192.168.50.0/24"",""dev"":""end0"",""protocol"":""kernel"",""scope"":""link"",""prefsrc"":""192.168.50.245"",""metric"":100,""flags"":[]}]
/sys/class/net/end0/address=3e:0a:4a:b6:50:f2
/sys/class/net/ip6tnl0/address=00:00:00:00:00:00:00:00:00:00:00:00:00:00:00:00
/sys/class/net/lo/address=00:00:00:00:00:00
/sys/class/net/tunl0/address=00:00:00:00
/sys/class/net/wlan0/address=14:6b:9c:7d:55:40
","IF=end0
bash: line 13: ethtool: command not found
5: end0: <BROADCAST,MULTICAST,UP,LOWER_UP> mtu 1500 qdisc mq state UP mode DEFAULT group default qlen 1000
    link/ether 3e:0a:4a:b6:50:f2 brd ff:ff:ff:ff:ff:ff
    RX:  bytes packets errors dropped  missed   mcast           
       6641777   44809      0       0       0       0 
    TX:  bytes packets errors dropped carrier collsns           
       2734004   20229      0       0       0       0 
IF=ip6tnl0
bash: line 13: ethtool: command not found
3: ip6tnl0@NONE: <NOARP> mtu 1452 qdisc noop state DOWN mode DEFAULT group default qlen 1000
    link/tunnel6 :: brd :: permaddr 82d1:97d2:380c::
    RX:  bytes packets errors dropped  missed   mcast           
             0       0      0       0       0       0 
    TX:  bytes packets errors dropped carrier collsns           
             0       0      0       0       0       0 
IF=lo
bash: line 13: ethtool: command not found
1: lo: <LOOPBACK,UP,LOWER_UP> mtu 65536 qdisc noqueue state UNKNOWN mode DEFAULT group default qlen 1000
    link/loopback 00:00:00:00:00:00 brd 00:00:00:00:00:00
    RX:  bytes packets errors dropped  missed   mcast           
         87370     922      0       0       0       0 
    TX:  bytes packets errors dropped carrier collsns           
         87370     922      0       0       0       0 
IF=tunl0
bash: line 13: ethtool: command not found
2: tunl0@NONE: <NOARP> mtu 1480 qdisc noop state DOWN mode DEFAULT group default qlen 1000
    link/ipip 0.0.0.0 brd 0.0.0.0
    RX:  bytes packets errors dropped  missed   mcast           
             0       0      0       0       0       0 
    TX:  bytes packets errors dropped carrier collsns           
             0       0      0       0       0       0 
IF=wlan0
bash: line 13: ethtool: command not found
4: wlan0: <NO-CARRIER,BROADCAST,MULTICAST,UP> mtu 1500 qdisc mq state DOWN mode DORMANT group default qlen 1000
    link/ether 14:6b:9c:7d:55:40 brd ff:ff:ff:ff:ff:ff
    RX:  bytes packets errors dropped  missed   mcast           
             0       0      0       0       0       0 
    TX:  bytes packets errors dropped carrier collsns           
             0       0      0       0       0       0 
","0.19 0.21 0.18 1/131 14332
    PID COMMAND         %CPU %MEM     ELAPSED COMMAND
  14333 ps               100  0.1       00:00 ps -eo pid,comm,pcpu,pmem,etime,args --sort=-pcpu
  14288 systemd-hostnam 32.1  0.2       00:00 /lib/systemd/systemd-hostnamed
  14274 sshd             7.9  0.4       00:01 sshd: caninos [priv]
  14281 bash             7.1  0.1       00:00 bash -s
  14280 sshd             2.9  0.3       00:01 sshd: caninos@notty
  13723 kworker/0:1-eve  0.3  0.0    03:09:59 [kworker/0:1-events]
  13197 kworker/0:3-eve  0.3  0.0    05:08:41 [kworker/0:3-events]
  13652 kworker/0:2-eve  0.3  0.0    03:26:31 [kworker/0:2-events]
    411 RTW_CMD_THREAD   0.1  0.0  5-00:07:13 [RTW_CMD_THREAD]
    356 NetworkManager   0.1  1.2  5-00:07:16 /usr/sbin/NetworkManager --no-daemon
    416 wpa_supplicant   0.0  0.5  5-00:07:13 /sbin/wpa_supplicant -u -s -O DIR=/run/wpa_supplicant GROUP=netdev
    337 dbus-daemon      0.0  0.2  5-00:07:17 /usr/bin/dbus-daemon --system --address=systemd: --nofork --nopidfile --systemd-activation --syslog-only
    321 ksdioirqd/mmc1   0.0  0.0  5-00:07:18 [ksdioirqd/mmc1]
    265 systemd-timesyn  0.0  0.3  5-00:07:20 /lib/systemd/systemd-timesyncd
  14123 kworker/2:1-eve  0.0  0.0       08:50 [kworker/2:1-events]
  14225 kworker/1:0-eve  0.0  0.0       06:47 [kworker/1:0-events_power_efficient]
    235 systemd-journal  0.0  3.3  5-00:07:21 /lib/systemd/systemd-journald
  14267 kworker/1:1-eve  0.0  0.0       01:28 [kworker/1:1-events]
      1 systemd          0.0  0.7  5-00:07:27 /sbin/init
  14050 kworker/2:0-eve  0.0  0.0       29:28 [kworker/2:0-events_power_efficient]
  13624 kworker/3:2-eve  0.0  0.0    03:33:38 [kworker/3:2-events]
     25 ksoftirqd/2      0.0  0.0  5-00:07:27 [ksoftirqd/2]
  13993 kworker/1:1H-kb  0.0  0.0    01:05:10 [kworker/1:1H-kblockd]
    340 rsyslogd         0.0  0.1  5-00:07:17 /usr/sbin/rsyslogd -n -iNONE
  UNIT                       LOAD   ACTIVE SUB     DESCRIPTION
  cron.service               loaded active running Regular background program processing daemon
  dbus.service               loaded active running D-Bus System Message Bus
  getty@tty1.service         loaded active running Getty on tty1
  led-udp.service            loaded active running LED UDP Control Service
  ModemManager.service       loaded active running Modem Manager
  NetworkManager.service     loaded active running Network Manager
  polkit.service             loaded active running Authorization Manager
  rsyslog.service            loaded active running System Logging Service
  serial-getty@ttyS3.service loaded active running Serial Getty on ttyS3
  ssh.service                loaded active running OpenBSD Secure Shell server
  systemd-hostnamed.service  loaded active running Hostname Service
  systemd-journald.service   loaded active running Journal Service
  systemd-logind.service     loaded active running User Login Management
  systemd-timesyncd.service  loaded active running Network Time Synchronization
  systemd-udevd.service      loaded active running Rule-based Manager for Device Events and Files
  user@1000.service          loaded active running User Manager for UID 1000
  wpa_supplicant.service     loaded active running WPA supplicant

LOAD   = Reflects whether the unit definition was properly loaded.
ACTIVE = The high-level unit activation state, i.e. generalization of SUB.
SUB    = The low-level unit activation state, values depend on unit type.
17 loaded units listed.
","/sys/class/thermal/thermal_zone0/type=cpu-temp
/sys/class/thermal/thermal_zone1/type=gpu-temp
/sys/class/thermal/thermal_zone2/type=corelogic-temp
/sys/class/thermal/thermal_zone0/temp=81163
/sys/class/thermal/thermal_zone1/temp=81525
/sys/class/thermal/thermal_zone2/temp=89964
/sys/class/hwmon/hwmon0/name=cpu_temp
/sys/class/hwmon/hwmon1/name=gpu_temp
/sys/class/hwmon/hwmon2/name=corelogic_temp
/sys/class/hwmon/hwmon0/temp1_input=81163
/sys/class/hwmon/hwmon1/temp1_input=81525
/sys/class/hwmon/hwmon2/temp1_input=89964
","CMD=gcc PATH=/usr/bin/gcc
gcc (Debian 12.2.0-14+deb12u1) 12.2.0
Copyright (C) 2022 Free Software Foundation, Inc.
CMD=g++ PATH=/usr/bin/g++
g++ (Debian 12.2.0-14+deb12u1) 12.2.0
Copyright (C) 2022 Free Software Foundation, Inc.
CMD=clang PATH=/usr/bin/clang
Debian clang version 14.0.6
Target: aarch64-unknown-linux-gnu
CMD=make PATH=/usr/bin/make
GNU Make 4.3
Built for aarch64-unknown-linux-gnu
CMD=cmake PATH=/usr/bin/cmake
cmake version 3.25.1

CMD=python3 PATH=/usr/bin/python3
Python 3.11.2
CMD=python PATH=bash: line 14: python: command not found
CMD=git PATH=/usr/bin/git
git version 2.39.5
CMD=pip3 PATH=/usr/bin/pip3
pip 23.0.1 from /usr/lib/python3/dist-packages/pip (python 3.11)
CMD=llama-cli PATH=bash: line 14: llama-cli: command not found
CMD=llama-server PATH=bash: line 14: llama-server: command not found
CMD=ollama PATH=bash: line 14: ollama: command not found
CMD=vllm PATH=bash: line 14: vllm: command not found
CMD=torchrun PATH=bash: line 14: torchrun: command not found
CMD=mpirun PATH=bash: line 14: mpirun: command not found
CMD=iperf3 PATH=bash: line 14: iperf3: command not found
",,"[Thu Oct  1 09:03:57 2026] caninos-dwmac e0220000.ethernet end0: Link is Up - 100Mbps/Full - flow control off
[Thu Oct  1 09:03:57 2026] caninos-dwmac e0220000.ethernet end0: Link is Down
[Thu Oct  1 09:03:59 2026] caninos-dwmac e0220000.ethernet end0: Link is Up - 100Mbps/Full - flow control off
[Thu Oct  1 09:04:42 2026] caninos-dwmac e0220000.ethernet end0: Link is Down
[Thu Oct  1 09:04:46 2026] caninos-dwmac e0220000.ethernet end0: Link is Up - 100Mbps/Full - flow control off
[Thu Oct  1 09:04:46 2026] caninos-dwmac e0220000.ethernet end0: Link is Down
[Thu Oct  1 09:04:49 2026] caninos-dwmac e0220000.ethernet end0: Link is Up - 100Mbps/Full - flow control off
[Thu Oct  1 09:05:31 2026] caninos-dwmac e0220000.ethernet end0: Link is Down
[Thu Oct  1 09:05:35 2026] caninos-dwmac e0220000.ethernet end0: Link is Up - 100Mbps/Full - flow control off
[Thu Oct  1 09:05:35 2026] caninos-dwmac e0220000.ethernet end0: Link is Down
[Thu Oct  1 09:05:38 2026] caninos-dwmac e0220000.ethernet end0: Link is Up - 100Mbps/Full - flow control off
[Thu Oct  1 09:06:20 2026] caninos-dwmac e0220000.ethernet end0: Link is Down
[Thu Oct  1 09:06:22 2026] caninos-dwmac e0220000.ethernet end0: Link is Up - 100Mbps/Full - flow control off
[Thu Oct  1 09:06:23 2026] caninos-dwmac e0220000.ethernet end0: Link is Down
[Thu Oct  1 09:06:26 2026] caninos-dwmac e0220000.ethernet end0: Link is Up - 100Mbps/Full - flow control off
[Thu Oct  1 09:07:08 2026] caninos-dwmac e0220000.ethernet end0: Link is Down
[Thu Oct  1 09:07:12 2026] caninos-dwmac e0220000.ethernet end0: Link is Up - 100Mbps/Full - flow control off
[Thu Oct  1 09:07:12 2026] caninos-dwmac e0220000.ethernet end0: Link is Down
[Thu Oct  1 09:07:15 2026] caninos-dwmac e0220000.ethernet end0: Link is Up - 100Mbps/Full - flow control off
[Thu Oct  1 09:07:57 2026] caninos-dwmac e0220000.ethernet end0: Link is Down
[Thu Oct  1 09:08:01 2026] caninos-dwmac e0220000.ethernet end0: Link is Up - 100Mbps/Full - flow control off
[Thu Oct  1 09:08:01 2026] caninos-dwmac e0220000.ethernet end0: Link is Down
[Thu Oct  1 09:08:04 2026] caninos-dwmac e0220000.ethernet end0: Link is Up - 100Mbps/Full - flow control off
[Thu Oct  1 09:08:46 2026] caninos-dwmac e0220000.ethernet end0: Link is Down
[Thu Oct  1 09:08:50 2026] caninos-dwmac e0220000.ethernet end0: Link is Up - 100Mbps/Full - flow control off
[Thu Oct  1 09:08:50 2026] caninos-dwmac e0220000.ethernet end0: Link is Down
[Thu Oct  1 09:08:53 2026] caninos-dwmac e0220000.ethernet end0: Link is Up - 100Mbps/Full - flow control off
[Thu Oct  1 09:09:08 2026] caninos-dwmac e0220000.ethernet end0: Link is Down
[Thu Oct  1 09:09:24 2026] caninos-dwmac e0220000.ethernet end0: Link is Up - 100Mbps/Full - flow control off
[Thu Oct  1 09:09:24 2026] caninos-dwmac e0220000.ethernet end0: Link is Down
[Thu Oct  1 09:09:27 2026] caninos-dwmac e0220000.ethernet end0: Link is Up - 100Mbps/Full - flow control off
[Thu Oct  1 09:10:09 2026] caninos-dwmac e0220000.ethernet end0: Link is Down
[Thu Oct  1 09:10:12 2026] caninos-dwmac e0220000.ethernet end0: Link is Up - 100Mbps/Full - flow control off
[Thu Oct  1 09:10:12 2026] caninos-dwmac e0220000.ethernet end0: Link is Down
[Thu Oct  1 09:10:15 2026] caninos-dwmac e0220000.ethernet end0: Link is Up - 100Mbps/Full - flow control off
[Thu Oct  1 09:10:57 2026] caninos-dwmac e0220000.ethernet end0: Link is Down
[Thu Oct  1 09:11:00 2026] caninos-dwmac e0220000.ethernet end0: Link is Up - 100Mbps/Full - flow control off
[Thu Oct  1 09:11:00 2026] caninos-dwmac e0220000.ethernet end0: Link is Down
[Thu Oct  1 09:11:03 2026] caninos-dwmac e0220000.ethernet end0: Link is Up - 100Mbps/Full - flow control off
[Thu Oct  1 09:11:45 2026] caninos-dwmac e0220000.ethernet end0: Link is Down
[Thu Oct  1 09:11:48 2026] caninos-dwmac e0220000.ethernet end0: Link is Up - 100Mbps/Full - flow control off
[Thu Oct  1 09:11:48 2026] caninos-dwmac e0220000.ethernet end0: Link is Down
[Thu Oct  1 09:11:51 2026] caninos-dwmac e0220000.ethernet end0: Link is Up - 100Mbps/Full - flow control off
[Thu Oct  1 09:12:33 2026] caninos-dwmac e0220000.ethernet end0: Link is Down
[Thu Oct  1 09:12:36 2026] caninos-dwmac e0220000.ethernet end0: Link is Up - 100Mbps/Full - flow control off
[Thu Oct  1 09:12:36 2026] caninos-dwmac e0220000.ethernet end0: Link is Down
[Thu Oct  1 09:12:39 2026] caninos-dwmac e0220000.ethernet end0: Link is Up - 100Mbps/Full - flow control off
[Thu Oct  1 09:13:21 2026] caninos-dwmac e0220000.ethernet end0: Link is Down
[Thu Oct  1 09:13:24 2026] caninos-dwmac e0220000.ethernet end0: Link is Up - 100Mbps/Full - flow control off
[Thu Oct  1 09:13:24 2026] caninos-dwmac e0220000.ethernet end0: Link is Down
[Thu Oct  1 09:13:27 2026] caninos-dwmac e0220000.ethernet end0: Link is Up - 100Mbps/Full - flow control off
[Thu Oct  1 09:14:09 2026] caninos-dwmac e0220000.ethernet end0: Link is Down
[Thu Oct  1 09:14:13 2026] caninos-dwmac e0220000.ethernet end0: Link is Up - 100Mbps/Full - flow control off
[Thu Oct  1 09:14:13 2026] caninos-dwmac e0220000.ethernet end0: Link is Down
[Thu Oct  1 09:14:16 2026] caninos-dwmac e0220000.ethernet end0: Link is Up - 100Mbps/Full - flow control off
[Thu Oct  1 09:14:58 2026] caninos-dwmac e0220000.ethernet end0: Link is Down
[Thu Oct  1 09:15:01 2026] caninos-dwmac e0220000.ethernet end0: Link is Up - 100Mbps/Full - flow control off
[Thu Oct  1 09:15:01 2026] caninos-dwmac e0220000.ethernet end0: Link is Down
[Thu Oct  1 09:15:04 2026] caninos-dwmac e0220000.ethernet end0: Link is Up - 100Mbps/Full - flow control off
[Thu Oct  1 09:15:46 2026] caninos-dwmac e0220000.ethernet end0: Link is Down
[Thu Oct  1 09:15:50 2026] caninos-dwmac e0220000.ethernet end0: Link is Up - 100Mbps/Full - flow control off
[Thu Oct  1 09:15:50 2026] caninos-dwmac e0220000.ethernet end0: Link is Down
[Thu Oct  1 09:15:53 2026] caninos-dwmac e0220000.ethernet end0: Link is Up - 100Mbps/Full - flow control off
[Thu Oct  1 09:16:35 2026] caninos-dwmac e0220000.ethernet end0: Link is Down
[Thu Oct  1 09:16:38 2026] caninos-dwmac e0220000.ethernet end0: Link is Up - 100Mbps/Full - flow control off
[Thu Oct  1 09:16:38 2026] caninos-dwmac e0220000.ethernet end0: Link is Down
[Thu Oct  1 09:16:41 2026] caninos-dwmac e0220000.ethernet end0: Link is Up - 100Mbps/Full - flow control off
",,,data/runs/20261001T151649Z/hosts/192.168.50.245/raw.txt,
node24,192.168.50.89,True,0,lab2,11b02da9cc614528b947d24bad602e6d,"Caninos Labrador 7 (Base 2.1) 
caninos,k7

cat: /proc/device-tree/serial-number: No such file or directory

",Caninos Labrador 7 (Base 2.1),aarch64,4,"Linux lab2 6.1.76 #1 SMP Fri Feb 28 17:06:14 UTC 2025 aarch64 GNU/Linux
Architecture:                       aarch64
CPU op-mode(s):                     32-bit, 64-bit
Byte Order:                         Little Endian
CPU(s):                             4
On-line CPU(s) list:                0-3
Vendor ID:                          ARM
Model name:                         Cortex-A53
Model:                              4
Thread(s) per core:                 1
Core(s) per cluster:                4
Socket(s):                          -
Cluster(s):                         1
Stepping:                           r0p4
BogoMIPS:                           48.00
Flags:                              fp asimd evtstrm crc32 cpuid
Vulnerability Gather data sampling: Not affected
Vulnerability Itlb multihit:        Not affected
Vulnerability L1tf:                 Not affected
Vulnerability Mds:                  Not affected
Vulnerability Meltdown:             Not affected
Vulnerability Mmio stale data:      Not affected
Vulnerability Retbleed:             Not affected
Vulnerability Spec rstack overflow: Not affected
Vulnerability Spec store bypass:    Not affected
Vulnerability Spectre v1:           Mitigation; __user pointer sanitization
Vulnerability Spectre v2:           Not affected
Vulnerability Srbds:                Not affected
Vulnerability Tsx async abort:      Not affected
processor	: 0
BogoMIPS	: 48.00
Features	: fp asimd evtstrm crc32 cpuid
processor	: 1
BogoMIPS	: 48.00
Features	: fp asimd evtstrm crc32 cpuid
processor	: 2
BogoMIPS	: 48.00
Features	: fp asimd evtstrm crc32 cpuid
processor	: 3
BogoMIPS	: 48.00
Features	: fp asimd evtstrm crc32 cpuid
","PRETTY_NAME=""Debian GNU/Linux 12 (bookworm)""
NAME=""Debian GNU/Linux""
VERSION_ID=""12""
VERSION=""12 (bookworm)""
VERSION_CODENAME=bookworm
ID=debian
HOME_URL=""https://www.debian.org/""
SUPPORT_URL=""https://www.debian.org/support""
BUG_REPORT_URL=""https://bugs.debian.org/""
6.1.76
2026-09-26 12:09:56
 12:17:23 up 5 days, 7 min,  0 user,  load average: 0.10, 0.19, 0.18
2026-10-01T15:17:23Z
","               total        used        free      shared  buff/cache   available
Mem:      2034073600   370589696    59486208     3354624  1687928832  1663483904
Swap:              0           0           0
bash: line 9: swapon: command not found
MemTotal:        1986400 kB
MemFree:           58092 kB
MemAvailable:    1624496 kB
Buffers:           64156 kB
Cached:          1550736 kB
SwapCached:            0 kB
Active:           784688 kB
Inactive:         996392 kB
Active(anon):       2840 kB
Inactive(anon):   166624 kB
Active(file):     781848 kB
Inactive(file):   829768 kB
Unevictable:           0 kB
Mlocked:               0 kB
SwapTotal:             0 kB
SwapFree:              0 kB
Zswap:                 0 kB
Zswapped:              0 kB
Dirty:               848 kB
Writeback:             0 kB
AnonPages:        164208 kB
Mapped:          1344580 kB
Shmem:              3276 kB
KReclaimable:      33476 kB
Slab:              78384 kB
SReclaimable:      33476 kB
SUnreclaim:        44908 kB
KernelStack:        3312 kB
PageTables:         5048 kB
SecPageTables:         0 kB
","ALIGNMENT DISC-ALN DAX DISC-GRAN DISC-MAX DISC-ZERO FSAVAIL FSROOTS FSSIZE FSTYPE FSUSED FSUSE% FSVER GROUP HCTL HOTPLUG KNAME     LABEL LOG-SEC MAJ:MIN MIN-IO MODE       MODEL NAME        OPT-IO OWNER PARTFLAGS PARTLABEL PARTTYPE PARTTYPENAME PARTUUID                             PATH           PHY-SEC PKNAME  PTTYPE PTUUID                                RA RAND  REV RM RO ROTA RQ-SIZE SCHED       SERIAL      SIZE START STATE SUBSYSTEMS                  MOUNTPOINT MOUNTPOINTS TRAN TYPE UUID                                 VENDOR WSAME WWN ZONED ZONE-SZ ZONE-WGRAN ZONE-APP ZONE-NR ZONE-OMAX ZONE-AMAX
        0        0   0        0B       0B         0                                                   disk             0 nbd0                512  43:0      512 brw-rw----       nbd0             0 root                                                                                 /dev/nbd0          512                                                     128    0       0  0    0     256 mq-deadline               0B             block                                                   disk                                                0B     none       0B         0B       0B       0         0         0
        0        0   0        0B       0B         0                                                   disk             0 nbd1                512  43:32     512 brw-rw----       nbd1             0 root                                                                                 /dev/nbd1          512                                                     128    0       0  0    0     256 mq-deadline               0B             block                                                   disk                                                0B     none       0B         0B       0B       0         0         0
        0        0   0        0B       0B         0                                                   disk             0 nbd2                512  43:64     512 brw-rw----       nbd2             0 root                                                                                 /dev/nbd2          512                                                     128    0       0  0    0     256 mq-deadline               0B             block                                                   disk                                                0B     none       0B         0B       0B       0         0         0
        0        0   0        0B       0B         0                                                   disk             0 nbd3                512  43:96     512 brw-rw----       nbd3             0 root                                                                                 /dev/nbd3          512                                                     128    0       0  0    0     256 mq-deadline               0B             block                                                   disk                                                0B     none       0B         0B       0B       0         0         0
        0        0   0        0B       0B         0                                                   disk             0 nbd4                512  43:128    512 brw-rw----       nbd4             0 root                                                                                 /dev/nbd4          512                                                     128    0       0  0    0     256 mq-deadline               0B             block                                                   disk                                                0B     none       0B         0B       0B       0         0         0
        0        0   0        0B       0B         0                                                   disk             0 nbd5                512  43:160    512 brw-rw----       nbd5             0 root                                                                                 /dev/nbd5          512                                                     128    0       0  0    0     256 mq-deadline               0B             block                                                   disk                                                0B     none       0B         0B       0B       0         0         0
        0        0   0        0B       0B         0                                                   disk             0 nbd6                512  43:192    512 brw-rw----       nbd6             0 root                                                                                 /dev/nbd6          512                                                     128    0       0  0    0     256 mq-deadline               0B             block                                                   disk                                                0B     none       0B         0B       0B       0         0         0
        0        0   0        0B       0B         0                                                   disk             0 nbd7                512  43:224    512 brw-rw----       nbd7             0 root                                                                                 /dev/nbd7          512                                                     128    0       0  0    0     256 mq-deadline               0B             block                                                   disk                                                0B     none       0B         0B       0B       0         0         0
        0        0   0        4M    49.5M         0                                                   disk             1 mmcblk2             512 179:0      512 brw-rw----       mmcblk2          0 root                                                                                 /dev/mmcblk2       512         dos    66ed5147                             128    0  0x8  0  0    0     128 mq-deadline 0xcb1801b4 14.6G             block:mmc:mmc_host:platform                             disk                                                0B     none       0B         0B       0B       0         0         0
        0  3145728   0        4M    49.5M         0    3.3G /        14.2G ext4    10.2G    72% 1.0   disk             1 mmcblk2p1           512 179:1      512 brw-rw----       └─mmcblk2p1      0 root  0x80                0x83     Linux        66ed5147-01                          /dev/mmcblk2p1     512 mmcblk2 dos    66ed5147                             128    0       0  0    0     128 mq-deadline            14.6G  2048       block:mmc:mmc_host:platform /          /                part fe5c8085-ebe3-4980-aee8-a90e01cfb69b           0B     none       0B         0B       0B       0         0         0
        0        0   0        0B       0B         0                                                   disk             0 nullb0              512 253:0      512 brw-rw----       nullb0           0 root                                                                                 /dev/nullb0        512                                                     128    0       0  0    0      64 none                    250G             block                                                   disk                                                0B     none       0B         0B       0B       0         0         0
        0        0   0        0B       0B         0                                                   disk             0 nbd8                512  43:256    512 brw-rw----       nbd8             0 root                                                                                 /dev/nbd8          512                                                     128    0       0  0    0     256 mq-deadline               0B             block                                                   disk                                                0B     none       0B         0B       0B       0         0         0
        0        0   0        0B       0B         0                                                   disk             0 nbd9                512  43:288    512 brw-rw----       nbd9             0 root                                                                                 /dev/nbd9          512                                                     128    0       0  0    0     256 mq-deadline               0B             block                                                   disk                                                0B     none       0B         0B       0B       0         0         0
        0        0   0        0B       0B         0                                                   disk             0 nbd10               512  43:320    512 brw-rw----       nbd10            0 root                                                                                 /dev/nbd10         512                                                     128    0       0  0    0     256 mq-deadline               0B             block                                                   disk                                                0B     none       0B         0B       0B       0         0         0
        0        0   0        0B       0B         0                                                   disk             0 nbd11               512  43:352    512 brw-rw----       nbd11            0 root                                                                                 /dev/nbd11         512                                                     128    0       0  0    0     256 mq-deadline               0B             block                                                   disk                                                0B     none       0B         0B       0B       0         0         0
        0        0   0        0B       0B         0                                                   disk             0 nbd12               512  43:384    512 brw-rw----       nbd12            0 root                                                                                 /dev/nbd12         512                                                     128    0       0  0    0     256 mq-deadline               0B             block                                                   disk                                                0B     none       0B         0B       0B       0         0         0
        0        0   0        0B       0B         0                                                   disk             0 nbd13               512  43:416    512 brw-rw----       nbd13            0 root                                                                                 /dev/nbd13         512                                                     128    0       0  0    0     256 mq-deadline               0B             block                                                   disk                                                0B     none       0B         0B       0B       0         0         0
        0        0   0        0B       0B         0                                                   disk             0 nbd14               512  43:448    512 brw-rw----       nbd14            0 root                                                                                 /dev/nbd14         512                                                     128    0       0  0    0     256 mq-deadline               0B             block                                                   disk                                                0B     none       0B         0B       0B       0         0         0
        0        0   0        0B       0B         0                                                   disk             0 nbd15               512  43:480    512 brw-rw----       nbd15            0 root                                                                                 /dev/nbd15         512                                                     128    0       0  0    0     256 mq-deadline               0B             block                                                   disk                                                0B     none       0B         0B       0B       0         0         0
Filesystem     Type      Size  Used Avail Use% Mounted on
/dev/root      ext4       15G   11G  3.3G  76% /
devtmpfs       devtmpfs  712M     0  712M   0% /dev
tmpfs          tmpfs     970M     0  970M   0% /dev/shm
tmpfs          tmpfs     388M  2.9M  386M   1% /run
tmpfs          tmpfs     5.0M     0  5.0M   0% /run/lock
tmpfs          tmpfs     194M     0  194M   0% /run/user/1000
","[{""ifindex"":1,""ifname"":""lo"",""flags"":[""LOOPBACK"",""UP"",""LOWER_UP""],""mtu"":65536,""qdisc"":""noqueue"",""operstate"":""UNKNOWN"",""group"":""default"",""txqlen"":1000,""link_type"":""loopback"",""address"":""00:00:00:00:00:00"",""broadcast"":""00:00:00:00:00:00"",""addr_info"":[{""family"":""inet"",""local"":""127.0.0.1"",""prefixlen"":8,""scope"":""host"",""label"":""lo"",""valid_life_time"":4294967295,""preferred_life_time"":4294967295},{""family"":""inet6"",""local"":""::1"",""prefixlen"":128,""scope"":""host"",""noprefixroute"":true,""valid_life_time"":4294967295,""preferred_life_time"":4294967295}]},{""ifindex"":2,""link"":null,""ifname"":""tunl0"",""flags"":[""NOARP""],""mtu"":1480,""qdisc"":""noop"",""operstate"":""DOWN"",""group"":""default"",""txqlen"":1000,""link_type"":""ipip"",""address"":""0.0.0.0"",""broadcast"":""0.0.0.0"",""addr_info"":[]},{""ifindex"":3,""link"":null,""ifname"":""ip6tnl0"",""flags"":[""NOARP""],""mtu"":1452,""qdisc"":""noop"",""operstate"":""DOWN"",""group"":""default"",""txqlen"":1000,""link_type"":""tunnel6"",""address"":""::"",""broadcast"":""::"",""permaddr"":""8649:64df:4101::"",""addr_info"":[]},{""ifindex"":4,""ifname"":""wlan0"",""flags"":[""NO-CARRIER"",""BROADCAST"",""MULTICAST"",""UP""],""mtu"":1500,""qdisc"":""mq"",""operstate"":""DOWN"",""group"":""default"",""txqlen"":1000,""link_type"":""ether"",""address"":""14:6b:9c:7c:06:0e"",""broadcast"":""ff:ff:ff:ff:ff:ff"",""addr_info"":[]},{""ifindex"":5,""ifname"":""end0"",""flags"":[""BROADCAST"",""MULTICAST"",""UP"",""LOWER_UP""],""mtu"":1500,""qdisc"":""mq"",""operstate"":""UP"",""group"":""default"",""txqlen"":1000,""link_type"":""ether"",""address"":""ea:0e:48:7f:0c:1b"",""broadcast"":""ff:ff:ff:ff:ff:ff"",""addr_info"":[{""family"":""inet"",""local"":""192.168.50.89"",""prefixlen"":24,""broadcast"":""192.168.50.255"",""scope"":""global"",""dynamic"":true,""noprefixroute"":true,""label"":""end0"",""valid_life_time"":6632,""preferred_life_time"":6632},{""family"":""inet6"",""local"":""fe80::95b9:e052:b2f3:3b5a"",""prefixlen"":64,""scope"":""link"",""noprefixroute"":true,""valid_life_time"":4294967295,""preferred_life_time"":4294967295}]}]
[{""ifindex"":1,""ifname"":""lo"",""flags"":[""LOOPBACK"",""UP"",""LOWER_UP""],""mtu"":65536,""qdisc"":""noqueue"",""operstate"":""UNKNOWN"",""linkmode"":""DEFAULT"",""group"":""default"",""txqlen"":1000,""link_type"":""loopback"",""address"":""00:00:00:00:00:00"",""broadcast"":""00:00:00:00:00:00""},{""ifindex"":2,""link"":null,""ifname"":""tunl0"",""flags"":[""NOARP""],""mtu"":1480,""qdisc"":""noop"",""operstate"":""DOWN"",""linkmode"":""DEFAULT"",""group"":""default"",""txqlen"":1000,""link_type"":""ipip"",""address"":""0.0.0.0"",""broadcast"":""0.0.0.0""},{""ifindex"":3,""link"":null,""ifname"":""ip6tnl0"",""flags"":[""NOARP""],""mtu"":1452,""qdisc"":""noop"",""operstate"":""DOWN"",""linkmode"":""DEFAULT"",""group"":""default"",""txqlen"":1000,""link_type"":""tunnel6"",""address"":""::"",""broadcast"":""::"",""permaddr"":""8649:64df:4101::""},{""ifindex"":4,""ifname"":""wlan0"",""flags"":[""NO-CARRIER"",""BROADCAST"",""MULTICAST"",""UP""],""mtu"":1500,""qdisc"":""mq"",""operstate"":""DOWN"",""linkmode"":""DORMANT"",""group"":""default"",""txqlen"":1000,""link_type"":""ether"",""address"":""14:6b:9c:7c:06:0e"",""broadcast"":""ff:ff:ff:ff:ff:ff""},{""ifindex"":5,""ifname"":""end0"",""flags"":[""BROADCAST"",""MULTICAST"",""UP"",""LOWER_UP""],""mtu"":1500,""qdisc"":""mq"",""operstate"":""UP"",""linkmode"":""DEFAULT"",""group"":""default"",""txqlen"":1000,""link_type"":""ether"",""address"":""ea:0e:48:7f:0c:1b"",""broadcast"":""ff:ff:ff:ff:ff:ff""}]
[{""dst"":""default"",""gateway"":""192.168.50.1"",""dev"":""end0"",""protocol"":""dhcp"",""prefsrc"":""192.168.50.89"",""metric"":100,""flags"":[]},{""dst"":""192.168.50.0/24"",""dev"":""end0"",""protocol"":""kernel"",""scope"":""link"",""prefsrc"":""192.168.50.89"",""metric"":100,""flags"":[]}]
/sys/class/net/end0/address=ea:0e:48:7f:0c:1b
/sys/class/net/ip6tnl0/address=00:00:00:00:00:00:00:00:00:00:00:00:00:00:00:00
/sys/class/net/lo/address=00:00:00:00:00:00
/sys/class/net/tunl0/address=00:00:00:00
/sys/class/net/wlan0/address=14:6b:9c:7c:06:0e
","IF=end0
bash: line 13: ethtool: command not found
5: end0: <BROADCAST,MULTICAST,UP,LOWER_UP> mtu 1500 qdisc mq state UP mode DEFAULT group default qlen 1000
    link/ether ea:0e:48:7f:0c:1b brd ff:ff:ff:ff:ff:ff
    RX:  bytes packets errors dropped  missed   mcast           
      13871694   76510      0       0       0       0 
    TX:  bytes packets errors dropped carrier collsns           
      17454516  120438      0       0       0       0 
IF=ip6tnl0
bash: line 13: ethtool: command not found
3: ip6tnl0@NONE: <NOARP> mtu 1452 qdisc noop state DOWN mode DEFAULT group default qlen 1000
    link/tunnel6 :: brd :: permaddr 8649:64df:4101::
    RX:  bytes packets errors dropped  missed   mcast           
             0       0      0       0       0       0 
    TX:  bytes packets errors dropped carrier collsns           
             0       0      0       0       0       0 
IF=lo
bash: line 13: ethtool: command not found
1: lo: <LOOPBACK,UP,LOWER_UP> mtu 65536 qdisc noqueue state UNKNOWN mode DEFAULT group default qlen 1000
    link/loopback 00:00:00:00:00:00 brd 00:00:00:00:00:00
    RX:  bytes packets errors dropped  missed   mcast           
      71185644  878326      0       0       0       0 
    TX:  bytes packets errors dropped carrier collsns           
      71185644  878326      0       0       0       0 
IF=tunl0
bash: line 13: ethtool: command not found
2: tunl0@NONE: <NOARP> mtu 1480 qdisc noop state DOWN mode DEFAULT group default qlen 1000
    link/ipip 0.0.0.0 brd 0.0.0.0
    RX:  bytes packets errors dropped  missed   mcast           
             0       0      0       0       0       0 
    TX:  bytes packets errors dropped carrier collsns           
             0       0      0       0       0       0 
IF=wlan0
bash: line 13: ethtool: command not found
4: wlan0: <NO-CARRIER,BROADCAST,MULTICAST,UP> mtu 1500 qdisc mq state DOWN mode DORMANT group default qlen 1000
    link/ether 14:6b:9c:7c:06:0e brd ff:ff:ff:ff:ff:ff
    RX:  bytes packets errors dropped  missed   mcast           
             0       0      0       0       0       0 
    TX:  bytes packets errors dropped carrier collsns           
             0       0      0       0       0       0 
","0.10 0.19 0.18 1/202 732345
    PID COMMAND         %CPU %MEM     ELAPSED COMMAND
 732346 ps               150  0.1       00:00 ps -eo pid,comm,pcpu,pmem,etime,args --sort=-pcpu
 732262 systemd         50.6  0.5       00:03 /lib/systemd/systemd --user
 732291 systemd-hostnam 27.0  0.2       00:00 /lib/systemd/systemd-hostnamed
 732283 bash             6.2  0.1       00:01 bash -s
 732259 sshd             2.8  0.4       00:03 sshd: caninos [priv]
 732282 sshd             1.6  0.3       00:01 sshd: caninos@notty
    435 NetworkManager   0.4  1.1  5-00:07:17 /usr/sbin/NetworkManager --no-daemon
 708988 kworker/0:1-eve  0.4  0.0    03:20:03 [kworker/0:1-events]
 699448 kworker/0:0-mm_  0.3  0.0    04:54:40 [kworker/0:0-mm_percpu_wq]
 707328 kworker/0:4-eve  0.2  0.0    03:36:37 [kworker/0:4-events]
    574 RTW_CMD_THREAD   0.1  0.0  5-00:07:13 [RTW_CMD_THREAD]
    638 verifica_rede_l  0.0  0.1  5-00:07:07 /bin/bash /usr/local/bin/verifica_rede_led.sh
    245 systemd-journal  0.0  4.2  5-00:07:21 /lib/systemd/systemd-journald
    418 dbus-daemon      0.0  0.2  5-00:07:18 /usr/bin/dbus-daemon --system --address=systemd: --nofork --nopidfile --systemd-activation --syslog-only
    579 wpa_supplicant   0.0  0.5  5-00:07:13 /sbin/wpa_supplicant -u -s -O DIR=/run/wpa_supplicant GROUP=netdev
    287 systemd-timesyn  0.0  0.3  5-00:07:20 /lib/systemd/systemd-timesyncd
    368 ksdioirqd/mmc1   0.0  0.0  5-00:07:18 [ksdioirqd/mmc1]
    421 rsyslogd         0.0  0.2  5-00:07:18 /usr/sbin/rsyslogd -n -iNONE
 731950 kworker/2:1-eve  0.0  0.0       02:38 [kworker/2:1-events]
      1 systemd          0.0  0.6  5-00:07:27 /sbin/init
 731270 kworker/3:1-mm_  0.0  0.0       07:05 [kworker/3:1-mm_percpu_wq]
 732075 kworker/3:0-eve  0.0  0.0       01:34 [kworker/3:0-events_power_efficient]
 730551 kworker/2:0-eve  0.0  0.0       12:50 [kworker/2:0-events_power_efficient]
 709346 kworker/1:1-cgr  0.0  0.0    03:16:26 [kworker/1:1-cgroup_destroy]
  UNIT                       LOAD   ACTIVE SUB     DESCRIPTION
  apache2.service            loaded active running The Apache HTTP Server
  cron.service               loaded active running Regular background program processing daemon
  dbus.service               loaded active running D-Bus System Message Bus
  getty@tty1.service         loaded active running Getty on tty1
  led-udp.service            loaded active running LED UDP Control Service
  llama-server.service       loaded active running Servidor llama.cpp com Qwen2.5 1.5B
  ModemManager.service       loaded active running Modem Manager
  NetworkManager.service     loaded active running Network Manager
  polkit.service             loaded active running Authorization Manager
  rsyslog.service            loaded active running System Logging Service
  serial-getty@ttyS3.service loaded active running Serial Getty on ttyS3
  ssh.service                loaded active running OpenBSD Secure Shell server
  systemd-hostnamed.service  loaded active running Hostname Service
  systemd-journald.service   loaded active running Journal Service
  systemd-logind.service     loaded active running User Login Management
  systemd-timesyncd.service  loaded active running Network Time Synchronization
  systemd-udevd.service      loaded active running Rule-based Manager for Device Events and Files
  user@1000.service          loaded active running User Manager for UID 1000
  verifica-rede-led.service  loaded active running Verifica rede end0 e controla LEDs da Labrador
  wpa_supplicant.service     loaded active running WPA supplicant

LOAD   = Reflects whether the unit definition was properly loaded.
ACTIVE = The high-level unit activation state, i.e. generalization of SUB.
SUB    = The low-level unit activation state, values depend on unit type.
20 loaded units listed.
","/sys/class/thermal/thermal_zone0/type=cpu-temp
/sys/class/thermal/thermal_zone1/type=gpu-temp
/sys/class/thermal/thermal_zone2/type=corelogic-temp
/sys/class/thermal/thermal_zone0/temp=4440
/sys/class/thermal/thermal_zone1/temp=101222
/sys/class/thermal/thermal_zone2/temp=110424
/sys/class/hwmon/hwmon0/name=cpu_temp
/sys/class/hwmon/hwmon1/name=gpu_temp
/sys/class/hwmon/hwmon2/name=corelogic_temp
/sys/class/hwmon/hwmon0/temp1_input=4440
/sys/class/hwmon/hwmon1/temp1_input=101222
/sys/class/hwmon/hwmon2/temp1_input=110424
","CMD=gcc PATH=/usr/bin/gcc
gcc (Debian 12.2.0-14+deb12u1) 12.2.0
Copyright (C) 2022 Free Software Foundation, Inc.
CMD=g++ PATH=/usr/bin/g++
g++ (Debian 12.2.0-14+deb12u1) 12.2.0
Copyright (C) 2022 Free Software Foundation, Inc.
CMD=clang PATH=bash: line 14: clang: command not found
CMD=make PATH=/usr/bin/make
GNU Make 4.3
Built for aarch64-unknown-linux-gnu
CMD=cmake PATH=/usr/bin/cmake
cmake version 3.25.1

CMD=python3 PATH=/usr/bin/python3
Python 3.11.2
CMD=python PATH=bash: line 14: python: command not found
CMD=git PATH=/usr/bin/git
git version 2.39.5
CMD=pip3 PATH=bash: line 14: pip3: command not found
CMD=llama-cli PATH=bash: line 14: llama-cli: command not found
CMD=llama-server PATH=bash: line 14: llama-server: command not found
CMD=ollama PATH=bash: line 14: ollama: command not found
CMD=vllm PATH=bash: line 14: vllm: command not found
CMD=torchrun PATH=bash: line 14: torchrun: command not found
CMD=mpirun PATH=/usr/bin/mpirun
mpirun (Open MPI) 4.1.4

CMD=iperf3 PATH=/usr/bin/iperf3
iperf 3.12 (cJSON 1.7.15)
Linux lab2 6.1.76 #1 SMP Fri Feb 28 17:06:14 UTC 2025 aarch64
/home/caninos/llama-offline/llama.cpp/convert_llama_ggml_to_gguf.py 19112
/home/caninos/llama-offline/confs/llama-server.service 502
/home/caninos/llama-labador_arm64.tar.gz 181676699
",,"[Thu Oct  1 09:03:49 2026] caninos-dwmac e0220000.ethernet end0: Link is Up - 100Mbps/Full - flow control off
[Thu Oct  1 09:03:50 2026] caninos-dwmac e0220000.ethernet end0: Link is Down
[Thu Oct  1 09:03:53 2026] caninos-dwmac e0220000.ethernet end0: Link is Up - 100Mbps/Full - flow control off
[Thu Oct  1 09:04:35 2026] caninos-dwmac e0220000.ethernet end0: Link is Down
[Thu Oct  1 09:04:37 2026] caninos-dwmac e0220000.ethernet end0: Link is Up - 100Mbps/Full - flow control off
[Thu Oct  1 09:04:38 2026] caninos-dwmac e0220000.ethernet end0: Link is Down
[Thu Oct  1 09:04:41 2026] caninos-dwmac e0220000.ethernet end0: Link is Up - 100Mbps/Full - flow control off
[Thu Oct  1 09:05:23 2026] caninos-dwmac e0220000.ethernet end0: Link is Down
[Thu Oct  1 09:05:25 2026] caninos-dwmac e0220000.ethernet end0: Link is Up - 100Mbps/Full - flow control off
[Thu Oct  1 09:05:26 2026] caninos-dwmac e0220000.ethernet end0: Link is Down
[Thu Oct  1 09:05:29 2026] caninos-dwmac e0220000.ethernet end0: Link is Up - 100Mbps/Full - flow control off
[Thu Oct  1 09:06:11 2026] caninos-dwmac e0220000.ethernet end0: Link is Down
[Thu Oct  1 09:06:15 2026] caninos-dwmac e0220000.ethernet end0: Link is Up - 100Mbps/Full - flow control off
[Thu Oct  1 09:06:15 2026] caninos-dwmac e0220000.ethernet end0: Link is Down
[Thu Oct  1 09:06:18 2026] caninos-dwmac e0220000.ethernet end0: Link is Up - 100Mbps/Full - flow control off
[Thu Oct  1 09:07:00 2026] caninos-dwmac e0220000.ethernet end0: Link is Down
[Thu Oct  1 09:07:02 2026] caninos-dwmac e0220000.ethernet end0: Link is Up - 100Mbps/Full - flow control off
[Thu Oct  1 09:07:02 2026] caninos-dwmac e0220000.ethernet end0: Link is Down
[Thu Oct  1 09:07:05 2026] caninos-dwmac e0220000.ethernet end0: Link is Up - 100Mbps/Full - flow control off
[Thu Oct  1 09:07:48 2026] caninos-dwmac e0220000.ethernet end0: Link is Down
[Thu Oct  1 09:07:50 2026] caninos-dwmac e0220000.ethernet end0: Link is Up - 100Mbps/Full - flow control off
[Thu Oct  1 09:07:50 2026] caninos-dwmac e0220000.ethernet end0: Link is Down
[Thu Oct  1 09:07:54 2026] caninos-dwmac e0220000.ethernet end0: Link is Up - 100Mbps/Full - flow control off
[Thu Oct  1 09:08:36 2026] caninos-dwmac e0220000.ethernet end0: Link is Down
[Thu Oct  1 09:08:39 2026] caninos-dwmac e0220000.ethernet end0: Link is Up - 100Mbps/Full - flow control off
[Thu Oct  1 09:08:40 2026] caninos-dwmac e0220000.ethernet end0: Link is Down
[Thu Oct  1 09:08:43 2026] caninos-dwmac e0220000.ethernet end0: Link is Up - 100Mbps/Full - flow control off
[Thu Oct  1 09:09:08 2026] caninos-dwmac e0220000.ethernet end0: Link is Down
[Thu Oct  1 09:09:24 2026] caninos-dwmac e0220000.ethernet end0: Link is Up - 100Mbps/Full - flow control off
[Thu Oct  1 09:09:24 2026] caninos-dwmac e0220000.ethernet end0: Link is Down
[Thu Oct  1 09:09:28 2026] caninos-dwmac e0220000.ethernet end0: Link is Up - 100Mbps/Full - flow control off
[Thu Oct  1 09:10:09 2026] caninos-dwmac e0220000.ethernet end0: Link is Down
[Thu Oct  1 09:10:11 2026] caninos-dwmac e0220000.ethernet end0: Link is Up - 100Mbps/Full - flow control off
[Thu Oct  1 09:10:12 2026] caninos-dwmac e0220000.ethernet end0: Link is Down
[Thu Oct  1 09:10:15 2026] caninos-dwmac e0220000.ethernet end0: Link is Up - 100Mbps/Full - flow control off
[Thu Oct  1 09:10:57 2026] caninos-dwmac e0220000.ethernet end0: Link is Down
[Thu Oct  1 09:11:01 2026] caninos-dwmac e0220000.ethernet end0: Link is Up - 100Mbps/Full - flow control off
[Thu Oct  1 09:11:01 2026] caninos-dwmac e0220000.ethernet end0: Link is Down
[Thu Oct  1 09:11:04 2026] caninos-dwmac e0220000.ethernet end0: Link is Up - 100Mbps/Full - flow control off
[Thu Oct  1 09:11:46 2026] caninos-dwmac e0220000.ethernet end0: Link is Down
[Thu Oct  1 09:11:48 2026] caninos-dwmac e0220000.ethernet end0: Link is Up - 100Mbps/Full - flow control off
[Thu Oct  1 09:11:48 2026] caninos-dwmac e0220000.ethernet end0: Link is Down
[Thu Oct  1 09:11:51 2026] caninos-dwmac e0220000.ethernet end0: Link is Up - 100Mbps/Full - flow control off
[Thu Oct  1 09:12:34 2026] caninos-dwmac e0220000.ethernet end0: Link is Down
[Thu Oct  1 09:12:36 2026] caninos-dwmac e0220000.ethernet end0: Link is Up - 100Mbps/Full - flow control off
[Thu Oct  1 09:12:36 2026] caninos-dwmac e0220000.ethernet end0: Link is Down
[Thu Oct  1 09:12:40 2026] caninos-dwmac e0220000.ethernet end0: Link is Up - 100Mbps/Full - flow control off
[Thu Oct  1 09:13:22 2026] caninos-dwmac e0220000.ethernet end0: Link is Down
[Thu Oct  1 09:13:24 2026] caninos-dwmac e0220000.ethernet end0: Link is Up - 100Mbps/Full - flow control off
[Thu Oct  1 09:13:24 2026] caninos-dwmac e0220000.ethernet end0: Link is Down
[Thu Oct  1 09:13:28 2026] caninos-dwmac e0220000.ethernet end0: Link is Up - 100Mbps/Full - flow control off
[Thu Oct  1 09:14:10 2026] caninos-dwmac e0220000.ethernet end0: Link is Down
[Thu Oct  1 09:14:12 2026] caninos-dwmac e0220000.ethernet end0: Link is Up - 100Mbps/Full - flow control off
[Thu Oct  1 09:14:12 2026] caninos-dwmac e0220000.ethernet end0: Link is Down
[Thu Oct  1 09:14:16 2026] caninos-dwmac e0220000.ethernet end0: Link is Up - 100Mbps/Full - flow control off
[Thu Oct  1 09:14:58 2026] caninos-dwmac e0220000.ethernet end0: Link is Down
[Thu Oct  1 09:15:01 2026] caninos-dwmac e0220000.ethernet end0: Link is Up - 100Mbps/Full - flow control off
[Thu Oct  1 09:15:02 2026] caninos-dwmac e0220000.ethernet end0: Link is Down
[Thu Oct  1 09:15:04 2026] caninos-dwmac e0220000.ethernet end0: Link is Up - 100Mbps/Full - flow control off
[Thu Oct  1 09:15:47 2026] caninos-dwmac e0220000.ethernet end0: Link is Down
[Thu Oct  1 09:15:49 2026] caninos-dwmac e0220000.ethernet end0: Link is Up - 100Mbps/Full - flow control off
[Thu Oct  1 09:15:50 2026] caninos-dwmac e0220000.ethernet end0: Link is Down
[Thu Oct  1 09:15:53 2026] caninos-dwmac e0220000.ethernet end0: Link is Up - 100Mbps/Full - flow control off
[Thu Oct  1 09:16:35 2026] caninos-dwmac e0220000.ethernet end0: Link is Down
[Thu Oct  1 09:16:37 2026] caninos-dwmac e0220000.ethernet end0: Link is Up - 100Mbps/Full - flow control off
[Thu Oct  1 09:16:38 2026] caninos-dwmac e0220000.ethernet end0: Link is Down
[Thu Oct  1 09:16:41 2026] caninos-dwmac e0220000.ethernet end0: Link is Up - 100Mbps/Full - flow control off
",,,data/runs/20261001T151649Z/hosts/192.168.50.89/raw.txt,
